employee_hash,week_start_date,department,designation,employment_type,tenure_months,team_size,avg_daily_work_hours,overtime_hours,late_entry_count,early_exit_count,missing_checkout_count,weekend_work_days,holiday_work_days,consecutive_work_days,night_shift_count,shift_change_count,leave_days_taken,unused_leave_balance,unplanned_leave_count,leave_cancellation_count,timesheet_hours,timesheet_correction_count,workload_change_percent,github_commit_count,after_hours_commit_count,weekend_commit_count,pull_request_count,review_count,review_response_hours,issue_count,issue_resolution_hours,appraisal_rating,goal_completion_percent,grievance_count,grievance_resolution_days,travel_days,payroll_issue_count,burnout_score,burnout_risk,schema_version,data_completeness,source_timestamp,label_source
synth_emp_0000,2026-01-05,Engineering,Junior,Contractor,15.4,5,8.7,1.3,1,3,0,1,0,6,0,0,0.0,10.0,1,0,36.8,0,6.5,27,0,0,5,7,24.5,3,7.6,2.3,90.8,0,0.0,2,0,0.308,Low,1.0,0.9545454545454546,,synthetic
synth_emp_0000,2026-01-12,Engineering,Junior,Contractor,15.4,5,8.9,14.6,0,1,1,0,0,5,0,0,0.0,17.0,1,0,39.1,1,4.9,24,0,1,5,11,27.9,6,48.6,4.1,81.0,0,0.0,0,0,0.711,High,1.0,0.9545454545454546,,synthetic
synth_emp_0000,2026-01-19,Engineering,Junior,Contractor,15.4,5,6.7,2.5,0,1,0,1,0,7,0,0,1.0,7.0,0,0,48.3,2,26.3,24,2,4,5,7,33.0,6,47.5,3.2,94.9,0,0.0,3,0,0.503,Medium,1.0,0.9545454545454546,,synthetic
synth_emp_0000,2026-01-26,Engineering,Junior,Contractor,15.4,5,6.6,8.1,1,3,0,0,0,4,0,0,0.0,10.0,1,0,41.9,1,11.4,47,10,8,7,12,17.7,16,18.9,3.7,96.5,0,0.0,0,0,0.899,High,1.0,0.9545454545454546,,synthetic
synth_emp_0000,2026-02-02,Engineering,Junior,Contractor,15.4,5,8.1,9.6,2,1,0,2,0,6,0,0,2.0,11.0,0,0,37.5,0,16.2,7,0,0,8,0,,0,43.5,3.5,46.7,0,0.0,2,0,0.586,Medium,1.0,0.9318181818181818,,synthetic
synth_emp_0000,2026-02-09,Engineering,Junior,Contractor,15.4,5,9.3,0.9,1,1,1,2,0,5,0,0,1.0,18.0,0,0,48.6,2,20.7,36,13,0,4,15,39.3,12,71.7,3.9,66.3,0,0.0,3,0,0.743,High,1.0,0.9545454545454546,,synthetic
synth_emp_0000,2026-02-16,Engineering,Junior,Contractor,15.4,5,6.9,8.8,2,0,0,1,0,7,0,0,0.0,9.0,1,0,34.9,1,24.2,14,3,0,3,1,11.4,3,7.9,3.3,65.4,0,0.0,3,0,0.572,Medium,1.0,0.9545454545454546,,synthetic
synth_emp_0000,2026-02-23,Engineering,Junior,Contractor,15.4,5,6.2,9.7,3,1,1,0,0,6,0,0,1.0,12.0,0,0,38.9,2,2.9,3,0,0,10,3,12.3,17,60.4,4.9,95.6,0,0.0,1,0,0.357,Low,1.0,0.9545454545454546,,synthetic
synth_emp_0000,2026-03-02,Engineering,Junior,Contractor,15.4,5,7.9,6.0,3,2,1,2,0,7,0,0,0.0,11.0,1,0,34.4,0,17.4,3,0,0,8,12,13.1,1,54.1,2.2,75.1,0,0.0,1,0,0.535,Medium,1.0,0.9545454545454546,,synthetic
synth_emp_0000,2026-03-09,Engineering,Junior,Contractor,15.4,5,,12.8,1,0,0,1,0,6,0,0,1.0,11.0,1,0,34.8,1,3.9,4,0,0,10,7,19.7,9,33.5,4.8,96.1,0,0.0,0,0,0.582,Medium,1.0,0.9318181818181818,,synthetic
synth_emp_0000,2026-03-16,Engineering,Junior,Contractor,15.4,5,10.0,1.1,2,2,0,1,0,6,0,0,2.0,5.0,1,0,48.6,0,28.2,13,2,0,2,11,42.3,8,9.2,2.3,73.2,0,0.0,2,0,0.564,Medium,1.0,0.9545454545454546,,synthetic
synth_emp_0000,2026-03-23,Engineering,Junior,Contractor,15.4,5,6.8,10.3,2,0,0,1,0,5,0,0,2.0,13.0,0,0,44.8,2,21.2,16,3,0,8,1,4.9,0,8.9,4.8,81.5,0,0.0,1,0,0.427,Medium,1.0,0.9545454545454546,,synthetic
synth_emp_0001,2026-01-05,Sales,Junior,Contractor,35.4,5,6.2,14.0,3,1,0,0,0,5,0,0,1.0,5.0,0,0,44.7,1,23.5,2,0,0,6,7,32.2,7,19.9,4.4,46.5,0,0.0,0,0,0.406,Medium,1.0,0.9545454545454546,,synthetic
synth_emp_0001,2026-01-12,Sales,Junior,Contractor,35.4,5,6.9,6.9,2,2,0,1,0,6,0,0,2.0,17.0,1,0,48.8,0,26.3,19,6,3,4,7,1.6,5,42.2,5.0,42.3,0,0.0,3,0,0.658,Medium,1.0,0.9545454545454546,,synthetic
synth_emp_0001,2026-01-19,Sales,Junior,Contractor,35.4,5,9.1,14.8,1,2,1,0,0,6,0,0,2.0,15.0,0,0,44.4,1,15.2,7,1,0,10,8,2.6,13,24.2,4.1,73.3,0,0.0,1,0,0.631,Medium,1.0,0.9545454545454546,,synthetic
synth_emp_0001,2026-01-26,Sales,Junior,Contractor,35.4,5,9.8,13.5,1,3,1,1,0,7,0,0,1.0,11.0,1,0,45.9,2,5.1,39,8,3,1,0,,9,37.6,3.9,60.1,0,0.0,1,0,0.891,High,1.0,0.9318181818181818,,synthetic
synth_emp_0001,2026-02-02,Sales,Junior,Contractor,35.4,5,6.9,0.4,1,3,1,1,0,5,0,0,0.0,5.0,0,0,45.6,0,5.3,15,5,1,8,2,22.1,14,4.6,2.7,90.9,0,0.0,3,0,0.366,Low,1.0,0.9545454545454546,,synthetic
synth_emp_0001,2026-02-09,Sales,Junior,Contractor,35.4,5,7.9,8.4,1,3,1,1,0,5,0,0,2.0,13.0,1,0,42.5,1,13.2,20,7,3,4,13,40.0,7,20.3,3.0,72.4,0,0.0,1,0,0.764,High,1.0,0.9545454545454546,,synthetic
synth_emp_0001,2026-02-16,Sales,Junior,Contractor,35.4,5,7.5,3.2,3,0,1,1,0,4,0,0,1.0,14.0,1,0,47.1,1,16.1,26,4,2,8,13,3.5,19,64.7,3.5,56.4,0,0.0,3,0,0.35,Low,1.0,0.9545454545454546,,synthetic
synth_emp_0001,2026-02-23,Sales,Junior,Contractor,35.4,5,,10.2,3,0,0,2,0,7,0,0,0.0,19.0,0,0,31.0,1,9.8,25,7,4,7,4,47.1,10,25.0,4.6,56.7,0,0.0,3,0,0.76,High,1.0,0.9318181818181818,,synthetic
synth_emp_0001,2026-03-02,Sales,Junior,Contractor,35.4,5,6.3,,0,0,0,0,0,4,0,0,2.0,9.0,0,0,32.5,2,3.4,34,0,6,3,7,31.4,14,50.7,4.3,50.1,0,0.0,0,0,0.484,Medium,1.0,0.9318181818181818,,synthetic
synth_emp_0001,2026-03-09,Sales,Junior,Contractor,35.4,5,6.7,8.7,0,1,0,2,0,6,0,0,2.0,8.0,0,0,36.9,1,19.8,19,4,3,1,12,19.3,16,47.0,2.0,65.2,0,0.0,3,0,0.665,Medium,1.0,0.9545454545454546,,synthetic
synth_emp_0001,2026-03-16,Sales,Junior,Contractor,35.4,5,9.8,12.4,3,3,1,2,0,6,0,0,1.0,12.0,0,0,35.6,1,7.3,45,2,1,7,8,29.8,18,44.3,3.1,41.7,0,0.0,2,0,0.776,High,1.0,0.9545454545454546,,synthetic
synth_emp_0001,2026-03-23,Sales,Junior,Contractor,35.4,5,6.8,5.1,1,0,0,2,0,7,0,0,1.0,12.0,1,0,42.9,1,13.4,38,10,2,0,0,,2,21.9,3.2,54.6,0,0.0,2,0,0.605,Medium,1.0,0.9318181818181818,,synthetic
synth_emp_0002,2026-01-05,Marketing,Manager,Contractor,26.1,11,8.8,3.8,2,2,0,0,0,6,0,0,0.0,16.0,0,0,36.0,2,16.0,7,2,0,4,5,9.6,1,70.2,3.7,81.8,0,0.0,1,0,0.522,Medium,1.0,0.9545454545454546,,synthetic
synth_emp_0002,2026-01-12,Marketing,Manager,Contractor,26.1,11,9.0,0.2,3,0,0,1,0,7,0,0,0.0,6.0,0,0,33.0,2,28.5,18,3,1,1,5,46.4,7,9.4,4.3,76.4,0,0.0,1,0,0.376,Low,1.0,0.9545454545454546,,synthetic
synth_emp_0002,2026-01-19,Marketing,Manager,Contractor,26.1,11,7.5,4.5,1,1,1,2,0,4,0,0,0.0,12.0,0,0,41.0,0,0.1,37,14,2,7,1,29.5,19,34.4,2.1,57.3,0,0.0,2,0,0.472,Medium,1.0,0.9545454545454546,,synthetic
synth_emp_0002,2026-01-26,Marketing,Manager,Contractor,26.1,11,7.8,13.9,1,2,0,0,0,4,0,0,0.0,14.0,1,0,38.8,1,20.7,50,15,5,6,6,20.7,8,36.5,3.5,44.8,0,0.0,0,0,0.763,High,1.0,0.9545454545454546,,synthetic
synth_emp_0002,2026-02-02,Marketing,Manager,Contractor,26.1,11,8.9,0.4,2,0,0,1,0,7,0,0,1.0,10.0,1,0,42.7,1,29.1,14,5,2,7,0,,11,30.0,3.0,46.3,0,0.0,1,0,0.6,Medium,1.0,0.9318181818181818,,synthetic
synth_emp_0002,2026-02-09,Marketing,Manager,Contractor,26.1,11,8.8,14.2,3,0,1,1,0,4,0,0,0.0,16.0,1,0,42.5,0,6.1,48,10,4,8,10,12.5,4,66.9,3.3,81.9,0,0.0,0,0,0.835,High,1.0,0.9545454545454546,,synthetic
synth_emp_0002,2026-02-16,Marketing,Manager,Contractor,26.1,11,,12.0,0,3,0,2,0,5,0,0,1.0,14.0,1,0,38.3,1,29.4,45,2,4,3,13,4.9,14,40.1,3.2,95.3,0,0.0,1,0,0.748,High,1.0,0.9318181818181818,,synthetic
synth_emp_0002,2026-02-23,Marketing,Manager,Contractor,26.1,11,7.1,6.2,3,1,1,2,0,7,0,0,1.0,15.0,1,0,39.1,1,26.1,50,10,8,3,9,35.0,18,28.2,4.6,64.6,0,0.0,2,0,0.851,High,1.0,0.9545454545454546,,synthetic
synth_emp_0002,2026-03-02,Marketing,Manager,Contractor,26.1,11,8.8,5.8,2,0,1,0,0,7,0,0,0.0,9.0,1,0,47.4,0,2.2,42,13,5,4,4,24.0,10,45.3,3.2,44.8,0,0.0,2,0,0.811,High,1.0,0.9545454545454546,,synthetic
synth_emp_0002,2026-03-09,Marketing,Manager,Contractor,26.1,11,9.4,4.7,2,1,0,1,0,4,0,0,2.0,8.0,1,0,33.3,1,27.1,45,15,4,0,1,29.8,10,57.5,2.9,62.5,0,0.0,1,0,0.67,Medium,1.0,0.9545454545454546,,synthetic
synth_emp_0002,2026-03-16,Marketing,Manager,Contractor,26.1,11,7.6,2.7,1,3,1,1,0,6,0,0,2.0,5.0,1,0,48.0,2,16.4,11,0,1,1,7,24.1,14,68.1,5.0,57.9,0,0.0,3,0,0.275,Low,1.0,0.9545454545454546,,synthetic
synth_emp_0002,2026-03-23,Marketing,Manager,Contractor,26.1,11,7.8,15.0,2,0,1,1,0,4,0,0,2.0,6.0,1,0,46.7,1,23.3,30,1,2,3,11,27.8,19,57.9,2.7,51.4,0,0.0,2,0,0.598,Medium,1.0,0.9545454545454546,,synthetic
synth_emp_0003,2026-01-05,Product,Junior,Full-Time,19.2,10,,2.0,2,2,0,1,0,7,0,0,1.0,15.0,0,0,39.4,0,4.2,18,2,1,3,6,6.8,12,69.7,4.4,61.9,0,0.0,3,0,0.262,Low,1.0,0.9318181818181818,,synthetic
synth_emp_0003,2026-01-12,Product,Junior,Full-Time,19.2,10,,6.8,0,1,1,0,0,6,0,0,2.0,12.0,0,0,42.7,1,27.3,43,12,2,4,12,39.6,20,30.0,2.4,96.8,0,0.0,2,0,0.732,High,1.0,0.9318181818181818,,synthetic
synth_emp_0003,2026-01-19,Product,Junior,Full-Time,19.2,10,6.5,8.1,3,0,1,2,0,7,0,0,1.0,6.0,1,0,34.3,1,28.5,24,4,3,5,13,28.4,3,70.6,3.1,94.1,0,0.0,2,0,0.668,Medium,1.0,0.9545454545454546,,synthetic
synth_emp_0003,2026-01-26,Product,Junior,Full-Time,19.2,10,,14.5,2,1,0,2,0,5,0,0,0.0,11.0,0,0,46.3,0,9.9,29,1,1,2,0,,19,1.2,4.6,48.7,0,0.0,1,0,0.315,Low,1.0,0.9090909090909091,,synthetic
synth_emp_0003,2026-02-02,Product,Junior,Full-Time,19.2,10,9.2,13.0,2,0,0,2,0,7,0,0,2.0,8.0,0,0,39.5,1,15.4,8,0,1,1,7,28.5,14,36.8,4.8,42.6,0,0.0,2,0,0.505,Medium,1.0,0.9545454545454546,,synthetic
synth_emp_0003,2026-02-09,Product,Junior,Full-Time,19.2,10,9.9,,0,0,1,2,0,5,0,0,0.0,9.0,1,0,42.5,2,16.5,30,10,2,5,3,23.8,12,71.6,3.6,67.2,0,0.0,3,0,0.723,High,1.0,0.9318181818181818,,synthetic
synth_emp_0003,2026-02-16,Product,Junior,Full-Time,19.2,10,,12.8,3,2,1,1,0,7,0,0,2.0,8.0,1,0,38.5,2,7.6,41,14,4,2,6,20.9,15,5.8,4.5,45.6,0,0.0,0,0,0.866,High,1.0,0.9318181818181818,,synthetic
synth_emp_0003,2026-02-23,Product,Junior,Full-Time,19.2,10,7.5,0.9,3,0,1,2,0,6,0,0,1.0,8.0,0,0,33.1,1,6.7,35,7,4,1,13,17.3,11,61.0,3.1,85.8,0,0.0,1,0,0.6,Medium,1.0,0.9545454545454546,,synthetic
synth_emp_0003,2026-03-02,Product,Junior,Full-Time,19.2,10,9.4,12.3,2,2,1,0,0,5,0,0,0.0,17.0,0,0,32.8,2,29.2,39,10,4,1,8,1.9,16,16.3,3.3,60.5,0,0.0,2,0,0.882,High,1.0,0.9545454545454546,,synthetic
synth_emp_0003,2026-03-09,Product,Junior,Full-Time,19.2,10,7.3,8.9,3,3,1,1,0,6,0,0,0.0,8.0,1,0,38.6,1,20.3,3,0,0,9,1,32.5,15,38.4,2.9,53.2,0,0.0,0,0,0.382,Low,1.0,0.9545454545454546,,synthetic
synth_emp_0003,2026-03-16,Product,Junior,Full-Time,19.2,10,,3.2,1,1,1,2,0,5,0,0,2.0,16.0,0,0,37.9,2,1.3,8,2,0,0,3,0.9,14,66.4,4.6,74.5,0,0.0,3,0,0.324,Low,1.0,0.9318181818181818,,synthetic
synth_emp_0003,2026-03-23,Product,Junior,Full-Time,19.2,10,7.7,0.3,0,3,0,0,0,7,0,0,2.0,17.0,0,0,37.9,1,22.4,20,1,3,3,14,40.0,10,56.3,2.2,78.0,0,0.0,1,0,0.526,Medium,1.0,0.9545454545454546,,synthetic
synth_emp_0004,2026-01-05,Design,Senior,Full-Time,14.9,5,6.7,11.4,3,2,1,0,0,7,0,0,0.0,20.0,1,0,42.6,1,17.7,4,0,0,5,15,22.5,16,6.3,3.4,42.3,0,0.0,2,0,0.469,Medium,1.0,0.9545454545454546,,synthetic
synth_emp_0004,2026-01-12,Design,Senior,Full-Time,14.9,5,6.3,12.8,1,2,1,2,0,5,0,0,0.0,19.0,0,0,46.2,1,29.5,39,9,2,1,1,21.9,16,46.9,2.1,82.5,0,0.0,3,0,0.693,Medium,1.0,0.9545454545454546,,synthetic
synth_emp_0004,2026-01-19,Design,Senior,Full-Time,14.9,5,8.4,13.8,0,2,0,2,0,7,0,0,1.0,13.0,0,0,36.7,2,19.9,24,3,1,5,1,38.0,9,69.7,4.1,63.5,0,0.0,0,0,0.494,Medium,1.0,0.9545454545454546,,synthetic
synth_emp_0004,2026-01-26,Design,Senior,Full-Time,14.9,5,7.5,12.2,2,0,1,1,0,5,0,0,0.0,15.0,1,0,33.8,0,4.6,42,11,7,4,2,31.2,3,37.0,3.6,84.3,0,0.0,0,0,0.727,High,1.0,0.9545454545454546,,synthetic
synth_emp_0004,2026-02-02,Design,Senior,Full-Time,14.9,5,9.5,9.0,2,1,1,2,0,6,0,0,2.0,19.0,0,0,40.7,1,29.0,9,0,1,7,5,34.8,6,27.1,4.8,99.1,0,0.0,3,0,0.513,Medium,1.0,0.9545454545454546,,synthetic
synth_emp_0004,2026-02-09,Design,Senior,Full-Time,14.9,5,9.1,6.3,3,2,0,2,0,4,0,0,1.0,7.0,0,0,35.5,2,4.4,10,3,1,6,4,42.0,2,68.2,2.7,67.1,0,0.0,2,0,0.516,Medium,1.0,0.9545454545454546,,synthetic
synth_emp_0004,2026-02-16,Design,Senior,Full-Time,14.9,5,7.7,5.6,0,2,0,0,0,4,0,0,1.0,20.0,0,0,45.2,1,13.5,24,9,1,0,0,,2,2.3,2.6,49.0,0,0.0,3,0,0.546,Medium,1.0,0.9318181818181818,,synthetic
synth_emp_0004,2026-02-23,Design,Senior,Full-Time,14.9,5,7.2,0.7,0,1,0,1,0,7,0,0,0.0,16.0,0,0,41.4,0,19.9,26,6,3,1,2,5.8,16,70.2,2.2,71.6,0,0.0,0,0,0.672,Medium,1.0,0.9545454545454546,,synthetic
synth_emp_0004,2026-03-02,Design,Senior,Full-Time,14.9,5,7.9,14.7,0,2,0,0,0,6,0,0,2.0,15.0,0,0,46.6,2,13.9,16,4,1,7,2,16.9,20,13.9,2.4,83.0,0,0.0,3,0,0.52,Medium,1.0,0.9545454545454546,,synthetic
synth_emp_0004,2026-03-09,Design,Senior,Full-Time,14.9,5,,11.9,2,0,0,1,0,6,0,0,0.0,15.0,1,0,32.5,1,13.1,2,0,0,6,12,47.5,14,64.5,3.2,98.4,0,0.0,3,0,0.463,Medium,1.0,0.9318181818181818,,synthetic
synth_emp_0004,2026-03-16,Design,Senior,Full-Time,14.9,5,7.5,4.0,0,2,1,1,0,7,0,0,2.0,18.0,0,0,43.8,1,13.4,5,1,0,5,5,26.4,19,71.9,2.8,98.8,0,0.0,0,0,0.196,Low,1.0,0.9545454545454546,,synthetic
synth_emp_0004,2026-03-23,Design,Senior,Full-Time,14.9,5,,5.4,3,0,0,0,0,5,0,0,2.0,16.0,1,0,37.7,2,1.0,47,12,8,2,4,40.8,14,68.4,3.1,85.8,0,0.0,1,0,0.803,High,1.0,0.9318181818181818,,synthetic
synth_emp_0005,2026-01-05,Sales,Senior,Contractor,19.5,7,6.5,7.5,2,3,0,0,0,5,0,0,0.0,19.0,0,0,48.0,1,29.9,24,8,0,10,8,33.9,10,48.4,4.1,73.0,0,0.0,2,0,0.514,Medium,1.0,0.9545454545454546,,synthetic
synth_emp_0005,2026-01-12,Sales,Senior,Contractor,19.5,7,9.4,13.9,1,1,1,0,0,6,0,0,2.0,16.0,1,0,46.1,2,3.9,40,2,2,1,7,6.3,2,23.0,5.0,83.1,0,0.0,3,0,0.56,Medium,1.0,0.9545454545454546,,synthetic
synth_emp_0005,2026-01-19,Sales,Senior,Contractor,19.5,7,9.3,,1,1,1,2,0,4,0,0,0.0,9.0,1,0,33.3,1,28.0,20,5,1,3,11,6.6,11,68.3,3.6,57.0,0,0.0,0,0,0.549,Medium,1.0,0.9318181818181818,,synthetic
synth_emp_0005,2026-01-26,Sales,Senior,Contractor,19.5,7,8.5,1.9,1,2,0,0,0,4,0,0,0.0,13.0,0,0,45.3,1,18.5,19,4,0,0,5,28.6,15,64.1,3.6,78.5,0,0.0,2,0,0.274,Low,1.0,0.9545454545454546,,synthetic
synth_emp_0005,2026-02-02,Sales,Senior,Contractor,19.5,7,9.2,4.5,1,2,1,2,0,6,0,0,1.0,9.0,1,0,40.3,0,9.6,4,1,0,7,13,23.5,3,20.0,2.7,45.8,0,0.0,2,0,0.361,Low,1.0,0.9545454545454546,,synthetic
synth_emp_0005,2026-02-09,Sales,Senior,Contractor,19.5,7,9.5,14.4,3,3,1,1,0,4,0,0,0.0,17.0,1,0,49.3,0,17.5,10,3,1,0,10,9.5,1,21.0,3.8,90.6,0,0.0,3,0,0.548,Medium,1.0,0.9545454545454546,,synthetic
synth_emp_0005,2026-02-16,Sales,Senior,Contractor,19.5,7,6.0,2.0,1,2,1,0,0,7,0,0,2.0,19.0,1,0,46.5,2,20.4,16,4,2,1,11,2.6,4,70.2,3.2,87.7,0,0.0,2,0,0.115,Low,1.0,0.9545454545454546,,synthetic
synth_emp_0005,2026-02-23,Sales,Senior,Contractor,19.5,7,7.5,9.0,3,1,0,1,0,6,0,0,0.0,17.0,1,0,41.9,2,24.8,25,5,0,8,4,34.4,15,51.3,2.9,88.9,0,0.0,2,0,0.541,Medium,1.0,0.9545454545454546,,synthetic
synth_emp_0005,2026-03-02,Sales,Senior,Contractor,19.5,7,6.4,4.6,1,0,1,0,0,7,0,0,0.0,12.0,0,0,41.5,2,3.3,46,16,5,0,15,13.1,14,23.3,2.5,81.4,0,0.0,3,0,0.597,Medium,1.0,0.9545454545454546,,synthetic
synth_emp_0005,2026-03-09,Sales,Senior,Contractor,19.5,7,8.4,12.7,3,3,1,0,0,7,0,0,2.0,15.0,1,0,43.5,2,20.4,46,1,1,4,6,27.1,19,35.4,4.9,56.7,0,0.0,2,0,0.599,Medium,1.0,0.9545454545454546,,synthetic
synth_emp_0005,2026-03-16,Sales,Senior,Contractor,19.5,7,9.9,4.3,2,2,0,2,0,7,0,0,1.0,16.0,0,0,35.8,1,28.7,13,3,1,1,15,17.1,11,66.6,4.0,84.8,0,0.0,1,0,0.58,Medium,1.0,0.9545454545454546,,synthetic
synth_emp_0005,2026-03-23,Sales,Senior,Contractor,19.5,7,8.2,10.4,1,1,0,0,0,7,0,0,1.0,20.0,0,0,43.6,0,0.2,8,0,1,8,7,12.0,5,29.9,4.8,92.7,0,0.0,3,0,0.501,Medium,1.0,0.9545454545454546,,synthetic
synth_emp_0006,2026-01-05,Product,Senior,Contractor,17.8,3,6.4,8.0,0,3,1,0,0,6,0,0,0.0,5.0,1,0,41.4,0,27.9,46,15,0,5,5,20.3,9,33.3,3.9,71.5,0,0.0,1,0,0.701,High,1.0,0.9545454545454546,,synthetic
synth_emp_0006,2026-01-12,Product,Senior,Contractor,17.8,3,7.9,1.7,2,1,0,2,0,7,0,0,1.0,15.0,0,0,38.0,0,5.5,10,2,1,2,5,1.2,15,24.0,2.7,55.6,0,0.0,1,0,0.201,Low,1.0,0.9545454545454546,,synthetic
synth_emp_0006,2026-01-19,Product,Senior,Contractor,17.8,3,7.1,8.7,2,1,1,2,0,6,0,0,2.0,8.0,1,0,37.4,0,6.6,36,0,4,2,7,3.5,15,11.9,4.2,76.3,0,0.0,3,0,0.485,Medium,1.0,0.9545454545454546,,synthetic
synth_emp_0006,2026-01-26,Product,Senior,Contractor,17.8,3,9.7,12.0,2,0,0,0,0,5,0,0,2.0,9.0,0,0,36.6,2,13.3,13,3,1,10,2,25.5,6,51.9,3.5,93.9,0,0.0,3,0,0.658,Medium,1.0,0.9545454545454546,,synthetic
synth_emp_0006,2026-02-02,Product,Senior,Contractor,17.8,3,7.8,6.9,0,1,0,0,0,7,0,0,1.0,7.0,0,0,48.7,0,29.6,3,0,0,7,9,34.9,1,21.4,2.5,48.1,0,0.0,3,0,0.419,Medium,1.0,0.9545454545454546,,synthetic
synth_emp_0006,2026-02-09,Product,Senior,Contractor,17.8,3,9.6,13.8,1,3,0,2,0,5,0,0,0.0,5.0,1,0,39.3,2,16.3,24,3,3,8,4,31.5,12,59.5,2.7,60.8,0,0.0,2,0,0.754,High,1.0,0.9545454545454546,,synthetic
synth_emp_0006,2026-02-16,Product,Senior,Contractor,17.8,3,9.5,0.5,0,0,0,1,0,4,0,0,0.0,6.0,1,0,38.8,2,6.5,42,7,6,0,0,,4,36.8,2.9,88.9,0,0.0,2,0,0.672,Medium,1.0,0.9318181818181818,,synthetic
synth_emp_0006,2026-02-23,Product,Senior,Contractor,17.8,3,9.1,3.6,1,3,1,0,0,6,0,0,2.0,17.0,1,0,43.9,1,4.5,9,3,0,6,13,14.8,5,54.6,3.4,91.0,0,0.0,2,0,0.318,Low,1.0,0.9545454545454546,,synthetic
synth_emp_0006,2026-03-02,Product,Senior,Contractor,17.8,3,6.6,0.9,2,0,1,1,0,4,0,0,2.0,11.0,0,0,35.4,2,18.1,26,10,2,0,4,18.9,2,14.4,4.3,83.5,0,0.0,1,0,0.326,Low,1.0,0.9545454545454546,,synthetic
synth_emp_0006,2026-03-09,Product,Senior,Contractor,17.8,3,9.5,14.4,1,1,1,0,0,6,0,0,1.0,17.0,1,0,40.7,1,9.3,0,0,0,5,3,36.0,16,63.7,3.4,88.2,0,0.0,3,0,0.726,High,1.0,0.9545454545454546,,synthetic
synth_emp_0006,2026-03-16,Product,Senior,Contractor,17.8,3,7.3,4.7,3,2,0,0,0,6,0,0,0.0,17.0,0,0,40.0,2,28.3,2,0,0,5,4,1.3,8,55.2,3.5,83.4,0,0.0,3,0,0.266,Low,1.0,0.9545454545454546,,synthetic
synth_emp_0006,2026-03-23,Product,Senior,Contractor,17.8,3,8.9,2.1,0,0,0,1,0,5,0,0,2.0,12.0,0,0,44.1,0,6.6,34,6,6,7,1,25.4,11,5.3,3.9,96.0,0,0.0,3,0,0.852,High,1.0,0.9545454545454546,,synthetic
synth_emp_0007,2026-01-05,Marketing,Junior,Full-Time,32.4,9,,4.1,0,0,0,0,0,5,0,0,2.0,13.0,1,0,35.3,1,2.4,18,0,2,6,13,38.8,14,41.1,5.0,53.6,0,0.0,0,0,0.373,Low,1.0,0.9318181818181818,,synthetic
synth_emp_0007,2026-01-12,Marketing,Junior,Full-Time,32.4,9,9.4,1.4,0,3,1,2,0,6,0,0,2.0,8.0,0,0,34.6,2,26.6,24,3,2,7,0,,8,4.3,2.2,95.5,0,0.0,0,0,0.511,Medium,1.0,0.9318181818181818,,synthetic
synth_emp_0007,2026-01-19,Marketing,Junior,Full-Time,32.4,9,9.4,,1,3,1,1,0,5,0,0,2.0,7.0,1,0,31.1,1,7.0,13,3,1,1,12,44.6,10,44.0,3.8,75.7,0,0.0,2,0,0.39,Low,1.0,0.9318181818181818,,synthetic
synth_emp_0007,2026-01-26,Marketing,Junior,Full-Time,32.4,9,,14.9,3,0,1,0,0,4,0,0,0.0,13.0,0,0,37.6,2,4.6,31,2,3,6,12,21.0,10,26.6,2.3,96.6,0,0.0,3,0,0.654,Medium,1.0,0.9318181818181818,,synthetic
synth_emp_0007,2026-02-02,Marketing,Junior,Full-Time,32.4,9,7.1,2.8,0,2,1,0,0,6,0,0,1.0,17.0,0,0,44.5,2,27.2,28,6,2,3,3,1.7,18,38.0,4.1,50.2,0,0.0,2,0,0.356,Low,1.0,0.9545454545454546,,synthetic
synth_emp_0007,2026-02-09,Marketing,Junior,Full-Time,32.4,9,8.0,,3,1,1,0,0,5,0,0,1.0,5.0,1,0,36.6,2,11.4,27,2,1,5,2,17.7,14,24.8,4.4,91.6,0,0.0,1,0,0.383,Low,1.0,0.9318181818181818,,synthetic
synth_emp_0007,2026-02-16,Marketing,Junior,Full-Time,32.4,9,8.4,7.2,1,2,1,1,0,7,0,0,1.0,8.0,0,0,41.8,2,5.4,11,4,2,8,9,35.4,0,68.7,3.4,82.5,0,0.0,3,0,0.49,Medium,1.0,0.9545454545454546,,synthetic
synth_emp_0007,2026-02-23,Marketing,Junior,Full-Time,32.4,9,9.3,,1,3,1,0,0,7,0,0,2.0,20.0,1,0,40.7,2,12.5,50,15,6,0,4,30.6,11,50.8,4.4,75.6,0,0.0,0,0,0.673,Medium,1.0,0.9318181818181818,,synthetic
synth_emp_0007,2026-03-02,Marketing,Junior,Full-Time,32.4,9,7.0,2.5,3,0,0,0,0,6,0,0,0.0,12.0,1,0,37.5,1,23.2,39,0,7,9,12,46.4,16,11.7,5.0,69.0,0,0.0,2,0,0.349,Low,1.0,0.9545454545454546,,synthetic
synth_emp_0007,2026-03-09,Marketing,Junior,Full-Time,32.4,9,9.8,14.1,0,3,1,1,0,4,0,0,1.0,6.0,0,0,30.5,1,19.4,9,1,0,10,6,25.3,5,67.0,4.2,71.0,0,0.0,1,0,0.604,Medium,1.0,0.9545454545454546,,synthetic
synth_emp_0007,2026-03-16,Marketing,Junior,Full-Time,32.4,9,7.7,12.0,1,3,1,1,0,4,0,0,2.0,11.0,0,0,35.6,2,24.3,40,2,5,1,13,19.3,18,8.2,4.6,51.2,0,0.0,2,0,0.671,Medium,1.0,0.9545454545454546,,synthetic
synth_emp_0007,2026-03-23,Marketing,Junior,Full-Time,32.4,9,6.5,7.3,3,1,1,2,0,4,0,0,2.0,9.0,1,0,32.4,1,3.5,40,5,3,5,12,28.4,4,37.3,3.3,48.3,0,0.0,3,0,0.554,Medium,1.0,0.9545454545454546,,synthetic
synth_emp_0008,2026-01-05,Marketing,Mid,Contractor,38.5,5,8.0,4.7,1,3,1,1,0,7,0,0,1.0,19.0,1,0,33.3,2,0.9,28,6,4,3,0,,9,3.3,2.7,57.3,0,0.0,3,0,0.545,Medium,1.0,0.9318181818181818,,synthetic
synth_emp_0008,2026-01-12,Marketing,Mid,Contractor,38.5,5,9.1,7.7,3,1,1,0,0,5,0,0,1.0,6.0,1,0,35.3,0,13.2,36,1,5,1,11,26.2,7,15.9,4.2,81.3,0,0.0,3,0,0.877,High,1.0,0.9545454545454546,,synthetic
synth_emp_0008,2026-01-19,Marketing,Mid,Contractor,38.5,5,6.6,3.1,2,2,0,0,0,7,0,0,0.0,13.0,0,0,44.0,0,7.5,3,0,0,5,5,15.9,7,55.1,4.0,69.4,0,0.0,2,0,0.311,Low,1.0,0.9545454545454546,,synthetic
synth_emp_0008,2026-01-26,Marketing,Mid,Contractor,38.5,5,7.5,,3,3,1,2,0,4,0,0,2.0,7.0,1,0,42.7,2,10.7,50,17,0,1,8,33.5,17,29.2,4.9,89.5,0,0.0,3,0,0.513,Medium,1.0,0.9318181818181818,,synthetic
synth_emp_0008,2026-02-02,Marketing,Mid,Contractor,38.5,5,9.3,8.7,3,0,0,0,0,7,0,0,1.0,5.0,1,0,34.0,2,27.3,36,12,5,10,1,2.7,9,12.3,4.8,56.4,0,0.0,2,0,0.988,High,1.0,0.9545454545454546,,synthetic
synth_emp_0008,2026-02-09,Marketing,Mid,Contractor,38.5,5,7.5,2.5,0,0,0,1,0,4,0,0,0.0,12.0,1,0,30.2,2,10.3,25,6,3,1,7,20.9,13,50.3,3.4,53.7,0,0.0,0,0,0.427,Medium,1.0,0.9545454545454546,,synthetic
synth_emp_0008,2026-02-16,Marketing,Mid,Contractor,38.5,5,6.4,13.2,0,0,0,1,0,6,0,0,2.0,11.0,0,0,48.4,2,20.6,8,1,1,3,4,31.0,2,64.7,2.4,47.4,0,0.0,3,0,0.503,Medium,1.0,0.9545454545454546,,synthetic
synth_emp_0008,2026-02-23,Marketing,Mid,Contractor,38.5,5,7.7,3.7,2,1,0,2,0,7,0,0,1.0,6.0,0,0,39.9,0,7.2,41,1,4,10,9,37.5,19,6.0,4.7,40.7,0,0.0,2,0,0.457,Medium,1.0,0.9545454545454546,,synthetic
synth_emp_0008,2026-03-02,Marketing,Mid,Contractor,38.5,5,6.5,8.5,0,0,0,1,0,5,0,0,0.0,6.0,1,0,40.1,2,21.4,23,5,0,6,15,45.8,13,50.8,2.2,72.2,0,0.0,1,0,0.531,Medium,1.0,0.9545454545454546,,synthetic
synth_emp_0008,2026-03-09,Marketing,Mid,Contractor,38.5,5,7.2,3.0,1,0,0,0,0,7,0,0,0.0,19.0,0,0,36.2,2,19.7,9,1,0,2,2,15.2,3,1.9,2.4,40.7,0,0.0,3,0,0.231,Low,1.0,0.9545454545454546,,synthetic
synth_emp_0008,2026-03-16,Marketing,Mid,Contractor,38.5,5,8.1,10.8,0,2,1,1,0,4,0,0,1.0,7.0,1,0,39.1,1,1.7,10,1,1,9,8,35.3,5,27.1,2.8,46.2,0,0.0,0,0,0.335,Low,1.0,0.9545454545454546,,synthetic
synth_emp_0008,2026-03-23,Marketing,Mid,Contractor,38.5,5,8.0,,0,3,0,1,0,5,0,0,1.0,15.0,1,0,46.5,2,11.2,0,0,0,8,12,44.2,1,13.7,4.4,98.9,0,0.0,3,0,0.154,Low,1.0,0.9318181818181818,,synthetic
synth_emp_0009,2026-01-05,Engineering,Lead,Contractor,46.6,7,8.2,,3,1,0,0,0,4,0,0,1.0,5.0,0,0,40.8,2,25.2,12,1,1,0,7,22.5,10,1.1,4.0,90.9,0,0.0,2,0,0.278,Low,1.0,0.9318181818181818,,synthetic
synth_emp_0009,2026-01-12,Engineering,Lead,Contractor,46.6,7,8.1,7.4,3,2,1,2,0,4,0,0,2.0,8.0,0,0,42.7,1,2.2,3,1,0,9,8,4.9,1,31.9,4.9,54.2,0,0.0,2,0,0.576,Medium,1.0,0.9545454545454546,,synthetic
synth_emp_0009,2026-01-19,Engineering,Lead,Contractor,46.6,7,9.7,12.5,0,1,0,0,0,7,0,0,1.0,15.0,1,0,32.4,1,28.9,20,2,1,3,2,45.3,14,22.9,2.8,47.2,0,0.0,1,0,0.541,Medium,1.0,0.9545454545454546,,synthetic
synth_emp_0009,2026-01-26,Engineering,Lead,Contractor,46.6,7,7.2,9.0,3,0,1,1,0,5,0,0,0.0,17.0,1,0,41.1,2,7.5,13,4,0,7,2,34.3,3,58.1,2.4,40.7,0,0.0,1,0,0.591,Medium,1.0,0.9545454545454546,,synthetic
synth_emp_0009,2026-02-02,Engineering,Lead,Contractor,46.6,7,9.3,9.5,3,1,0,1,0,4,0,0,0.0,19.0,0,0,33.4,2,13.0,41,1,4,6,2,1.5,15,3.1,4.0,50.4,0,0.0,1,0,0.669,Medium,1.0,0.9545454545454546,,synthetic
synth_emp_0009,2026-02-09,Engineering,Lead,Contractor,46.6,7,7.1,2.2,3,0,0,1,0,7,0,0,0.0,18.0,0,0,42.9,2,7.5,39,9,1,8,9,24.2,0,71.2,4.3,61.5,0,0.0,3,0,0.515,Medium,1.0,0.9545454545454546,,synthetic
synth_emp_0009,2026-02-16,Engineering,Lead,Contractor,46.6,7,8.3,4.1,2,1,0,0,0,5,0,0,2.0,12.0,1,0,40.7,2,1.7,1,0,0,3,8,3.3,18,61.1,4.4,61.3,0,0.0,1,0,0.397,Low,1.0,0.9545454545454546,,synthetic
synth_emp_0009,2026-02-23,Engineering,Lead,Contractor,46.6,7,8.4,10.5,3,2,0,1,0,4,0,0,0.0,6.0,0,0,42.0,0,15.8,37,0,5,0,4,27.2,10,66.2,2.6,47.8,0,0.0,1,0,0.506,Medium,1.0,0.9545454545454546,,synthetic
synth_emp_0009,2026-03-02,Engineering,Lead,Contractor,46.6,7,9.4,0.3,0,2,1,2,0,4,0,0,1.0,14.0,1,0,32.7,0,22.0,37,10,1,6,3,40.7,20,69.2,3.9,50.5,0,0.0,2,0,0.708,High,1.0,0.9545454545454546,,synthetic
synth_emp_0009,2026-03-09,Engineering,Lead,Contractor,46.6,7,8.4,4.6,3,0,0,2,0,6,0,0,2.0,12.0,0,0,48.7,0,9.9,44,5,1,1,0,,7,25.6,3.0,78.2,0,0.0,0,0,0.385,Low,1.0,0.9318181818181818,,synthetic
synth_emp_0009,2026-03-16,Engineering,Lead,Contractor,46.6,7,8.7,5.0,0,0,1,1,0,7,0,0,0.0,18.0,1,0,47.6,1,16.4,0,0,0,1,2,17.1,15,57.0,3.7,85.5,0,0.0,1,0,0.536,Medium,1.0,0.9545454545454546,,synthetic
synth_emp_0009,2026-03-23,Engineering,Lead,Contractor,46.6,7,6.3,4.4,0,0,1,2,0,7,0,0,2.0,5.0,1,0,48.8,0,18.2,20,2,0,6,10,8.6,5,4.8,3.0,98.5,0,0.0,3,0,0.213,Low,1.0,0.9545454545454546,,synthetic
synth_emp_0010,2026-01-05,Sales,Manager,Contractor,40.0,7,6.2,12.6,3,1,0,0,0,5,0,0,0.0,14.0,0,0,39.5,0,9.3,9,0,0,6,2,14.5,15,35.7,4.0,45.5,0,0.0,3,0,0.499,Medium,1.0,0.9545454545454546,,synthetic
synth_emp_0010,2026-01-12,Sales,Manager,Contractor,40.0,7,9.5,6.7,0,0,1,2,0,7,0,0,2.0,12.0,0,0,46.8,2,12.6,16,2,0,8,8,27.3,15,41.7,2.7,57.9,0,0.0,3,0,0.545,Medium,1.0,0.9545454545454546,,synthetic
synth_emp_0010,2026-01-19,Sales,Manager,Contractor,40.0,7,8.9,13.5,1,1,0,0,0,4,0,0,1.0,7.0,1,0,34.0,2,4.4,36,9,4,9,3,45.6,8,23.7,4.2,88.4,0,0.0,0,0,0.935,High,1.0,0.9545454545454546,,synthetic
synth_emp_0010,2026-01-26,Sales,Manager,Contractor,40.0,7,7.6,4.1,0,0,0,1,0,6,0,0,1.0,13.0,1,0,43.1,2,18.3,29,10,0,0,13,5.8,5,20.6,2.4,76.5,0,0.0,3,0,0.295,Low,1.0,0.9545454545454546,,synthetic
synth_emp_0010,2026-02-02,Sales,Manager,Contractor,40.0,7,,5.0,2,2,1,1,0,4,0,0,0.0,9.0,1,0,49.5,1,23.2,15,0,1,5,8,43.1,8,52.7,3.8,45.4,0,0.0,3,0,0.106,Low,1.0,0.9318181818181818,,synthetic
synth_emp_0010,2026-02-09,Sales,Manager,Contractor,40.0,7,9.3,11.4,3,1,0,0,0,5,0,0,0.0,6.0,0,0,30.7,0,27.5,23,7,2,3,5,3.6,8,27.2,3.4,63.8,0,0.0,0,0,0.863,High,1.0,0.9545454545454546,,synthetic
synth_emp_0010,2026-02-16,Sales,Manager,Contractor,40.0,7,7.0,6.7,0,2,0,1,0,4,0,0,0.0,11.0,0,0,42.9,2,6.2,30,7,2,10,5,40.3,13,37.4,4.6,98.0,0,0.0,0,0,0.528,Medium,1.0,0.9545454545454546,,synthetic
synth_emp_0010,2026-02-23,Sales,Manager,Contractor,40.0,7,6.5,12.0,2,3,1,1,0,7,0,0,1.0,11.0,1,0,36.0,2,24.7,14,1,2,6,9,34.4,18,8.3,3.5,79.7,0,0.0,2,0,0.513,Medium,1.0,0.9545454545454546,,synthetic
synth_emp_0010,2026-03-02,Sales,Manager,Contractor,40.0,7,8.4,10.3,2,1,0,2,0,5,0,0,0.0,17.0,1,0,43.6,2,0.8,30,0,5,7,10,41.4,9,19.4,3.3,63.3,0,0.0,0,0,0.528,Medium,1.0,0.9545454545454546,,synthetic
synth_emp_0010,2026-03-09,Sales,Manager,Contractor,40.0,7,10.0,5.1,2,1,0,1,0,4,0,0,1.0,9.0,1,0,44.5,2,22.9,45,4,4,2,15,43.6,10,47.5,2.7,53.4,0,0.0,2,0,0.852,High,1.0,0.9545454545454546,,synthetic
synth_emp_0010,2026-03-16,Sales,Manager,Contractor,40.0,7,9.5,8.8,0,3,1,1,0,4,0,0,0.0,9.0,0,0,36.9,2,26.8,29,9,2,7,2,22.9,4,23.5,4.1,86.7,0,0.0,3,0,0.708,High,1.0,0.9545454545454546,,synthetic
synth_emp_0010,2026-03-23,Sales,Manager,Contractor,40.0,7,9.9,0.9,0,1,1,2,0,7,0,0,1.0,18.0,1,0,37.7,0,16.0,28,3,4,5,5,27.9,0,64.3,4.3,71.9,0,0.0,0,0,0.498,Medium,1.0,0.9545454545454546,,synthetic
synth_emp_0011,2026-01-05,Engineering,Mid,Full-Time,41.9,8,6.4,4.6,2,3,0,1,0,7,0,0,1.0,11.0,0,0,49.0,1,0.6,4,1,0,3,9,22.2,4,16.0,2.1,70.3,0,0.0,0,0,0.256,Low,1.0,0.9545454545454546,,synthetic
synth_emp_0011,2026-01-12,Engineering,Mid,Full-Time,41.9,8,8.6,,0,0,0,2,0,4,0,0,1.0,19.0,1,0,32.5,1,14.2,40,4,4,2,1,28.7,6,50.4,3.9,58.1,0,0.0,0,0,0.464,Medium,1.0,0.9318181818181818,,synthetic
synth_emp_0011,2026-01-19,Engineering,Mid,Full-Time,41.9,8,7.1,2.1,1,1,1,2,0,5,0,0,1.0,18.0,1,0,33.2,2,14.9,6,1,0,3,9,5.9,15,24.5,2.0,80.3,0,0.0,0,0,0.132,Low,1.0,0.9545454545454546,,synthetic
synth_emp_0011,2026-01-26,Engineering,Mid,Full-Time,41.9,8,8.7,1.4,2,2,1,0,0,4,0,0,0.0,6.0,1,0,37.2,2,9.4,32,0,4,1,8,31.1,3,61.4,4.7,40.6,0,0.0,1,0,0.587,Medium,1.0,0.9545454545454546,,synthetic
synth_emp_0011,2026-02-02,Engineering,Mid,Full-Time,41.9,8,6.7,6.6,3,3,1,1,0,7,0,0,2.0,20.0,1,0,43.0,0,3.4,39,4,5,0,11,39.2,5,8.4,4.7,69.0,0,0.0,3,0,0.505,Medium,1.0,0.9545454545454546,,synthetic
synth_emp_0011,2026-02-09,Engineering,Mid,Full-Time,41.9,8,7.5,0.4,3,3,0,0,0,6,0,0,2.0,15.0,0,0,44.1,2,15.7,43,15,6,9,4,23.4,18,16.9,4.9,92.4,0,0.0,0,0,0.546,Medium,1.0,0.9545454545454546,,synthetic
synth_emp_0011,2026-02-16,Engineering,Mid,Full-Time,41.9,8,8.9,10.0,3,3,0,0,0,7,0,0,1.0,12.0,1,0,49.4,0,15.2,41,6,6,8,1,1.1,20,27.9,4.5,44.7,0,0.0,3,0,1.0,High,1.0,0.9545454545454546,,synthetic
synth_emp_0011,2026-02-23,Engineering,Mid,Full-Time,41.9,8,7.8,6.7,3,0,0,0,0,6,0,0,2.0,11.0,1,0,49.0,1,24.8,7,2,1,3,0,,14,24.6,4.3,76.0,0,0.0,2,0,0.331,Low,1.0,0.9318181818181818,,synthetic
synth_emp_0011,2026-03-02,Engineering,Mid,Full-Time,41.9,8,6.5,3.3,0,0,0,1,0,5,0,0,2.0,18.0,0,0,35.1,0,5.6,21,2,2,6,9,26.5,6,33.5,4.3,83.0,0,0.0,0,0,0.212,Low,1.0,0.9545454545454546,,synthetic
synth_emp_0011,2026-03-09,Engineering,Mid,Full-Time,41.9,8,6.2,10.1,0,3,1,2,0,5,0,0,2.0,10.0,0,0,32.1,2,18.0,7,2,0,5,4,46.3,16,63.6,3.3,76.5,0,0.0,1,0,0.301,Low,1.0,0.9545454545454546,,synthetic
synth_emp_0011,2026-03-16,Engineering,Mid,Full-Time,41.9,8,9.9,6.8,2,1,0,0,0,6,0,0,2.0,16.0,0,0,49.6,2,29.3,8,0,0,2,9,40.5,16,39.5,3.9,82.6,0,0.0,2,0,0.664,Medium,1.0,0.9545454545454546,,synthetic
synth_emp_0011,2026-03-23,Engineering,Mid,Full-Time,41.9,8,8.3,10.7,0,0,0,1,0,5,0,0,0.0,6.0,0,0,35.3,0,29.5,43,12,7,10,9,42.2,8,11.4,2.2,87.1,0,0.0,1,0,0.727,High,1.0,0.9545454545454546,,synthetic
synth_emp_0012,2026-01-05,Sales,Junior,Contractor,49.0,4,8.7,3.4,3,3,1,2,0,6,0,0,2.0,6.0,0,0,44.9,0,18.6,41,9,1,7,9,33.4,7,65.7,4.1,78.9,0,0.0,1,0,0.464,Medium,1.0,0.9545454545454546,,synthetic
synth_emp_0012,2026-01-12,Sales,Junior,Contractor,49.0,4,9.9,2.7,2,1,0,2,0,6,0,0,0.0,15.0,1,0,44.2,0,1.2,43,1,8,5,3,18.4,19,4.6,4.8,76.9,0,0.0,2,0,0.579,Medium,1.0,0.9545454545454546,,synthetic
synth_emp_0012,2026-01-19,Sales,Junior,Contractor,49.0,4,8.3,11.8,3,0,1,0,0,5,0,0,2.0,15.0,1,0,37.2,0,28.5,20,4,3,9,2,37.8,16,34.7,3.7,85.1,0,0.0,0,0,0.498,Medium,1.0,0.9545454545454546,,synthetic
synth_emp_0012,2026-01-26,Sales,Junior,Contractor,49.0,4,7.4,9.6,0,3,1,2,0,6,0,0,0.0,16.0,1,0,39.7,1,26.9,39,3,0,3,10,18.6,10,37.5,4.8,50.0,0,0.0,0,0,0.539,Medium,1.0,0.9545454545454546,,synthetic
synth_emp_0012,2026-02-02,Sales,Junior,Contractor,49.0,4,6.8,3.2,1,0,1,2,0,6,0,0,0.0,7.0,0,0,31.1,1,16.7,43,7,0,9,13,31.2,7,65.7,3.2,67.1,0,0.0,3,0,0.532,Medium,1.0,0.9545454545454546,,synthetic
synth_emp_0012,2026-02-09,Sales,Junior,Contractor,49.0,4,6.1,8.0,0,2,1,2,0,4,0,0,1.0,19.0,1,0,37.9,2,0.9,41,11,0,2,1,33.8,17,16.6,4.2,87.8,0,0.0,2,0,0.472,Medium,1.0,0.9545454545454546,,synthetic
synth_emp_0012,2026-02-16,Sales,Junior,Contractor,49.0,4,6.6,13.7,1,0,0,0,0,7,0,0,2.0,7.0,1,0,34.2,2,27.1,50,17,6,5,0,,6,30.3,3.9,70.8,0,0.0,1,0,0.766,High,1.0,0.9318181818181818,,synthetic
synth_emp_0012,2026-02-23,Sales,Junior,Contractor,49.0,4,8.5,1.7,0,2,0,0,0,7,0,0,1.0,16.0,0,0,43.4,0,3.0,42,13,7,9,14,31.1,2,64.9,3.0,67.0,0,0.0,2,0,0.422,Medium,1.0,0.9545454545454546,,synthetic
synth_emp_0012,2026-03-02,Sales,Junior,Contractor,49.0,4,6.6,12.1,2,2,0,2,0,6,0,0,1.0,19.0,1,0,37.2,1,14.6,27,1,1,1,7,34.3,5,46.8,2.2,56.8,0,0.0,1,0,0.492,Medium,1.0,0.9545454545454546,,synthetic
synth_emp_0012,2026-03-09,Sales,Junior,Contractor,49.0,4,6.8,9.4,3,1,0,2,0,6,0,0,2.0,20.0,0,0,37.3,0,26.7,46,1,0,9,0,,9,10.5,3.5,45.4,0,0.0,2,0,0.544,Medium,1.0,0.9318181818181818,,synthetic
synth_emp_0012,2026-03-16,Sales,Junior,Contractor,49.0,4,8.7,12.1,1,3,1,0,0,5,0,0,1.0,12.0,0,0,35.3,0,1.3,39,10,5,3,4,21.7,16,65.4,3.1,68.2,0,0.0,3,0,0.854,High,1.0,0.9545454545454546,,synthetic
synth_emp_0012,2026-03-23,Sales,Junior,Contractor,49.0,4,6.2,1.5,3,3,1,2,0,4,0,0,2.0,13.0,1,0,49.5,0,15.5,33,8,1,5,8,28.0,11,35.6,3.4,76.3,0,0.0,1,0,0.421,Medium,1.0,0.9545454545454546,,synthetic
synth_emp_0013,2026-01-05,Marketing,Mid,Full-Time,5.5,7,6.7,10.8,3,3,0,2,0,5,0,0,2.0,18.0,0,0,34.9,0,17.2,7,1,0,2,10,34.7,4,45.7,2.1,74.3,0,0.0,0,0,0.444,Medium,1.0,0.9545454545454546,,synthetic
synth_emp_0013,2026-01-12,Marketing,Mid,Full-Time,5.5,7,9.7,6.1,3,3,0,0,0,7,0,0,2.0,9.0,0,0,42.5,2,7.9,36,9,6,10,9,45.5,10,66.5,3.8,44.1,0,0.0,3,0,0.865,High,1.0,0.9545454545454546,,synthetic
synth_emp_0013,2026-01-19,Marketing,Mid,Full-Time,5.5,7,6.4,12.9,0,0,0,1,0,5,0,0,2.0,5.0,1,0,40.4,1,26.2,32,8,5,8,3,8.9,13,17.3,4.4,87.4,0,0.0,3,0,0.87,High,1.0,0.9545454545454546,,synthetic
synth_emp_0013,2026-01-26,Marketing,Mid,Full-Time,5.5,7,9.2,12.6,0,2,1,1,0,5,0,0,0.0,5.0,0,0,40.4,1,19.6,36,1,0,5,15,36.9,13,26.7,2.5,79.1,0,0.0,2,0,0.773,High,1.0,0.9545454545454546,,synthetic
synth_emp_0013,2026-02-02,Marketing,Mid,Full-Time,5.5,7,8.1,9.2,3,2,1,2,0,6,0,0,2.0,17.0,0,0,47.1,2,3.6,43,6,1,3,15,9.0,14,56.6,4.8,46.0,0,0.0,3,0,0.618,Medium,1.0,0.9545454545454546,,synthetic
synth_emp_0013,2026-02-09,Marketing,Mid,Full-Time,5.5,7,9.2,10.3,1,3,1,0,0,4,0,0,1.0,12.0,1,0,31.6,0,21.7,3,0,0,6,0,,19,47.6,2.9,97.8,0,0.0,0,0,0.741,High,1.0,0.9318181818181818,,synthetic
synth_emp_0013,2026-02-16,Marketing,Mid,Full-Time,5.5,7,9.3,6.6,1,1,0,1,0,5,0,0,2.0,5.0,0,0,31.7,1,23.4,12,4,2,5,9,9.8,12,29.8,2.6,40.9,0,0.0,0,0,0.735,High,1.0,0.9545454545454546,,synthetic
synth_emp_0013,2026-02-23,Marketing,Mid,Full-Time,5.5,7,8.2,8.4,3,3,0,1,0,5,0,0,1.0,8.0,0,0,40.1,1,28.4,37,5,7,8,8,11.2,8,63.2,4.4,74.5,0,0.0,3,0,0.739,High,1.0,0.9545454545454546,,synthetic
synth_emp_0013,2026-03-02,Marketing,Mid,Full-Time,5.5,7,8.3,11.4,2,0,1,2,0,5,0,0,2.0,12.0,1,0,38.2,1,15.5,49,8,4,0,0,,8,18.6,2.3,80.4,0,0.0,2,0,0.745,High,1.0,0.9318181818181818,,synthetic
synth_emp_0013,2026-03-09,Marketing,Mid,Full-Time,5.5,7,,7.1,1,3,0,0,0,5,0,0,1.0,11.0,0,0,34.1,0,25.1,22,1,2,5,5,45.5,4,56.3,2.4,44.7,0,0.0,3,0,0.505,Medium,1.0,0.9318181818181818,,synthetic
synth_emp_0013,2026-03-16,Marketing,Mid,Full-Time,5.5,7,9.1,0.6,2,3,0,2,0,5,0,0,0.0,18.0,1,0,48.8,0,15.1,30,4,1,6,8,23.8,5,33.5,2.4,71.1,0,0.0,2,0,0.595,Medium,1.0,0.9545454545454546,,synthetic
synth_emp_0013,2026-03-23,Marketing,Mid,Full-Time,5.5,7,6.0,8.7,3,2,1,0,0,7,0,0,1.0,11.0,1,0,44.0,1,11.0,20,2,3,6,5,26.6,8,33.0,3.7,98.8,0,0.0,1,0,0.521,Medium,1.0,0.9545454545454546,,synthetic
synth_emp_0014,2026-01-05,Engineering,Senior,Full-Time,33.8,9,9.2,7.1,0,3,0,2,0,5,0,0,0.0,11.0,1,0,39.5,2,2.9,0,0,0,5,10,37.8,8,26.6,3.7,95.9,0,0.0,2,0,0.59,Medium,1.0,0.9545454545454546,,synthetic
synth_emp_0014,2026-01-12,Engineering,Senior,Full-Time,33.8,9,7.6,10.2,2,3,1,0,0,7,0,0,2.0,14.0,1,0,42.6,0,26.0,38,3,4,10,5,47.0,10,30.9,3.8,64.3,0,0.0,0,0,0.535,Medium,1.0,0.9545454545454546,,synthetic
synth_emp_0014,2026-01-19,Engineering,Senior,Full-Time,33.8,9,,4.7,2,3,1,0,0,5,0,0,0.0,9.0,0,0,43.2,2,21.0,41,4,2,1,12,13.4,6,12.9,2.3,43.8,0,0.0,3,0,0.233,Low,1.0,0.9318181818181818,,synthetic
synth_emp_0014,2026-01-26,Engineering,Senior,Full-Time,33.8,9,6.1,11.5,2,1,0,2,0,6,0,0,1.0,9.0,0,0,40.5,0,0.9,5,0,0,10,2,31.6,11,62.1,3.0,68.6,0,0.0,2,0,0.566,Medium,1.0,0.9545454545454546,,synthetic
synth_emp_0014,2026-02-02,Engineering,Senior,Full-Time,33.8,9,6.5,8.1,2,2,1,2,0,5,0,0,0.0,19.0,1,0,37.3,1,4.7,37,8,4,0,13,25.4,0,38.2,4.3,48.2,0,0.0,2,0,0.792,High,1.0,0.9545454545454546,,synthetic
synth_emp_0014,2026-02-09,Engineering,Senior,Full-Time,33.8,9,6.0,14.2,2,1,1,2,0,7,0,0,1.0,12.0,0,0,44.3,2,11.7,30,3,4,6,9,28.9,7,19.7,3.3,54.4,0,0.0,2,0,0.689,Medium,1.0,0.9545454545454546,,synthetic
synth_emp_0014,2026-02-16,Engineering,Senior,Full-Time,33.8,9,9.0,6.2,3,1,1,0,0,5,0,0,0.0,5.0,0,0,49.4,1,8.1,4,0,0,7,14,29.8,0,17.5,2.5,69.6,0,0.0,2,0,0.582,Medium,1.0,0.9545454545454546,,synthetic
synth_emp_0014,2026-02-23,Engineering,Senior,Full-Time,33.8,9,9.1,5.6,0,3,0,0,0,6,0,0,1.0,5.0,0,0,49.5,2,7.5,44,13,2,7,4,3.2,7,53.4,2.1,67.7,0,0.0,0,0,0.883,High,1.0,0.9545454545454546,,synthetic
synth_emp_0014,2026-03-02,Engineering,Senior,Full-Time,33.8,9,9.9,10.2,0,2,1,2,0,6,0,0,0.0,16.0,0,0,47.3,0,29.2,19,7,0,3,1,35.9,20,31.8,2.0,87.7,0,0.0,0,0,0.815,High,1.0,0.9545454545454546,,synthetic
synth_emp_0014,2026-03-09,Engineering,Senior,Full-Time,33.8,9,7.0,8.7,3,0,1,2,0,4,0,0,0.0,16.0,0,0,44.0,0,3.8,44,8,5,3,11,37.1,10,70.7,4.4,85.4,0,0.0,3,0,0.675,Medium,1.0,0.9545454545454546,,synthetic
synth_emp_0014,2026-03-16,Engineering,Senior,Full-Time,33.8,9,6.1,10.9,3,1,0,2,0,6,0,0,1.0,19.0,1,0,47.4,2,27.4,16,5,1,8,14,27.1,5,5.9,2.5,57.7,0,0.0,2,0,0.463,Medium,1.0,0.9545454545454546,,synthetic
synth_emp_0014,2026-03-23,Engineering,Senior,Full-Time,33.8,9,7.8,7.6,0,3,0,2,0,7,0,0,2.0,9.0,1,0,36.5,2,9.7,46,3,0,1,11,37.4,16,47.8,2.1,96.3,0,0.0,1,0,0.372,Low,1.0,0.9545454545454546,,synthetic
synth_emp_0015,2026-01-05,Engineering,Mid,Full-Time,29.6,4,,5.8,0,0,0,2,0,7,0,0,0.0,19.0,0,0,37.2,2,28.1,31,6,4,6,8,2.8,11,57.4,2.2,77.0,0,0.0,0,0,0.666,Medium,1.0,0.9318181818181818,,synthetic
synth_emp_0015,2026-01-12,Engineering,Mid,Full-Time,29.6,4,9.3,,1,1,1,2,0,4,0,0,2.0,16.0,1,0,44.1,1,26.5,13,4,0,2,7,25.8,5,40.0,3.5,79.5,0,0.0,3,0,0.357,Low,1.0,0.9318181818181818,,synthetic
synth_emp_0015,2026-01-19,Engineering,Mid,Full-Time,29.6,4,9.6,15.0,1,3,1,1,0,7,0,0,1.0,17.0,0,0,44.5,1,17.9,23,3,2,8,10,29.4,4,71.5,2.9,58.0,0,0.0,1,0,0.669,Medium,1.0,0.9545454545454546,,synthetic
synth_emp_0015,2026-01-26,Engineering,Mid,Full-Time,29.6,4,7.3,14.2,1,1,1,1,0,5,0,0,0.0,13.0,1,0,31.8,1,17.1,17,6,1,3,4,5.0,2,52.4,4.4,50.4,0,0.0,0,0,0.588,Medium,1.0,0.9545454545454546,,synthetic
synth_emp_0015,2026-02-02,Engineering,Mid,Full-Time,29.6,4,7.2,8.6,3,0,0,2,0,4,0,0,2.0,17.0,0,0,36.1,0,9.6,5,1,0,9,10,17.0,4,24.2,4.1,49.2,0,0.0,3,0,0.545,Medium,1.0,0.9545454545454546,,synthetic
synth_emp_0015,2026-02-09,Engineering,Mid,Full-Time,29.6,4,9.0,1.4,0,3,1,0,0,7,0,0,2.0,18.0,0,0,45.2,1,16.8,27,3,2,7,4,16.5,12,47.3,2.6,77.0,0,0.0,1,0,0.443,Medium,1.0,0.9545454545454546,,synthetic
synth_emp_0015,2026-02-16,Engineering,Mid,Full-Time,29.6,4,7.1,10.3,2,0,1,0,0,6,0,0,2.0,19.0,0,0,38.8,0,6.0,36,1,4,5,13,17.9,4,54.8,4.6,46.7,0,0.0,0,0,0.507,Medium,1.0,0.9545454545454546,,synthetic
synth_emp_0015,2026-02-23,Engineering,Mid,Full-Time,29.6,4,8.5,12.5,2,1,0,0,0,6,0,0,2.0,20.0,0,0,43.9,2,0.6,18,0,2,9,3,15.0,16,4.1,2.5,57.0,0,0.0,2,0,0.441,Medium,1.0,0.9545454545454546,,synthetic
synth_emp_0015,2026-03-02,Engineering,Mid,Full-Time,29.6,4,,0.1,3,1,1,2,0,4,0,0,1.0,20.0,0,0,33.7,2,29.0,24,6,3,8,11,41.6,0,3.8,4.8,58.3,0,0.0,3,0,0.406,Medium,1.0,0.9318181818181818,,synthetic
synth_emp_0015,2026-03-09,Engineering,Mid,Full-Time,29.6,4,6.6,5.3,3,0,1,0,0,5,0,0,1.0,17.0,0,0,31.8,1,15.6,40,4,7,10,8,39.1,19,63.0,4.1,65.0,0,0.0,1,0,0.638,Medium,1.0,0.9545454545454546,,synthetic
synth_emp_0015,2026-03-16,Engineering,Mid,Full-Time,29.6,4,7.2,6.7,1,3,0,2,0,5,0,0,1.0,7.0,0,0,33.7,0,21.8,8,0,0,5,6,41.5,13,69.2,2.9,84.7,0,0.0,2,0,0.393,Low,1.0,0.9545454545454546,,synthetic
synth_emp_0015,2026-03-23,Engineering,Mid,Full-Time,29.6,4,6.8,0.4,0,2,0,2,0,7,0,0,0.0,20.0,1,0,33.7,1,14.7,39,9,4,2,7,28.8,5,14.7,2.1,85.9,0,0.0,0,0,0.469,Medium,1.0,0.9545454545454546,,synthetic
synth_emp_0016,2026-01-05,Design,Lead,Full-Time,44.8,6,6.3,14.8,0,3,1,1,0,4,0,0,2.0,8.0,1,0,39.1,0,26.3,39,7,2,3,14,42.7,16,39.2,5.0,42.4,0,0.0,3,0,0.578,Medium,1.0,0.9545454545454546,,synthetic
synth_emp_0016,2026-01-12,Design,Lead,Full-Time,44.8,6,8.5,,0,1,1,2,0,7,0,0,0.0,8.0,0,0,45.6,2,16.4,18,3,3,6,9,22.4,13,24.0,2.1,67.2,0,0.0,1,0,0.377,Low,1.0,0.9318181818181818,,synthetic
synth_emp_0016,2026-01-19,Design,Lead,Full-Time,44.8,6,6.4,9.7,2,0,1,2,0,5,0,0,1.0,17.0,0,0,45.4,1,17.0,45,14,6,10,3,4.8,4,12.5,2.4,86.1,0,0.0,0,0,0.812,High,1.0,0.9545454545454546,,synthetic
synth_emp_0016,2026-01-26,Design,Lead,Full-Time,44.8,6,7.2,6.7,0,3,1,1,0,4,0,0,2.0,20.0,0,0,34.3,2,14.3,40,2,7,6,6,0.7,14,6.6,3.8,54.7,0,0.0,2,0,0.68,Medium,1.0,0.9545454545454546,,synthetic
synth_emp_0016,2026-02-02,Design,Lead,Full-Time,44.8,6,8.2,0.7,2,2,0,0,0,4,0,0,1.0,10.0,0,0,43.4,2,19.8,9,0,0,9,4,41.1,18,56.9,2.5,67.3,0,0.0,2,0,0.3,Low,1.0,0.9545454545454546,,synthetic
synth_emp_0016,2026-02-09,Design,Lead,Full-Time,44.8,6,6.4,5.5,2,2,1,2,0,5,0,0,2.0,11.0,0,0,32.2,2,29.4,24,7,3,8,2,14.4,2,35.3,4.1,96.0,0,0.0,2,0,0.64,Medium,1.0,0.9545454545454546,,synthetic
synth_emp_0016,2026-02-16,Design,Lead,Full-Time,44.8,6,9.4,8.6,3,1,0,2,0,6,0,0,0.0,5.0,0,0,30.5,2,23.9,39,5,1,3,15,25.2,19,71.9,3.2,60.0,0,0.0,1,0,0.69,Medium,1.0,0.9545454545454546,,synthetic
synth_emp_0016,2026-02-23,Design,Lead,Full-Time,44.8,6,,4.2,2,2,1,2,0,4,0,0,0.0,11.0,1,0,46.7,2,14.4,50,1,3,7,10,36.9,1,46.8,3.4,77.6,0,0.0,2,0,0.284,Low,1.0,0.9318181818181818,,synthetic
synth_emp_0016,2026-03-02,Design,Lead,Full-Time,44.8,6,9.3,0.8,2,2,0,0,0,6,0,0,0.0,15.0,1,0,42.5,0,17.1,33,3,4,6,10,26.9,5,43.3,4.6,85.1,0,0.0,2,0,0.456,Medium,1.0,0.9545454545454546,,synthetic
synth_emp_0016,2026-03-09,Design,Lead,Full-Time,44.8,6,7.1,,0,2,0,0,0,4,0,0,1.0,5.0,1,0,48.1,0,5.7,15,2,2,7,9,10.8,16,23.0,3.0,86.2,0,0.0,0,0,0.191,Low,1.0,0.9318181818181818,,synthetic
synth_emp_0016,2026-03-16,Design,Lead,Full-Time,44.8,6,9.8,2.0,0,2,1,0,0,4,0,0,2.0,14.0,0,0,41.6,1,19.2,46,0,3,3,3,0.7,10,15.2,2.9,71.9,0,0.0,3,0,0.73,High,1.0,0.9545454545454546,,synthetic
synth_emp_0016,2026-03-23,Design,Lead,Full-Time,44.8,6,7.1,1.7,2,1,0,0,0,6,0,0,2.0,15.0,1,0,31.0,0,14.1,39,8,0,10,11,26.6,1,8.5,2.2,65.6,0,0.0,1,0,0.331,Low,1.0,0.9545454545454546,,synthetic
synth_emp_0017,2026-01-05,Sales,Manager,Contractor,37.4,7,6.8,12.1,3,0,1,1,0,7,0,0,1.0,12.0,0,0,32.9,2,7.7,5,1,0,5,14,27.5,12,14.0,4.8,59.8,0,0.0,2,0,0.328,Low,1.0,0.9545454545454546,,synthetic
synth_emp_0017,2026-01-12,Sales,Manager,Contractor,37.4,7,6.1,5.3,0,3,0,1,0,4,0,0,1.0,19.0,1,0,41.8,0,18.6,29,9,1,8,11,29.2,5,70.1,3.2,60.4,0,0.0,3,0,0.488,Medium,1.0,0.9545454545454546,,synthetic
synth_emp_0017,2026-01-19,Sales,Manager,Contractor,37.4,7,7.7,8.2,2,0,1,0,0,6,0,0,1.0,7.0,0,0,43.7,2,23.1,15,1,2,6,15,5.9,10,36.1,4.0,45.4,0,0.0,1,0,0.479,Medium,1.0,0.9545454545454546,,synthetic
synth_emp_0017,2026-01-26,Sales,Manager,Contractor,37.4,7,9.6,0.0,1,1,1,1,0,6,0,0,1.0,16.0,0,0,41.7,2,29.6,9,2,0,6,9,19.0,4,61.5,2.2,94.1,0,0.0,0,0,0.473,Medium,1.0,0.9545454545454546,,synthetic
synth_emp_0017,2026-02-02,Sales,Manager,Contractor,37.4,7,,14.7,2,3,1,1,0,7,0,0,2.0,11.0,0,0,39.5,0,16.7,7,2,1,5,7,21.0,13,12.0,5.0,80.2,0,0.0,1,0,0.477,Medium,1.0,0.9318181818181818,,synthetic
synth_emp_0017,2026-02-09,Sales,Manager,Contractor,37.4,7,,2.2,3,3,1,2,0,5,0,0,1.0,18.0,1,0,37.7,0,5.6,31,8,6,9,4,4.5,0,42.0,4.5,54.2,0,0.0,2,0,0.593,Medium,1.0,0.9318181818181818,,synthetic
synth_emp_0017,2026-02-16,Sales,Manager,Contractor,37.4,7,8.2,14.7,2,3,0,2,0,4,0,0,0.0,20.0,0,0,43.7,2,23.9,36,6,2,4,15,46.2,19,4.7,3.0,86.7,0,0.0,3,0,0.474,Medium,1.0,0.9545454545454546,,synthetic
synth_emp_0017,2026-02-23,Sales,Manager,Contractor,37.4,7,9.6,5.0,2,2,0,2,0,7,0,0,2.0,10.0,0,0,43.1,1,24.3,22,8,3,9,9,8.5,0,21.4,2.2,70.3,0,0.0,2,0,0.809,High,1.0,0.9545454545454546,,synthetic
synth_emp_0017,2026-03-02,Sales,Manager,Contractor,37.4,7,8.5,3.9,1,2,0,1,0,5,0,0,2.0,6.0,1,0,49.7,0,17.9,47,2,1,2,4,31.8,15,54.4,3.2,63.0,0,0.0,3,0,0.211,Low,1.0,0.9545454545454546,,synthetic
synth_emp_0017,2026-03-09,Sales,Manager,Contractor,37.4,7,6.7,12.6,3,2,1,2,0,5,0,0,1.0,17.0,1,0,35.3,2,26.1,3,0,0,0,3,3.0,9,66.8,3.3,80.7,0,0.0,0,0,0.439,Medium,1.0,0.9545454545454546,,synthetic
synth_emp_0017,2026-03-16,Sales,Manager,Contractor,37.4,7,,5.3,0,2,1,1,0,5,0,0,2.0,11.0,1,0,43.6,0,9.4,27,6,3,0,8,16.4,0,60.0,2.0,45.9,0,0.0,0,0,0.68,Medium,1.0,0.9318181818181818,,synthetic
synth_emp_0017,2026-03-23,Sales,Manager,Contractor,37.4,7,7.4,3.8,0,0,0,1,0,5,0,0,0.0,10.0,1,0,35.9,2,28.1,2,0,0,10,6,45.6,14,66.5,2.8,65.6,0,0.0,2,0,0.291,Low,1.0,0.9545454545454546,,synthetic
synth_emp_0018,2026-01-05,Design,Mid,Full-Time,17.4,3,7.3,,3,0,0,2,0,7,0,0,0.0,8.0,1,0,44.3,0,1.0,16,1,0,1,6,29.5,18,52.7,4.3,41.1,0,0.0,3,0,0.154,Low,1.0,0.9318181818181818,,synthetic
synth_emp_0018,2026-01-12,Design,Mid,Full-Time,17.4,3,8.6,10.0,3,3,1,1,0,4,0,0,2.0,12.0,0,0,37.7,2,24.5,17,1,1,7,12,27.8,3,41.3,4.8,61.5,0,0.0,2,0,0.655,Medium,1.0,0.9545454545454546,,synthetic
synth_emp_0018,2026-01-19,Design,Mid,Full-Time,17.4,3,8.5,1.4,1,1,0,1,0,5,0,0,1.0,17.0,0,0,42.6,1,14.6,34,11,2,10,14,36.6,14,53.2,2.4,51.6,0,0.0,1,0,0.337,Low,1.0,0.9545454545454546,,synthetic
synth_emp_0018,2026-01-26,Design,Mid,Full-Time,17.4,3,6.3,4.6,0,2,0,1,0,4,0,0,0.0,19.0,0,0,44.8,0,27.7,34,13,5,0,0,,4,35.7,2.1,94.4,0,0.0,0,0,0.411,Medium,1.0,0.9318181818181818,,synthetic
synth_emp_0018,2026-02-02,Design,Mid,Full-Time,17.4,3,8.6,,0,0,0,1,0,5,0,0,0.0,11.0,1,0,36.7,2,20.4,40,0,2,5,3,22.2,3,70.3,3.7,48.2,0,0.0,1,0,0.351,Low,1.0,0.9318181818181818,,synthetic
synth_emp_0018,2026-02-09,Design,Mid,Full-Time,17.4,3,8.4,1.8,0,1,0,2,0,7,0,0,0.0,5.0,1,0,31.6,0,5.4,9,2,0,1,11,26.8,20,43.2,2.9,81.6,0,0.0,3,0,0.232,Low,1.0,0.9545454545454546,,synthetic
synth_emp_0018,2026-02-16,Design,Mid,Full-Time,17.4,3,6.8,7.8,0,2,1,1,0,4,0,0,2.0,12.0,0,0,32.4,2,29.3,26,2,0,9,1,28.8,11,62.3,5.0,70.5,0,0.0,3,0,0.515,Medium,1.0,0.9545454545454546,,synthetic
synth_emp_0018,2026-02-23,Design,Mid,Full-Time,17.4,3,8.6,2.9,0,0,1,1,0,5,0,0,1.0,13.0,1,0,42.3,1,1.3,50,2,8,0,15,24.1,17,13.5,4.4,69.1,0,0.0,0,0,0.498,Medium,1.0,0.9545454545454546,,synthetic
synth_emp_0018,2026-03-02,Design,Mid,Full-Time,17.4,3,,6.7,1,0,0,2,0,7,0,0,0.0,17.0,0,0,31.5,2,14.5,37,4,1,6,10,11.4,4,16.3,3.8,50.7,0,0.0,2,0,0.333,Low,1.0,0.9318181818181818,,synthetic
synth_emp_0018,2026-03-09,Design,Mid,Full-Time,17.4,3,8.9,14.6,3,3,1,0,0,6,0,0,0.0,14.0,0,0,45.8,2,28.6,12,1,0,2,1,13.8,18,69.9,4.6,45.2,0,0.0,3,0,0.533,Medium,1.0,0.9545454545454546,,synthetic
synth_emp_0018,2026-03-16,Design,Mid,Full-Time,17.4,3,6.9,6.9,1,1,0,1,0,4,0,0,0.0,20.0,0,0,38.5,1,14.4,0,0,0,1,7,12.3,14,36.2,2.2,85.2,0,0.0,3,0,0.43,Medium,1.0,0.9545454545454546,,synthetic
synth_emp_0018,2026-03-23,Design,Mid,Full-Time,17.4,3,6.5,9.7,0,3,1,0,0,7,0,0,0.0,16.0,1,0,44.1,0,25.8,5,0,0,1,5,33.9,12,64.4,3.0,42.0,0,0.0,3,0,0.557,Medium,1.0,0.9545454545454546,,synthetic
synth_emp_0019,2026-01-05,Design,Manager,Full-Time,47.5,4,7.3,7.7,2,2,0,2,0,4,0,0,2.0,11.0,0,0,49.6,0,16.2,43,6,0,10,12,17.9,15,53.4,4.3,92.3,0,0.0,1,0,0.636,Medium,1.0,0.9545454545454546,,synthetic
synth_emp_0019,2026-01-12,Design,Manager,Full-Time,47.5,4,9.0,13.5,0,3,1,1,0,6,0,0,2.0,7.0,0,0,47.8,1,2.6,32,8,1,6,2,18.2,5,21.5,4.9,46.6,0,0.0,2,0,0.786,High,1.0,0.9545454545454546,,synthetic
synth_emp_0019,2026-01-19,Design,Manager,Full-Time,47.5,4,6.6,3.1,0,2,0,0,0,4,0,0,0.0,15.0,1,0,41.6,2,19.4,40,0,3,5,4,23.0,15,43.1,4.1,90.5,0,0.0,3,0,0.376,Low,1.0,0.9545454545454546,,synthetic
synth_emp_0019,2026-01-26,Design,Manager,Full-Time,47.5,4,8.3,4.6,2,2,1,0,0,5,0,0,2.0,14.0,0,0,49.5,2,20.8,50,5,4,10,9,37.1,4,12.4,2.4,99.6,0,0.0,1,0,0.264,Low,1.0,0.9545454545454546,,synthetic
synth_emp_0019,2026-02-02,Design,Manager,Full-Time,47.5,4,7.5,10.6,2,0,0,1,0,7,0,0,0.0,19.0,1,0,33.1,2,16.4,42,5,2,8,11,21.8,10,47.0,2.9,93.8,0,0.0,1,0,0.593,Medium,1.0,0.9545454545454546,,synthetic
synth_emp_0019,2026-02-09,Design,Manager,Full-Time,47.5,4,8.9,5.1,0,3,0,1,0,6,0,0,0.0,15.0,0,0,42.2,0,17.5,7,2,1,3,4,32.7,8,14.9,2.3,91.0,0,0.0,0,0,0.535,Medium,1.0,0.9545454545454546,,synthetic
synth_emp_0019,2026-02-16,Design,Manager,Full-Time,47.5,4,7.6,9.0,3,2,1,1,0,4,0,0,1.0,16.0,1,0,36.2,1,26.2,32,12,5,1,11,19.4,6,52.7,3.3,99.6,0,0.0,3,0,0.815,High,1.0,0.9545454545454546,,synthetic
synth_emp_0019,2026-02-23,Design,Manager,Full-Time,47.5,4,9.2,6.4,2,0,1,0,0,4,0,0,1.0,13.0,1,0,33.5,1,21.3,26,1,3,2,2,7.3,6,14.2,3.1,73.2,0,0.0,0,0,0.741,High,1.0,0.9545454545454546,,synthetic
synth_emp_0019,2026-03-02,Design,Manager,Full-Time,47.5,4,7.2,7.4,2,3,0,2,0,6,0,0,1.0,10.0,1,0,48.1,2,7.3,47,8,0,1,0,,8,36.0,4.9,75.9,0,0.0,2,0,0.496,Medium,1.0,0.9318181818181818,,synthetic
synth_emp_0019,2026-03-09,Design,Manager,Full-Time,47.5,4,8.3,9.4,2,1,0,0,0,6,0,0,1.0,9.0,1,0,33.3,1,10.8,30,11,4,10,11,24.8,11,4.5,2.9,78.3,0,0.0,0,0,0.773,High,1.0,0.9545454545454546,,synthetic
synth_emp_0019,2026-03-16,Design,Manager,Full-Time,47.5,4,9.1,1.4,2,2,1,0,0,6,0,0,0.0,5.0,0,0,40.4,1,23.4,48,3,3,6,10,39.8,10,66.4,2.5,53.1,0,0.0,1,0,0.655,Medium,1.0,0.9545454545454546,,synthetic
synth_emp_0019,2026-03-23,Design,Manager,Full-Time,47.5,4,9.2,10.3,0,1,0,1,0,6,0,0,1.0,16.0,0,0,46.3,2,15.7,33,11,4,5,3,20.3,5,51.4,2.1,88.9,0,0.0,1,0,1.0,High,1.0,0.9545454545454546,,synthetic
synth_emp_0020,2026-01-05,Product,Mid,Full-Time,19.1,6,6.3,11.8,0,3,0,1,0,4,0,0,0.0,14.0,0,0,45.1,0,27.6,4,0,0,3,13,2.5,18,65.0,2.6,61.1,0,0.0,0,0,0.332,Low,1.0,0.9545454545454546,,synthetic
synth_emp_0020,2026-01-12,Product,Mid,Full-Time,19.1,6,9.0,8.7,0,1,0,1,0,5,0,0,2.0,5.0,0,0,48.5,2,25.5,22,1,2,7,7,24.5,11,50.6,2.6,80.4,0,0.0,0,0,0.521,Medium,1.0,0.9545454545454546,,synthetic
synth_emp_0020,2026-01-19,Product,Mid,Full-Time,19.1,6,7.4,3.2,1,3,1,2,0,6,0,0,2.0,6.0,0,0,36.6,0,11.5,14,2,2,7,10,6.4,19,53.3,4.1,90.5,0,0.0,1,0,0.133,Low,1.0,0.9545454545454546,,synthetic
synth_emp_0020,2026-01-26,Product,Mid,Full-Time,19.1,6,7.2,2.8,3,0,1,1,0,4,0,0,0.0,9.0,1,0,38.0,2,29.3,4,1,0,2,11,9.0,2,26.8,2.6,52.0,0,0.0,3,0,0.4,Low,1.0,0.9545454545454546,,synthetic
synth_emp_0020,2026-02-02,Product,Mid,Full-Time,19.1,6,9.4,4.2,3,3,1,0,0,7,0,0,0.0,8.0,1,0,39.8,0,18.9,45,13,5,2,12,17.4,0,8.1,2.2,44.1,0,0.0,0,0,0.8,High,1.0,0.9545454545454546,,synthetic
synth_emp_0020,2026-02-09,Product,Mid,Full-Time,19.1,6,7.5,2.3,3,3,1,2,0,6,0,0,2.0,5.0,0,0,49.8,0,11.5,39,9,5,5,15,38.2,12,32.4,2.1,50.6,0,0.0,2,0,0.461,Medium,1.0,0.9545454545454546,,synthetic
synth_emp_0020,2026-02-16,Product,Mid,Full-Time,19.1,6,6.7,4.7,3,3,0,2,0,4,0,0,1.0,13.0,1,0,41.8,1,18.5,24,4,0,5,15,31.9,9,23.8,2.1,42.7,0,0.0,2,0,0.306,Low,1.0,0.9545454545454546,,synthetic
synth_emp_0020,2026-02-23,Product,Mid,Full-Time,19.1,6,9.0,,0,1,0,0,0,6,0,0,2.0,7.0,0,0,47.4,0,10.1,40,5,0,0,11,47.6,17,24.2,3.4,91.8,0,0.0,3,0,0.424,Medium,1.0,0.9318181818181818,,synthetic
synth_emp_0020,2026-03-02,Product,Mid,Full-Time,19.1,6,8.8,14.8,1,2,1,2,0,6,0,0,0.0,14.0,1,0,49.4,0,14.9,24,5,1,1,3,38.9,17,16.2,2.8,57.8,0,0.0,3,0,0.53,Medium,1.0,0.9545454545454546,,synthetic
synth_emp_0020,2026-03-09,Product,Mid,Full-Time,19.1,6,8.5,10.8,3,1,1,0,0,6,0,0,2.0,14.0,1,0,43.3,1,6.0,37,1,2,6,2,27.4,8,45.4,3.4,85.8,0,0.0,1,0,0.459,Medium,1.0,0.9545454545454546,,synthetic
synth_emp_0020,2026-03-16,Product,Mid,Full-Time,19.1,6,8.5,2.8,3,0,0,1,0,7,0,0,0.0,12.0,0,0,44.9,1,25.3,31,2,5,6,14,13.2,10,62.1,4.7,78.0,0,0.0,3,0,0.441,Medium,1.0,0.9545454545454546,,synthetic
synth_emp_0020,2026-03-23,Product,Mid,Full-Time,19.1,6,7.1,10.3,2,3,1,2,0,7,0,0,1.0,6.0,0,0,33.2,0,0.9,15,2,0,4,6,1.8,17,13.5,4.6,97.8,0,0.0,3,0,0.539,Medium,1.0,0.9545454545454546,,synthetic
synth_emp_0021,2026-01-05,Engineering,Junior,Full-Time,19.5,7,9.6,5.5,0,2,1,0,0,5,0,0,2.0,8.0,1,0,36.6,2,22.1,42,14,3,3,4,11.7,13,16.5,2.3,52.8,0,0.0,2,0,0.971,High,1.0,0.9545454545454546,,synthetic
synth_emp_0021,2026-01-12,Engineering,Junior,Full-Time,19.5,7,7.0,7.4,2,1,1,1,0,6,0,0,1.0,5.0,0,0,46.8,2,24.0,23,6,0,0,13,23.1,7,19.0,3.2,78.3,0,0.0,2,0,0.524,Medium,1.0,0.9545454545454546,,synthetic
synth_emp_0021,2026-01-19,Engineering,Junior,Full-Time,19.5,7,8.7,3.5,2,0,0,1,0,5,0,0,0.0,19.0,1,0,47.6,2,12.2,28,4,5,0,12,44.6,8,62.5,4.5,96.4,0,0.0,3,0,0.725,High,1.0,0.9545454545454546,,synthetic
synth_emp_0021,2026-01-26,Engineering,Junior,Full-Time,19.5,7,9.7,6.3,2,3,0,0,0,5,0,0,2.0,19.0,0,0,30.1,0,18.8,6,1,0,5,2,17.2,18,6.8,2.5,71.0,0,0.0,1,0,0.681,Medium,1.0,0.9545454545454546,,synthetic
synth_emp_0021,2026-02-02,Engineering,Junior,Full-Time,19.5,7,8.7,4.8,2,1,0,1,0,6,0,0,0.0,17.0,1,0,48.9,2,6.7,30,10,0,0,5,33.2,17,46.9,3.9,94.4,0,0.0,3,0,0.698,Medium,1.0,0.9545454545454546,,synthetic
synth_emp_0021,2026-02-09,Engineering,Junior,Full-Time,19.5,7,8.8,6.0,0,3,1,2,0,7,0,0,0.0,12.0,0,0,33.8,1,8.6,27,6,0,7,11,8.6,12,10.2,4.6,76.0,0,0.0,2,0,0.82,High,1.0,0.9545454545454546,,synthetic
synth_emp_0021,2026-02-16,Engineering,Junior,Full-Time,19.5,7,6.8,11.9,3,0,0,1,0,5,0,0,1.0,17.0,0,0,44.3,2,12.7,1,0,0,9,14,43.6,8,6.2,3.7,43.1,0,0.0,1,0,0.411,Medium,1.0,0.9545454545454546,,synthetic
synth_emp_0021,2026-02-23,Engineering,Junior,Full-Time,19.5,7,7.4,10.1,3,2,1,2,0,6,0,0,0.0,6.0,0,0,35.2,2,14.8,38,10,6,5,0,,14,10.4,3.0,71.8,0,0.0,1,0,0.676,Medium,1.0,0.9318181818181818,,synthetic
synth_emp_0021,2026-03-02,Engineering,Junior,Full-Time,19.5,7,7.3,7.5,2,2,1,0,0,6,0,0,2.0,20.0,0,0,41.1,2,19.1,17,5,3,7,9,43.4,1,14.4,2.2,51.0,0,0.0,3,0,0.529,Medium,1.0,0.9545454545454546,,synthetic
synth_emp_0021,2026-03-09,Engineering,Junior,Full-Time,19.5,7,8.8,14.9,1,0,1,0,0,5,0,0,1.0,10.0,0,0,45.0,1,16.9,31,0,2,10,15,22.2,18,16.1,5.0,40.2,0,0.0,1,0,0.534,Medium,1.0,0.9545454545454546,,synthetic
synth_emp_0021,2026-03-16,Engineering,Junior,Full-Time,19.5,7,6.3,10.2,0,2,0,0,0,4,0,0,1.0,20.0,1,0,42.6,1,17.8,21,0,2,0,3,19.2,10,69.9,4.0,97.1,0,0.0,2,0,0.477,Medium,1.0,0.9545454545454546,,synthetic
synth_emp_0021,2026-03-23,Engineering,Junior,Full-Time,19.5,7,10.0,12.0,0,3,0,1,0,6,0,0,0.0,12.0,1,0,31.8,0,4.9,8,0,0,6,9,15.9,9,46.9,4.9,49.2,0,0.0,2,0,0.517,Medium,1.0,0.9545454545454546,,synthetic
synth_emp_0022,2026-01-05,Marketing,Lead,Contractor,54.3,12,8.7,7.7,3,2,0,1,0,7,0,0,0.0,6.0,1,0,49.5,2,6.7,31,5,2,10,8,27.2,4,67.1,3.6,78.8,0,0.0,0,0,0.627,Medium,1.0,0.9545454545454546,,synthetic
synth_emp_0022,2026-01-12,Marketing,Lead,Contractor,54.3,12,7.7,7.2,2,0,0,0,0,4,0,0,2.0,18.0,1,0,31.9,2,21.6,9,3,1,4,9,40.5,11,19.1,2.2,70.2,0,0.0,0,0,0.457,Medium,1.0,0.9545454545454546,,synthetic
synth_emp_0022,2026-01-19,Marketing,Lead,Contractor,54.3,12,7.9,12.6,3,2,1,0,0,5,0,0,0.0,7.0,1,0,47.4,0,13.0,2,0,0,0,9,15.4,0,29.0,2.0,79.3,0,0.0,3,0,0.517,Medium,1.0,0.9545454545454546,,synthetic
synth_emp_0022,2026-01-26,Marketing,Lead,Contractor,54.3,12,9.5,9.0,3,2,0,0,0,5,0,0,0.0,11.0,0,0,46.3,2,29.1,31,3,5,0,11,33.3,6,35.2,2.4,54.5,0,0.0,1,0,0.939,High,1.0,0.9545454545454546,,synthetic
synth_emp_0022,2026-02-02,Marketing,Lead,Contractor,54.3,12,,2.2,3,3,0,1,0,5,0,0,0.0,14.0,1,0,31.0,0,3.1,27,0,0,6,4,35.6,13,61.3,4.2,75.8,0,0.0,2,0,0.234,Low,1.0,0.9318181818181818,,synthetic
synth_emp_0022,2026-02-09,Marketing,Lead,Contractor,54.3,12,,7.7,0,3,1,2,0,4,0,0,1.0,18.0,1,0,32.3,2,28.2,46,11,6,5,15,11.5,14,50.5,2.1,57.3,0,0.0,1,0,0.618,Medium,1.0,0.9318181818181818,,synthetic
synth_emp_0022,2026-02-16,Marketing,Lead,Contractor,54.3,12,7.8,8.8,3,3,1,1,0,5,0,0,2.0,11.0,1,0,43.8,0,20.0,43,5,5,2,14,6.7,5,15.2,3.8,46.1,0,0.0,3,0,0.538,Medium,1.0,0.9545454545454546,,synthetic
synth_emp_0022,2026-02-23,Marketing,Lead,Contractor,54.3,12,8.0,8.4,0,0,1,1,0,4,0,0,2.0,12.0,0,0,41.2,1,7.7,1,0,0,5,5,8.8,11,55.6,4.3,73.4,0,0.0,1,0,0.558,Medium,1.0,0.9545454545454546,,synthetic
synth_emp_0022,2026-03-02,Marketing,Lead,Contractor,54.3,12,9.5,1.6,0,0,0,2,0,4,0,0,0.0,8.0,0,0,48.2,0,21.9,3,1,0,7,14,46.2,16,36.4,4.6,49.3,0,0.0,2,0,0.527,Medium,1.0,0.9545454545454546,,synthetic
synth_emp_0022,2026-03-09,Marketing,Lead,Contractor,54.3,12,6.6,6.6,0,2,1,2,0,7,0,0,1.0,12.0,0,0,45.1,2,12.7,26,7,0,3,15,16.7,4,57.9,3.2,64.6,0,0.0,3,0,0.602,Medium,1.0,0.9545454545454546,,synthetic
synth_emp_0022,2026-03-16,Marketing,Lead,Contractor,54.3,12,8.1,14.2,1,3,0,1,0,4,0,0,2.0,9.0,0,0,49.6,2,24.0,28,1,0,8,2,4.5,9,30.8,4.7,82.0,0,0.0,2,0,0.394,Low,1.0,0.9545454545454546,,synthetic
synth_emp_0022,2026-03-23,Marketing,Lead,Contractor,54.3,12,7.3,12.4,3,2,1,0,0,6,0,0,0.0,6.0,1,0,37.8,2,22.2,33,8,0,2,12,21.7,16,71.4,2.9,45.6,0,0.0,2,0,0.512,Medium,1.0,0.9545454545454546,,synthetic
synth_emp_0023,2026-01-05,Sales,Senior,Full-Time,2.4,11,7.0,10.9,0,0,0,1,0,6,0,0,2.0,5.0,1,0,36.8,0,24.2,32,1,0,9,11,12.8,18,51.7,4.8,79.9,0,0.0,1,0,0.452,Medium,1.0,0.9545454545454546,,synthetic
synth_emp_0023,2026-01-12,Sales,Senior,Full-Time,2.4,11,7.1,10.7,1,2,1,0,0,5,0,0,2.0,18.0,1,0,31.6,0,12.7,43,2,3,2,7,5.5,15,16.2,2.2,80.6,0,0.0,3,0,0.605,Medium,1.0,0.9545454545454546,,synthetic
synth_emp_0023,2026-01-19,Sales,Senior,Full-Time,2.4,11,8.1,4.0,1,1,0,1,0,7,0,0,0.0,8.0,0,0,39.1,0,22.4,31,7,6,8,15,35.3,11,66.4,2.4,91.1,0,0.0,0,0,0.525,Medium,1.0,0.9545454545454546,,synthetic
synth_emp_0023,2026-01-26,Sales,Senior,Full-Time,2.4,11,8.3,,1,1,1,0,0,6,0,0,1.0,11.0,0,0,46.4,1,0.1,9,0,0,8,11,14.9,11,5.8,2.1,68.9,0,0.0,2,0,0.246,Low,1.0,0.9318181818181818,,synthetic
synth_emp_0023,2026-02-02,Sales,Senior,Full-Time,2.4,11,9.6,7.1,3,3,0,2,0,6,0,0,0.0,18.0,1,0,34.7,1,10.2,46,15,1,0,4,24.5,14,53.2,3.9,92.0,0,0.0,0,0,0.788,High,1.0,0.9545454545454546,,synthetic
synth_emp_0023,2026-02-09,Sales,Senior,Full-Time,2.4,11,9.2,8.4,3,0,0,2,0,5,0,0,0.0,13.0,0,0,34.9,2,25.2,7,1,0,9,1,46.0,14,7.0,3.6,59.2,0,0.0,0,0,0.657,Medium,1.0,0.9545454545454546,,synthetic
synth_emp_0023,2026-02-16,Sales,Senior,Full-Time,2.4,11,9.7,2.7,1,2,0,0,0,6,0,0,0.0,9.0,1,0,49.0,2,5.1,1,0,0,9,8,4.8,10,13.9,4.1,57.9,0,0.0,0,0,0.594,Medium,1.0,0.9545454545454546,,synthetic
synth_emp_0023,2026-02-23,Sales,Senior,Full-Time,2.4,11,7.7,5.6,3,0,1,0,0,6,0,0,1.0,18.0,0,0,39.7,1,19.0,7,0,0,0,7,23.9,8,40.3,3.8,46.1,0,0.0,1,0,0.526,Medium,1.0,0.9545454545454546,,synthetic
synth_emp_0023,2026-03-02,Sales,Senior,Full-Time,2.4,11,7.6,,1,3,1,0,0,4,0,0,1.0,14.0,0,0,30.0,1,8.2,40,8,6,4,4,18.2,12,71.9,4.5,52.8,0,0.0,2,0,0.696,Medium,1.0,0.9318181818181818,,synthetic
synth_emp_0023,2026-03-09,Sales,Senior,Full-Time,2.4,11,,8.4,3,1,1,2,0,6,0,0,2.0,13.0,1,0,35.5,2,29.5,19,0,2,5,4,34.9,6,33.6,3.8,41.0,0,0.0,1,0,0.6,Medium,1.0,0.9318181818181818,,synthetic
synth_emp_0023,2026-03-16,Sales,Senior,Full-Time,2.4,11,6.0,13.5,0,0,1,2,0,4,0,0,1.0,17.0,1,0,37.7,2,29.5,43,2,4,1,15,36.7,14,27.3,2.6,40.6,0,0.0,0,0,0.611,Medium,1.0,0.9545454545454546,,synthetic
synth_emp_0023,2026-03-23,Sales,Senior,Full-Time,2.4,11,8.7,2.9,2,0,1,1,0,5,0,0,0.0,11.0,1,0,32.2,1,17.1,39,9,6,7,7,11.6,5,40.2,4.0,73.9,0,0.0,1,0,0.748,High,1.0,0.9545454545454546,,synthetic
synth_emp_0024,2026-01-05,Engineering,Manager,Full-Time,45.0,5,8.3,7.8,2,3,0,1,0,4,0,0,1.0,18.0,1,0,35.5,2,15.5,50,5,8,7,0,,11,37.7,2.1,83.3,0,0.0,0,0,0.748,High,1.0,0.9318181818181818,,synthetic
synth_emp_0024,2026-01-12,Engineering,Manager,Full-Time,45.0,5,7.7,0.1,1,3,0,0,0,5,0,0,0.0,15.0,1,0,31.3,2,2.9,12,1,2,7,0,,13,58.4,3.8,77.6,0,0.0,2,0,0.397,Low,1.0,0.9318181818181818,,synthetic
synth_emp_0024,2026-01-19,Engineering,Manager,Full-Time,45.0,5,7.0,14.4,3,0,1,2,0,4,0,0,0.0,6.0,0,0,37.5,2,2.0,3,0,0,2,7,45.3,1,66.3,3.3,58.1,0,0.0,3,0,0.533,Medium,1.0,0.9545454545454546,,synthetic
synth_emp_0024,2026-01-26,Engineering,Manager,Full-Time,45.0,5,,8.4,0,3,1,1,0,7,0,0,2.0,8.0,1,0,43.0,2,23.5,18,6,1,7,13,11.6,16,24.3,2.6,46.2,0,0.0,0,0,0.63,Medium,1.0,0.9318181818181818,,synthetic
synth_emp_0024,2026-02-02,Engineering,Manager,Full-Time,45.0,5,9.4,1.9,0,0,0,1,0,7,0,0,2.0,16.0,1,0,41.7,2,23.3,32,3,2,2,14,9.3,15,22.9,3.0,62.1,0,0.0,0,0,0.341,Low,1.0,0.9545454545454546,,synthetic
synth_emp_0024,2026-02-09,Engineering,Manager,Full-Time,45.0,5,8.6,3.6,1,0,1,0,0,7,0,0,2.0,19.0,1,0,47.0,2,28.9,35,12,2,9,6,46.9,9,30.7,2.5,67.3,0,0.0,0,0,0.642,Medium,1.0,0.9545454545454546,,synthetic
synth_emp_0024,2026-02-16,Engineering,Manager,Full-Time,45.0,5,9.7,10.4,3,1,0,1,0,4,0,0,0.0,16.0,0,0,41.1,0,8.7,29,7,1,3,10,38.8,20,42.6,4.3,42.6,0,0.0,0,0,0.763,High,1.0,0.9545454545454546,,synthetic
synth_emp_0024,2026-02-23,Engineering,Manager,Full-Time,45.0,5,7.1,3.9,2,0,0,2,0,5,0,0,1.0,8.0,1,0,48.7,1,13.7,11,1,1,5,5,9.8,11,47.9,4.8,98.6,0,0.0,3,0,0.153,Low,1.0,0.9545454545454546,,synthetic
synth_emp_0024,2026-03-02,Engineering,Manager,Full-Time,45.0,5,6.3,13.9,1,0,0,2,0,6,0,0,0.0,15.0,0,0,31.1,1,26.2,50,3,5,8,11,15.6,18,63.9,2.6,44.9,0,0.0,3,0,0.579,Medium,1.0,0.9545454545454546,,synthetic
synth_emp_0024,2026-03-09,Engineering,Manager,Full-Time,45.0,5,8.5,5.8,3,3,1,1,0,7,0,0,2.0,6.0,0,0,34.4,0,13.6,41,12,3,3,14,9.0,12,16.5,3.3,62.6,0,0.0,1,0,0.814,High,1.0,0.9545454545454546,,synthetic
synth_emp_0024,2026-03-16,Engineering,Manager,Full-Time,45.0,5,7.5,2.0,2,3,1,1,0,7,0,0,1.0,16.0,1,0,36.3,1,0.7,5,0,0,7,7,28.2,7,19.9,2.2,94.1,0,0.0,2,0,0.24,Low,1.0,0.9545454545454546,,synthetic
synth_emp_0024,2026-03-23,Engineering,Manager,Full-Time,45.0,5,8.1,11.8,2,2,1,2,0,6,0,0,0.0,9.0,1,0,30.2,1,8.5,14,0,0,5,1,26.4,12,68.2,4.5,85.5,0,0.0,0,0,0.4,Medium,1.0,0.9545454545454546,,synthetic
synth_emp_0025,2026-01-05,Marketing,Manager,Full-Time,52.1,6,9.0,7.7,1,3,1,0,0,7,0,0,1.0,5.0,1,0,32.8,0,9.2,50,11,4,0,14,16.7,15,58.5,4.5,60.4,0,0.0,3,0,0.826,High,1.0,0.9545454545454546,,synthetic
synth_emp_0025,2026-01-12,Marketing,Manager,Full-Time,52.1,6,9.0,10.4,2,3,1,0,0,7,0,0,0.0,17.0,0,0,39.5,1,17.1,19,2,0,7,1,44.3,20,64.5,2.3,46.3,0,0.0,1,0,0.546,Medium,1.0,0.9545454545454546,,synthetic
synth_emp_0025,2026-01-19,Marketing,Manager,Full-Time,52.1,6,,7.3,0,3,0,1,0,4,0,0,0.0,15.0,1,0,37.8,0,3.9,11,0,2,6,12,14.0,15,53.8,3.2,94.2,0,0.0,1,0,0.37,Low,1.0,0.9318181818181818,,synthetic
synth_emp_0025,2026-01-26,Marketing,Manager,Full-Time,52.1,6,6.8,10.6,3,2,0,0,0,5,0,0,1.0,7.0,1,0,42.1,0,15.8,30,1,3,9,9,28.4,15,33.7,3.7,84.2,0,0.0,2,0,0.601,Medium,1.0,0.9545454545454546,,synthetic
synth_emp_0025,2026-02-02,Marketing,Manager,Full-Time,52.1,6,9.7,12.6,3,3,1,2,0,5,0,0,2.0,8.0,1,0,44.0,0,7.2,50,5,6,2,5,20.2,8,63.7,3.6,80.0,0,0.0,0,0,0.704,High,1.0,0.9545454545454546,,synthetic
synth_emp_0025,2026-02-09,Marketing,Manager,Full-Time,52.1,6,8.9,7.4,2,3,1,0,0,6,0,0,0.0,6.0,1,0,30.5,2,20.8,48,10,9,7,2,36.4,12,25.4,3.2,51.7,0,0.0,0,0,0.951,High,1.0,0.9545454545454546,,synthetic
synth_emp_0025,2026-02-16,Marketing,Manager,Full-Time,52.1,6,,13.8,1,3,0,1,0,6,0,0,0.0,10.0,0,0,42.1,0,8.8,20,5,1,8,14,3.7,12,13.0,4.0,40.7,0,0.0,2,0,0.465,Medium,1.0,0.9318181818181818,,synthetic
synth_emp_0025,2026-02-23,Marketing,Manager,Full-Time,52.1,6,7.4,0.5,0,3,1,1,0,4,0,0,2.0,5.0,0,0,45.4,0,27.9,43,9,3,5,1,40.2,7,15.2,2.0,41.7,0,0.0,0,0,0.643,Medium,1.0,0.9545454545454546,,synthetic
synth_emp_0025,2026-03-02,Marketing,Manager,Full-Time,52.1,6,6.8,3.3,0,2,1,2,0,5,0,0,2.0,11.0,1,0,48.8,0,7.0,6,1,0,1,5,34.9,11,24.0,2.0,79.2,0,0.0,0,0,0.113,Low,1.0,0.9545454545454546,,synthetic
synth_emp_0025,2026-03-09,Marketing,Manager,Full-Time,52.1,6,7.8,,3,0,0,1,0,4,0,0,2.0,15.0,1,0,43.6,2,4.0,17,4,1,2,2,42.6,20,55.1,4.1,98.7,0,0.0,3,0,0.223,Low,1.0,0.9318181818181818,,synthetic
synth_emp_0025,2026-03-16,Marketing,Manager,Full-Time,52.1,6,,,0,1,0,2,0,4,0,0,1.0,12.0,1,0,45.1,2,2.4,37,6,3,2,7,24.4,11,36.4,2.6,62.5,0,0.0,0,0,0.611,Medium,1.0,0.9090909090909091,,synthetic
synth_emp_0025,2026-03-23,Marketing,Manager,Full-Time,52.1,6,8.9,6.7,2,0,0,2,0,6,0,0,1.0,12.0,0,0,40.8,2,29.7,21,1,1,10,1,25.2,7,44.2,3.1,59.3,0,0.0,3,0,0.793,High,1.0,0.9545454545454546,,synthetic
synth_emp_0026,2026-01-05,Engineering,Junior,Contractor,5.1,6,,14.1,3,2,0,2,0,5,0,0,0.0,18.0,0,0,42.1,1,8.6,8,0,0,7,6,11.7,20,15.3,4.6,68.9,0,0.0,2,0,0.323,Low,1.0,0.9318181818181818,,synthetic
synth_emp_0026,2026-01-12,Engineering,Junior,Contractor,5.1,6,6.7,7.6,0,2,0,2,0,5,0,0,1.0,17.0,1,0,36.1,1,11.3,47,8,1,9,15,1.4,15,6.1,2.4,68.2,0,0.0,1,0,0.564,Medium,1.0,0.9545454545454546,,synthetic
synth_emp_0026,2026-01-19,Engineering,Junior,Contractor,5.1,6,6.0,11.0,3,2,0,1,0,4,0,0,0.0,17.0,0,0,33.9,1,28.7,23,4,4,5,12,46.6,16,51.3,3.9,62.1,0,0.0,0,0,0.562,Medium,1.0,0.9545454545454546,,synthetic
synth_emp_0026,2026-01-26,Engineering,Junior,Contractor,5.1,6,9.7,3.6,1,2,1,2,0,5,0,0,1.0,12.0,0,0,30.2,0,19.3,2,0,0,6,0,,12,51.1,4.9,44.8,0,0.0,1,0,0.509,Medium,1.0,0.9318181818181818,,synthetic
synth_emp_0026,2026-02-02,Engineering,Junior,Contractor,5.1,6,6.7,10.4,0,0,1,0,0,6,0,0,2.0,11.0,1,0,44.0,0,29.6,32,12,4,7,12,28.3,0,7.9,4.3,65.1,0,0.0,3,0,0.82,High,1.0,0.9545454545454546,,synthetic
synth_emp_0026,2026-02-09,Engineering,Junior,Contractor,5.1,6,8.9,5.6,1,1,0,2,0,5,0,0,0.0,13.0,1,0,38.8,2,3.3,45,2,4,10,3,21.9,5,6.7,2.3,47.5,0,0.0,0,0,0.894,High,1.0,0.9545454545454546,,synthetic
synth_emp_0026,2026-02-16,Engineering,Junior,Contractor,5.1,6,8.3,10.1,0,0,0,2,0,4,0,0,1.0,13.0,1,0,39.5,1,18.1,6,0,0,5,0,,11,49.4,3.0,58.9,0,0.0,1,0,0.5,Medium,1.0,0.9318181818181818,,synthetic
synth_emp_0026,2026-02-23,Engineering,Junior,Contractor,5.1,6,8.7,0.9,3,1,0,2,0,4,0,0,2.0,13.0,0,0,37.4,2,20.6,22,7,3,7,0,,16,30.3,2.6,99.2,0,0.0,2,0,0.737,High,1.0,0.9318181818181818,,synthetic
synth_emp_0026,2026-03-02,Engineering,Junior,Contractor,5.1,6,,0.7,0,2,1,1,0,4,0,0,2.0,17.0,1,0,42.1,2,4.3,47,6,4,8,15,19.5,18,56.7,4.1,41.9,0,0.0,3,0,0.584,Medium,1.0,0.9318181818181818,,synthetic
synth_emp_0026,2026-03-09,Engineering,Junior,Contractor,5.1,6,7.2,8.2,1,1,0,2,0,4,0,0,0.0,18.0,0,0,33.2,1,27.1,29,1,2,4,3,23.4,7,52.1,4.0,97.1,0,0.0,0,0,0.462,Medium,1.0,0.9545454545454546,,synthetic
synth_emp_0026,2026-03-16,Engineering,Junior,Contractor,5.1,6,9.7,7.4,3,3,0,0,0,6,0,0,0.0,14.0,0,0,32.2,1,22.2,50,13,8,3,2,31.1,3,41.7,2.4,58.8,0,0.0,3,0,0.913,High,1.0,0.9545454545454546,,synthetic
synth_emp_0026,2026-03-23,Engineering,Junior,Contractor,5.1,6,6.0,,1,1,0,1,0,4,0,0,2.0,19.0,1,0,32.9,1,25.1,34,2,2,7,13,15.7,14,11.5,2.9,84.8,0,0.0,0,0,0.21,Low,1.0,0.9318181818181818,,synthetic
synth_emp_0027,2026-01-05,Sales,Senior,Contractor,30.6,4,9.4,9.5,1,1,0,2,0,4,0,0,0.0,20.0,1,0,36.0,2,27.4,13,2,1,2,12,3.3,0,39.9,3.0,80.7,0,0.0,2,0,0.743,High,1.0,0.9545454545454546,,synthetic
synth_emp_0027,2026-01-12,Sales,Senior,Contractor,30.6,4,7.6,4.2,0,2,1,2,0,5,0,0,2.0,9.0,1,0,43.9,1,26.9,44,16,6,3,12,5.1,6,58.1,2.6,79.1,0,0.0,2,0,0.497,Medium,1.0,0.9545454545454546,,synthetic
synth_emp_0027,2026-01-19,Sales,Senior,Contractor,30.6,4,8.3,14.8,3,1,0,0,0,6,0,0,2.0,18.0,0,0,42.5,1,7.4,9,1,1,1,5,44.5,7,29.2,2.9,75.8,0,0.0,1,0,0.329,Low,1.0,0.9545454545454546,,synthetic
synth_emp_0027,2026-01-26,Sales,Senior,Contractor,30.6,4,7.5,11.9,2,0,0,0,0,4,0,0,0.0,20.0,0,0,30.5,2,29.6,42,1,3,7,12,13.6,8,50.3,2.3,75.6,0,0.0,3,0,0.646,Medium,1.0,0.9545454545454546,,synthetic
synth_emp_0027,2026-02-02,Sales,Senior,Contractor,30.6,4,8.6,8.6,3,3,0,2,0,4,0,0,0.0,8.0,0,0,47.2,2,5.4,6,0,0,8,5,19.8,14,57.8,2.4,47.7,0,0.0,1,0,0.71,High,1.0,0.9545454545454546,,synthetic
synth_emp_0027,2026-02-09,Sales,Senior,Contractor,30.6,4,6.4,11.3,0,1,1,0,0,6,0,0,2.0,19.0,0,0,41.5,2,9.4,5,1,0,5,11,46.4,19,39.2,2.6,45.9,0,0.0,0,0,0.351,Low,1.0,0.9545454545454546,,synthetic
synth_emp_0027,2026-02-16,Sales,Senior,Contractor,30.6,4,6.8,12.5,3,0,1,1,0,7,0,0,2.0,10.0,1,0,39.1,1,20.3,8,1,0,2,11,13.7,17,15.5,3.9,56.2,0,0.0,1,0,0.519,Medium,1.0,0.9545454545454546,,synthetic
synth_emp_0027,2026-02-23,Sales,Senior,Contractor,30.6,4,8.3,7.7,1,0,1,0,0,4,0,0,2.0,18.0,0,0,36.6,0,10.9,10,1,0,5,13,18.5,8,11.4,4.4,56.4,0,0.0,0,0,0.589,Medium,1.0,0.9545454545454546,,synthetic
synth_emp_0027,2026-03-02,Sales,Senior,Contractor,30.6,4,9.9,1.6,0,2,1,2,0,6,0,0,2.0,8.0,0,0,33.4,1,5.4,7,0,1,10,9,28.5,17,40.2,4.6,64.2,0,0.0,1,0,0.542,Medium,1.0,0.9545454545454546,,synthetic
synth_emp_0027,2026-03-09,Sales,Senior,Contractor,30.6,4,8.7,9.9,2,1,1,2,0,7,0,0,0.0,19.0,1,0,46.0,2,8.6,9,1,1,6,1,44.1,16,67.9,4.6,88.8,0,0.0,2,0,0.692,Medium,1.0,0.9545454545454546,,synthetic
synth_emp_0027,2026-03-16,Sales,Senior,Contractor,30.6,4,6.3,11.6,0,0,1,2,0,7,0,0,0.0,18.0,0,0,39.6,2,20.6,5,1,0,10,7,45.4,17,50.5,3.2,77.0,0,0.0,0,0,0.35,Low,1.0,0.9545454545454546,,synthetic
synth_emp_0027,2026-03-23,Sales,Senior,Contractor,30.6,4,8.8,3.7,1,1,0,1,0,5,0,0,2.0,16.0,0,0,38.5,1,5.1,47,12,8,1,1,29.4,10,65.9,2.7,72.3,0,0.0,0,0,0.889,High,1.0,0.9545454545454546,,synthetic
synth_emp_0028,2026-01-05,Design,Senior,Contractor,18.3,6,,5.9,3,0,1,0,0,7,0,0,1.0,14.0,1,0,32.1,1,26.7,19,7,3,2,1,44.9,12,26.2,2.3,69.5,0,0.0,0,0,0.868,High,1.0,0.9318181818181818,,synthetic
synth_emp_0028,2026-01-12,Design,Senior,Contractor,18.3,6,9.6,13.7,2,3,0,2,0,6,0,0,0.0,19.0,1,0,33.2,1,22.4,0,0,0,0,7,22.9,11,63.7,4.1,46.6,0,0.0,2,0,0.612,Medium,1.0,0.9545454545454546,,synthetic
synth_emp_0028,2026-01-19,Design,Senior,Contractor,18.3,6,,11.2,0,3,1,2,0,7,0,0,2.0,9.0,1,0,45.0,1,15.1,2,0,0,6,15,46.1,4,8.8,2.3,41.3,0,0.0,1,0,0.595,Medium,1.0,0.9318181818181818,,synthetic
synth_emp_0028,2026-01-26,Design,Senior,Contractor,18.3,6,6.1,0.8,2,2,1,0,0,7,0,0,0.0,9.0,0,0,35.0,0,25.9,21,3,2,3,0,,13,15.1,4.1,88.6,0,0.0,1,0,0.23,Low,1.0,0.9318181818181818,,synthetic
synth_emp_0028,2026-02-02,Design,Senior,Contractor,18.3,6,9.4,2.2,1,0,0,1,0,7,0,0,2.0,14.0,0,0,34.4,1,14.4,7,0,0,8,6,44.6,13,46.7,2.9,56.2,0,0.0,2,0,0.428,Medium,1.0,0.9545454545454546,,synthetic
synth_emp_0028,2026-02-09,Design,Senior,Contractor,18.3,6,8.8,13.4,0,3,0,1,0,7,0,0,1.0,15.0,1,0,32.2,2,0.4,11,0,0,8,10,10.6,4,24.5,4.2,61.7,0,0.0,2,0,0.642,Medium,1.0,0.9545454545454546,,synthetic
synth_emp_0028,2026-02-16,Design,Senior,Contractor,18.3,6,7.1,1.3,1,1,1,0,0,4,0,0,2.0,15.0,1,0,44.5,0,16.0,6,0,0,2,3,2.4,1,10.1,3.3,82.7,0,0.0,2,0,0.39,Low,1.0,0.9545454545454546,,synthetic
synth_emp_0028,2026-02-23,Design,Senior,Contractor,18.3,6,7.8,13.7,2,1,1,0,0,4,0,0,2.0,11.0,1,0,39.9,2,26.1,4,0,0,1,0,,5,32.1,3.5,73.7,0,0.0,3,0,0.35,Low,1.0,0.9318181818181818,,synthetic
synth_emp_0028,2026-03-02,Design,Senior,Contractor,18.3,6,7.1,2.4,2,2,0,1,0,6,0,0,2.0,8.0,0,0,34.5,2,7.1,13,3,0,0,14,24.4,20,11.5,4.7,95.6,0,0.0,2,0,0.316,Low,1.0,0.9545454545454546,,synthetic
synth_emp_0028,2026-03-09,Design,Senior,Contractor,18.3,6,6.2,14.8,2,0,1,2,0,5,0,0,1.0,14.0,1,0,49.7,2,24.5,13,2,0,5,11,30.6,7,52.9,2.8,55.4,0,0.0,0,0,0.592,Medium,1.0,0.9545454545454546,,synthetic
synth_emp_0028,2026-03-16,Design,Senior,Contractor,18.3,6,9.9,11.7,1,3,0,1,0,6,0,0,0.0,17.0,0,0,38.9,2,21.8,6,1,0,5,8,41.8,4,65.1,2.3,50.9,0,0.0,1,0,0.69,Medium,1.0,0.9545454545454546,,synthetic
synth_emp_0028,2026-03-23,Design,Senior,Contractor,18.3,6,6.7,14.2,1,0,0,0,0,7,0,0,0.0,19.0,1,0,32.0,2,4.1,11,2,0,0,5,42.5,19,8.1,3.2,46.6,0,0.0,0,0,0.545,Medium,1.0,0.9545454545454546,,synthetic
synth_emp_0029,2026-01-05,Engineering,Mid,Full-Time,46.4,7,8.5,,1,3,1,0,0,6,0,0,1.0,20.0,0,0,34.9,2,20.8,0,0,0,10,10,41.0,17,9.7,4.5,46.2,0,0.0,2,0,0.125,Low,1.0,0.9318181818181818,,synthetic
synth_emp_0029,2026-01-12,Engineering,Mid,Full-Time,46.4,7,9.5,0.0,3,0,1,0,0,4,0,0,0.0,8.0,1,0,37.1,2,10.0,14,0,1,5,4,17.3,2,64.6,3.8,50.7,0,0.0,2,0,0.386,Low,1.0,0.9545454545454546,,synthetic
synth_emp_0029,2026-01-19,Engineering,Mid,Full-Time,46.4,7,8.7,10.0,2,2,0,0,0,5,0,0,2.0,9.0,1,0,33.0,1,21.6,19,4,1,7,3,13.4,2,9.0,3.3,83.6,0,0.0,1,0,0.65,Medium,1.0,0.9545454545454546,,synthetic
synth_emp_0029,2026-01-26,Engineering,Mid,Full-Time,46.4,7,,2.7,2,1,0,1,0,7,0,0,2.0,20.0,1,0,40.6,0,11.5,24,3,2,9,15,33.4,13,38.4,4.3,88.7,0,0.0,1,0,0.224,Low,1.0,0.9318181818181818,,synthetic
synth_emp_0029,2026-02-02,Engineering,Mid,Full-Time,46.4,7,6.9,,2,2,0,1,0,7,0,0,0.0,18.0,0,0,34.2,0,1.7,1,0,0,2,4,44.2,3,69.3,4.1,62.6,0,0.0,0,0,0.118,Low,1.0,0.9318181818181818,,synthetic
synth_emp_0029,2026-02-09,Engineering,Mid,Full-Time,46.4,7,7.7,,0,1,0,0,0,7,0,0,0.0,10.0,1,0,44.9,2,15.8,6,1,0,4,5,1.9,15,30.2,3.0,86.9,0,0.0,0,0,0.21,Low,1.0,0.9318181818181818,,synthetic
synth_emp_0029,2026-02-16,Engineering,Mid,Full-Time,46.4,7,6.6,0.5,3,2,1,2,0,5,0,0,1.0,10.0,1,0,49.5,2,11.3,48,3,1,2,12,40.1,6,29.4,2.2,63.5,0,0.0,0,0,0.304,Low,1.0,0.9545454545454546,,synthetic
synth_emp_0029,2026-02-23,Engineering,Mid,Full-Time,46.4,7,7.9,9.6,0,2,1,0,0,5,0,0,1.0,10.0,0,0,31.3,2,0.3,24,1,3,4,13,9.7,6,40.2,3.9,41.9,0,0.0,2,0,0.483,Medium,1.0,0.9545454545454546,,synthetic
synth_emp_0029,2026-03-02,Engineering,Mid,Full-Time,46.4,7,,0.7,2,2,1,2,0,5,0,0,1.0,17.0,1,0,49.5,2,20.2,50,9,0,5,2,45.3,13,64.7,3.5,70.1,0,0.0,1,0,0.253,Low,1.0,0.9318181818181818,,synthetic
synth_emp_0029,2026-03-09,Engineering,Mid,Full-Time,46.4,7,,7.2,1,1,0,2,0,5,0,0,2.0,15.0,1,0,45.7,1,8.7,2,0,0,9,14,4.2,13,3.8,4.1,81.0,0,0.0,1,0,0.488,Medium,1.0,0.9318181818181818,,synthetic
synth_emp_0029,2026-03-16,Engineering,Mid,Full-Time,46.4,7,8.4,,2,0,1,0,0,7,0,0,1.0,10.0,1,0,33.2,1,17.3,9,2,1,5,3,38.7,2,6.1,4.1,67.6,0,0.0,3,0,0.143,Low,1.0,0.9318181818181818,,synthetic
synth_emp_0029,2026-03-23,Engineering,Mid,Full-Time,46.4,7,9.1,13.9,1,3,1,2,0,6,0,0,1.0,7.0,1,0,40.1,1,26.3,7,2,0,10,11,41.3,1,45.1,3.9,84.5,0,0.0,1,0,0.62,Medium,1.0,0.9545454545454546,,synthetic
synth_emp_0030,2026-01-05,Sales,Junior,Full-Time,51.3,7,8.3,3.3,3,0,0,0,0,4,0,0,1.0,18.0,0,0,38.0,0,9.5,29,7,2,9,14,31.0,15,16.1,4.2,46.9,0,0.0,3,0,0.52,Medium,1.0,0.9545454545454546,,synthetic
synth_emp_0030,2026-01-12,Sales,Junior,Full-Time,51.3,7,,7.0,3,3,0,0,0,5,0,0,0.0,18.0,1,0,35.0,0,2.5,40,3,4,1,12,3.5,8,29.8,2.9,82.7,0,0.0,3,0,0.693,Medium,1.0,0.9318181818181818,,synthetic
synth_emp_0030,2026-01-19,Sales,Junior,Full-Time,51.3,7,8.7,12.5,3,3,1,2,0,5,0,0,2.0,18.0,1,0,48.3,2,11.7,5,1,0,0,9,8.3,17,56.6,3.8,44.7,0,0.0,1,0,0.605,Medium,1.0,0.9545454545454546,,synthetic
synth_emp_0030,2026-01-26,Sales,Junior,Full-Time,51.3,7,9.9,11.1,2,0,1,1,0,4,0,0,1.0,9.0,1,0,42.8,2,2.9,47,13,0,3,14,44.9,6,30.8,3.6,50.0,0,0.0,3,0,0.8,High,1.0,0.9545454545454546,,synthetic
synth_emp_0030,2026-02-02,Sales,Junior,Full-Time,51.3,7,6.8,10.2,0,3,1,1,0,7,0,0,1.0,16.0,1,0,40.5,1,3.4,0,0,0,2,9,43.1,14,31.4,2.5,75.7,0,0.0,3,0,0.451,Medium,1.0,0.9545454545454546,,synthetic
synth_emp_0030,2026-02-09,Sales,Junior,Full-Time,51.3,7,9.4,6.6,0,0,0,2,0,7,0,0,0.0,20.0,0,0,42.7,2,17.4,18,5,3,0,3,47.8,9,61.5,2.6,86.6,0,0.0,3,0,0.892,High,1.0,0.9545454545454546,,synthetic
synth_emp_0030,2026-02-16,Sales,Junior,Full-Time,51.3,7,9.4,5.3,1,2,1,2,0,6,0,0,1.0,18.0,0,0,30.1,1,1.0,50,18,4,0,12,0.9,4,57.1,4.5,71.1,0,0.0,2,0,0.912,High,1.0,0.9545454545454546,,synthetic
synth_emp_0030,2026-02-23,Sales,Junior,Full-Time,51.3,7,9.8,3.6,1,3,0,1,0,6,0,0,2.0,10.0,1,0,34.6,2,24.0,25,1,3,8,1,38.6,3,45.8,4.4,90.6,0,0.0,2,0,0.623,Medium,1.0,0.9545454545454546,,synthetic
synth_emp_0030,2026-03-02,Sales,Junior,Full-Time,51.3,7,6.6,1.4,0,3,0,2,0,5,0,0,1.0,16.0,0,0,34.8,0,8.9,1,0,0,8,4,1.8,7,52.6,4.4,62.7,0,0.0,2,0,0.312,Low,1.0,0.9545454545454546,,synthetic
synth_emp_0030,2026-03-09,Sales,Junior,Full-Time,51.3,7,7.1,9.4,0,1,1,1,0,5,0,0,0.0,7.0,1,0,46.9,0,11.7,40,15,6,7,3,22.3,0,30.4,3.5,77.5,0,0.0,1,0,0.779,High,1.0,0.9545454545454546,,synthetic
synth_emp_0030,2026-03-16,Sales,Junior,Full-Time,51.3,7,7.5,13.6,0,0,1,1,0,7,0,0,2.0,5.0,0,0,40.4,1,27.8,10,0,0,3,5,31.8,19,3.1,2.1,70.7,0,0.0,1,0,0.489,Medium,1.0,0.9545454545454546,,synthetic
synth_emp_0030,2026-03-23,Sales,Junior,Full-Time,51.3,7,7.5,0.4,0,2,1,1,0,7,0,0,1.0,17.0,0,0,35.0,0,20.6,8,0,1,4,4,13.2,12,8.3,4.4,75.3,0,0.0,1,0,0.244,Low,1.0,0.9545454545454546,,synthetic
synth_emp_0031,2026-01-05,Product,Lead,Contractor,53.1,9,7.1,1.6,3,1,0,2,0,6,0,0,2.0,18.0,1,0,42.1,2,28.5,24,4,2,8,11,43.1,11,29.3,2.3,88.5,0,0.0,3,0,0.346,Low,1.0,0.9545454545454546,,synthetic
synth_emp_0031,2026-01-12,Product,Lead,Contractor,53.1,9,7.4,,0,2,0,1,0,6,0,0,0.0,7.0,1,0,35.7,0,15.8,42,6,1,1,10,6.3,17,20.7,3.8,93.0,0,0.0,0,0,0.346,Low,1.0,0.9318181818181818,,synthetic
synth_emp_0031,2026-01-19,Product,Lead,Contractor,53.1,9,8.6,6.5,3,0,0,1,0,5,0,0,2.0,15.0,1,0,34.7,0,8.6,20,1,0,10,15,24.2,18,71.1,4.7,57.1,0,0.0,3,0,0.797,High,1.0,0.9545454545454546,,synthetic
synth_emp_0031,2026-01-26,Product,Lead,Contractor,53.1,9,,7.9,2,2,1,1,0,7,0,0,0.0,15.0,1,0,42.2,1,9.0,21,5,0,7,3,39.9,15,61.3,4.9,47.3,0,0.0,2,0,0.425,Medium,1.0,0.9318181818181818,,synthetic
synth_emp_0031,2026-02-02,Product,Lead,Contractor,53.1,9,6.4,12.4,2,0,0,1,0,4,0,0,0.0,6.0,1,0,31.5,1,20.6,8,0,0,6,13,11.3,8,50.6,4.8,75.0,0,0.0,0,0,0.326,Low,1.0,0.9545454545454546,,synthetic
synth_emp_0031,2026-02-09,Product,Lead,Contractor,53.1,9,9.4,13.3,2,2,1,0,0,4,0,0,1.0,14.0,0,0,37.1,0,19.8,26,6,3,3,7,27.9,2,6.3,3.5,52.7,0,0.0,1,0,0.998,High,1.0,0.9545454545454546,,synthetic
synth_emp_0031,2026-02-16,Product,Lead,Contractor,53.1,9,7.5,5.1,3,1,0,0,0,5,0,0,1.0,17.0,1,0,47.4,2,6.1,37,11,3,6,10,36.6,6,5.9,3.3,81.2,0,0.0,0,0,0.694,Medium,1.0,0.9545454545454546,,synthetic
synth_emp_0031,2026-02-23,Product,Lead,Contractor,53.1,9,9.5,3.6,0,2,1,0,0,5,0,0,1.0,18.0,1,0,31.1,1,11.1,29,2,0,0,14,17.2,20,28.2,4.8,51.6,0,0.0,1,0,0.335,Low,1.0,0.9545454545454546,,synthetic
synth_emp_0031,2026-03-02,Product,Lead,Contractor,53.1,9,8.4,7.4,0,0,1,0,0,4,0,0,2.0,8.0,1,0,34.5,2,21.0,27,1,0,6,7,46.1,12,28.9,2.7,89.4,0,0.0,2,0,0.366,Low,1.0,0.9545454545454546,,synthetic
synth_emp_0031,2026-03-09,Product,Lead,Contractor,53.1,9,6.7,9.6,3,2,0,0,0,6,0,0,2.0,7.0,0,0,33.7,1,4.3,45,10,6,0,3,9.3,15,31.4,2.1,98.5,0,0.0,0,0,0.872,High,1.0,0.9545454545454546,,synthetic
synth_emp_0031,2026-03-16,Product,Lead,Contractor,53.1,9,9.0,,0,0,1,0,0,5,0,0,0.0,8.0,0,0,36.1,2,10.1,22,8,2,7,15,42.0,11,71.3,2.8,69.2,0,0.0,2,0,0.592,Medium,1.0,0.9318181818181818,,synthetic
synth_emp_0031,2026-03-23,Product,Lead,Contractor,53.1,9,9.3,5.0,0,1,1,0,0,5,0,0,1.0,20.0,0,0,34.9,2,20.9,33,10,5,6,15,5.9,11,15.6,2.3,95.2,0,0.0,3,0,0.806,High,1.0,0.9545454545454546,,synthetic
synth_emp_0032,2026-01-05,Engineering,Senior,Contractor,59.3,11,9.6,5.0,2,0,1,1,0,6,0,0,1.0,8.0,0,0,40.0,2,4.4,37,6,7,10,9,9.6,4,38.1,2.9,73.5,0,0.0,1,0,0.774,High,1.0,0.9545454545454546,,synthetic
synth_emp_0032,2026-01-12,Engineering,Senior,Contractor,59.3,11,7.2,0.2,3,2,0,0,0,6,0,0,0.0,16.0,1,0,45.7,2,20.0,2,0,0,8,3,3.0,4,68.7,4.1,48.6,0,0.0,1,0,0.192,Low,1.0,0.9545454545454546,,synthetic
synth_emp_0032,2026-01-19,Engineering,Senior,Contractor,59.3,11,9.7,0.5,0,2,1,2,0,6,0,0,0.0,18.0,1,0,46.1,0,20.5,22,2,2,3,12,20.6,8,10.6,3.7,58.1,0,0.0,0,0,0.59,Medium,1.0,0.9545454545454546,,synthetic
synth_emp_0032,2026-01-26,Engineering,Senior,Contractor,59.3,11,9.7,2.8,2,3,1,1,0,7,0,0,1.0,18.0,1,0,30.6,2,0.8,50,17,4,6,4,25.5,2,54.7,3.8,58.1,0,0.0,1,0,0.808,High,1.0,0.9545454545454546,,synthetic
synth_emp_0032,2026-02-02,Engineering,Senior,Contractor,59.3,11,7.5,13.5,3,0,0,0,0,6,0,0,2.0,8.0,1,0,41.9,1,17.0,18,0,3,5,4,19.6,1,9.6,3.8,70.6,0,0.0,0,0,0.452,Medium,1.0,0.9545454545454546,,synthetic
synth_emp_0032,2026-02-09,Engineering,Senior,Contractor,59.3,11,8.1,14.5,0,3,0,0,0,4,0,0,0.0,9.0,0,0,40.4,0,6.1,8,0,1,7,4,14.8,0,60.1,3.3,43.3,0,0.0,0,0,0.393,Low,1.0,0.9545454545454546,,synthetic
synth_emp_0032,2026-02-16,Engineering,Senior,Contractor,59.3,11,7.9,3.5,3,1,0,0,0,5,0,0,2.0,12.0,0,0,40.2,2,16.4,34,3,4,7,14,41.3,15,21.6,4.0,97.5,0,0.0,3,0,0.435,Medium,1.0,0.9545454545454546,,synthetic
synth_emp_0032,2026-02-23,Engineering,Senior,Contractor,59.3,11,7.1,12.0,0,3,0,2,0,6,0,0,0.0,19.0,0,0,48.2,1,28.9,29,4,2,7,0,,14,20.7,4.9,61.5,0,0.0,1,0,0.385,Low,1.0,0.9318181818181818,,synthetic
synth_emp_0032,2026-03-02,Engineering,Senior,Contractor,59.3,11,8.8,0.9,1,2,1,1,0,4,0,0,2.0,20.0,1,0,49.3,2,19.8,41,2,5,9,10,22.3,16,56.1,3.6,47.8,0,0.0,2,0,0.708,High,1.0,0.9545454545454546,,synthetic
synth_emp_0032,2026-03-09,Engineering,Senior,Contractor,59.3,11,8.3,12.4,3,3,1,0,0,5,0,0,0.0,10.0,1,0,45.1,1,27.7,4,0,0,0,5,11.5,19,18.8,2.1,85.0,0,0.0,3,0,0.5,Medium,1.0,0.9545454545454546,,synthetic
synth_emp_0032,2026-03-16,Engineering,Senior,Contractor,59.3,11,8.4,13.9,1,1,1,1,0,7,0,0,2.0,14.0,0,0,34.0,0,13.0,20,0,1,8,4,47.5,6,7.1,2.1,97.6,0,0.0,0,0,0.472,Medium,1.0,0.9545454545454546,,synthetic
synth_emp_0032,2026-03-23,Engineering,Senior,Contractor,59.3,11,9.2,5.4,3,1,0,2,0,7,0,0,2.0,16.0,1,0,42.4,2,25.6,26,5,4,1,10,9.3,14,31.4,3.1,44.3,0,0.0,0,0,0.869,High,1.0,0.9545454545454546,,synthetic
synth_emp_0033,2026-01-05,Product,Manager,Contractor,7.0,10,8.4,3.4,2,0,0,2,0,6,0,0,1.0,6.0,0,0,41.7,1,19.6,18,6,0,0,11,3.7,10,30.9,2.6,93.3,0,0.0,0,0,0.511,Medium,1.0,0.9545454545454546,,synthetic
synth_emp_0033,2026-01-12,Product,Manager,Contractor,7.0,10,8.2,13.9,0,2,0,1,0,4,0,0,2.0,20.0,0,0,35.4,0,3.1,42,15,0,7,15,4.0,16,17.0,3.1,68.7,0,0.0,1,0,0.734,High,1.0,0.9545454545454546,,synthetic
synth_emp_0033,2026-01-19,Product,Manager,Contractor,7.0,10,,,3,0,1,1,0,5,0,0,1.0,18.0,0,0,32.3,0,26.9,49,15,1,5,12,32.9,11,14.7,3.3,43.5,0,0.0,1,0,0.471,Medium,1.0,0.9090909090909091,,synthetic
synth_emp_0033,2026-01-26,Product,Manager,Contractor,7.0,10,,,1,0,0,0,0,5,0,0,1.0,10.0,1,0,30.9,1,18.1,26,7,4,3,1,47.6,9,10.2,3.2,79.5,0,0.0,0,0,0.404,Medium,1.0,0.9090909090909091,,synthetic
synth_emp_0033,2026-02-02,Product,Manager,Contractor,7.0,10,,3.1,2,2,0,2,0,6,0,0,1.0,8.0,0,0,36.9,1,21.2,45,13,3,9,7,21.6,15,20.9,2.6,48.2,0,0.0,1,0,0.491,Medium,1.0,0.9318181818181818,,synthetic
synth_emp_0033,2026-02-09,Product,Manager,Contractor,7.0,10,8.2,10.9,0,0,1,0,0,6,0,0,1.0,17.0,1,0,46.5,0,1.8,50,2,9,9,14,31.4,12,36.2,4.6,63.1,0,0.0,0,0,0.586,Medium,1.0,0.9545454545454546,,synthetic
synth_emp_0033,2026-02-16,Product,Manager,Contractor,7.0,10,7.5,8.0,2,2,0,0,0,6,0,0,2.0,18.0,1,0,45.7,2,22.6,42,5,4,1,11,45.0,17,28.6,4.2,80.7,0,0.0,3,0,0.723,High,1.0,0.9545454545454546,,synthetic
synth_emp_0033,2026-02-23,Product,Manager,Contractor,7.0,10,8.9,3.9,2,0,0,2,0,6,0,0,1.0,17.0,0,0,42.3,1,8.1,24,4,4,4,7,6.8,20,58.5,3.8,47.5,0,0.0,2,0,0.455,Medium,1.0,0.9545454545454546,,synthetic
synth_emp_0033,2026-03-02,Product,Manager,Contractor,7.0,10,9.4,0.3,3,0,0,1,0,6,0,0,0.0,19.0,0,0,35.2,1,7.8,0,0,0,7,15,30.8,4,17.1,2.5,92.3,0,0.0,0,0,0.467,Medium,1.0,0.9545454545454546,,synthetic
synth_emp_0033,2026-03-09,Product,Manager,Contractor,7.0,10,8.6,7.6,2,2,0,2,0,6,0,0,2.0,6.0,0,0,37.0,0,15.2,28,6,0,1,7,3.4,16,6.5,2.6,74.2,0,0.0,3,0,0.864,High,1.0,0.9545454545454546,,synthetic
synth_emp_0033,2026-03-16,Product,Manager,Contractor,7.0,10,,4.2,2,3,1,2,0,4,0,0,0.0,16.0,0,0,35.8,0,27.4,1,0,0,0,10,46.8,3,44.2,4.4,70.6,0,0.0,2,0,0.369,Low,1.0,0.9318181818181818,,synthetic
synth_emp_0033,2026-03-23,Product,Manager,Contractor,7.0,10,7.5,9.9,1,3,0,2,0,4,0,0,2.0,20.0,1,0,36.3,0,25.1,9,1,1,4,2,45.9,7,24.3,4.4,98.6,0,0.0,1,0,0.588,Medium,1.0,0.9545454545454546,,synthetic
synth_emp_0034,2026-01-05,Marketing,Senior,Full-Time,41.9,10,9.5,5.3,3,1,0,2,0,5,0,0,1.0,9.0,1,0,45.9,1,9.4,32,0,2,1,15,29.2,13,30.9,4.9,74.6,0,0.0,1,0,0.635,Medium,1.0,0.9545454545454546,,synthetic
synth_emp_0034,2026-01-12,Marketing,Senior,Full-Time,41.9,10,9.5,,0,3,0,2,0,5,0,0,0.0,9.0,1,0,48.1,1,3.8,7,1,1,8,15,35.8,7,51.6,2.4,93.8,0,0.0,2,0,0.338,Low,1.0,0.9318181818181818,,synthetic
synth_emp_0034,2026-01-19,Marketing,Senior,Full-Time,41.9,10,8.5,0.7,3,2,1,2,0,5,0,0,2.0,10.0,0,0,33.0,0,17.8,47,17,8,5,13,30.5,20,33.2,3.0,50.6,0,0.0,2,0,0.622,Medium,1.0,0.9545454545454546,,synthetic
synth_emp_0034,2026-01-26,Marketing,Senior,Full-Time,41.9,10,6.4,5.1,1,1,0,2,0,5,0,0,1.0,13.0,1,0,32.0,1,5.0,36,7,3,4,13,14.0,8,35.6,2.7,50.2,0,0.0,2,0,0.715,High,1.0,0.9545454545454546,,synthetic
synth_emp_0034,2026-02-02,Marketing,Senior,Full-Time,41.9,10,9.0,10.0,1,0,1,0,0,6,0,0,0.0,14.0,1,0,44.6,2,3.8,9,0,0,7,5,1.8,9,66.2,4.1,95.2,0,0.0,0,0,0.771,High,1.0,0.9545454545454546,,synthetic
synth_emp_0034,2026-02-09,Marketing,Senior,Full-Time,41.9,10,7.7,13.0,1,0,1,0,0,6,0,0,1.0,19.0,0,0,44.1,1,26.8,17,4,0,0,11,38.7,13,8.1,4.1,71.3,0,0.0,1,0,0.523,Medium,1.0,0.9545454545454546,,synthetic
synth_emp_0034,2026-02-16,Marketing,Senior,Full-Time,41.9,10,8.6,0.5,1,2,1,0,0,7,0,0,0.0,20.0,1,0,32.6,2,26.3,40,10,1,8,12,41.9,6,1.2,2.2,73.5,0,0.0,1,0,0.516,Medium,1.0,0.9545454545454546,,synthetic
synth_emp_0034,2026-02-23,Marketing,Senior,Full-Time,41.9,10,6.2,9.2,2,1,1,2,0,7,0,0,1.0,17.0,1,0,40.9,1,2.9,40,9,5,1,15,25.7,9,30.8,3.3,54.8,0,0.0,3,0,0.886,High,1.0,0.9545454545454546,,synthetic
synth_emp_0034,2026-03-02,Marketing,Senior,Full-Time,41.9,10,7.9,1.7,3,1,0,1,0,6,0,0,2.0,11.0,1,0,31.2,1,7.8,44,7,1,5,15,40.4,13,28.8,3.3,63.9,0,0.0,0,0,0.509,Medium,1.0,0.9545454545454546,,synthetic
synth_emp_0034,2026-03-09,Marketing,Senior,Full-Time,41.9,10,8.9,12.3,0,2,0,2,0,4,0,0,2.0,5.0,1,0,31.8,2,10.0,19,3,0,5,5,26.0,17,5.5,2.1,52.6,0,0.0,1,0,0.734,High,1.0,0.9545454545454546,,synthetic
synth_emp_0034,2026-03-16,Marketing,Senior,Full-Time,41.9,10,9.4,10.8,1,0,0,0,0,4,0,0,2.0,17.0,1,0,30.8,1,9.0,18,5,3,3,10,20.1,20,55.8,2.7,56.3,0,0.0,0,0,0.816,High,1.0,0.9545454545454546,,synthetic
synth_emp_0034,2026-03-23,Marketing,Senior,Full-Time,41.9,10,7.5,12.3,1,0,1,0,0,6,0,0,1.0,18.0,0,0,36.0,1,6.1,17,5,0,4,13,1.5,20,41.9,3.1,65.8,0,0.0,1,0,0.523,Medium,1.0,0.9545454545454546,,synthetic
synth_emp_0035,2026-01-05,Marketing,Manager,Contractor,29.5,11,7.5,10.9,3,1,1,1,0,7,0,0,2.0,8.0,1,0,36.6,2,29.3,23,7,3,1,14,11.1,17,13.0,4.6,69.4,0,0.0,1,0,0.893,High,1.0,0.9545454545454546,,synthetic
synth_emp_0035,2026-01-12,Marketing,Manager,Contractor,29.5,11,,12.6,3,2,1,0,0,4,0,0,1.0,18.0,0,0,35.4,0,22.7,33,9,3,7,7,3.3,17,36.5,4.9,54.1,0,0.0,3,0,0.748,High,1.0,0.9318181818181818,,synthetic
synth_emp_0035,2026-01-19,Marketing,Manager,Contractor,29.5,11,8.1,14.9,1,0,0,0,0,7,0,0,0.0,6.0,1,0,39.9,2,24.1,5,1,0,7,2,18.3,4,54.2,3.6,64.0,0,0.0,2,0,0.527,Medium,1.0,0.9545454545454546,,synthetic
synth_emp_0035,2026-01-26,Marketing,Manager,Contractor,29.5,11,10.0,13.2,2,1,1,2,0,6,0,0,1.0,19.0,0,0,48.7,2,21.6,17,3,2,2,11,27.3,5,38.2,4.5,40.6,0,0.0,3,0,0.55,Medium,1.0,0.9545454545454546,,synthetic
synth_emp_0035,2026-02-02,Marketing,Manager,Contractor,29.5,11,7.9,0.1,3,1,0,1,0,5,0,0,1.0,5.0,0,0,35.5,1,17.5,44,3,6,4,14,16.2,11,45.3,3.2,55.3,0,0.0,1,0,0.268,Low,1.0,0.9545454545454546,,synthetic
synth_emp_0035,2026-02-09,Marketing,Manager,Contractor,29.5,11,,11.0,3,2,1,2,0,7,0,0,0.0,10.0,0,0,45.7,0,2.7,17,1,1,9,4,38.4,4,11.2,3.4,40.0,0,0.0,0,0,0.476,Medium,1.0,0.9318181818181818,,synthetic
synth_emp_0035,2026-02-16,Marketing,Manager,Contractor,29.5,11,6.2,6.6,3,3,1,1,0,6,0,0,2.0,7.0,0,0,49.1,2,25.0,42,7,2,2,3,11.9,13,40.8,3.5,87.3,0,0.0,0,0,0.568,Medium,1.0,0.9545454545454546,,synthetic
synth_emp_0035,2026-02-23,Marketing,Manager,Contractor,29.5,11,7.7,0.4,1,3,1,0,0,4,0,0,0.0,19.0,1,0,40.5,0,17.6,23,7,3,5,11,35.1,3,65.7,4.7,70.2,0,0.0,0,0,0.464,Medium,1.0,0.9545454545454546,,synthetic
synth_emp_0035,2026-03-02,Marketing,Manager,Contractor,29.5,11,6.1,7.2,0,3,1,1,0,5,0,0,1.0,8.0,0,0,37.4,2,26.8,2,0,0,2,8,30.2,5,62.8,2.4,65.2,0,0.0,0,0,0.591,Medium,1.0,0.9545454545454546,,synthetic
synth_emp_0035,2026-03-09,Marketing,Manager,Contractor,29.5,11,,0.9,2,2,0,2,0,6,0,0,2.0,5.0,1,0,38.3,2,20.1,6,2,0,1,6,31.6,6,59.6,3.5,83.7,0,0.0,0,0,0.321,Low,1.0,0.9318181818181818,,synthetic
synth_emp_0035,2026-03-16,Marketing,Manager,Contractor,29.5,11,6.2,10.3,2,0,1,1,0,4,0,0,2.0,19.0,0,0,32.3,0,5.5,26,1,3,1,0,,5,23.5,3.9,41.2,0,0.0,1,0,0.543,Medium,1.0,0.9318181818181818,,synthetic
synth_emp_0035,2026-03-23,Marketing,Manager,Contractor,29.5,11,6.9,1.2,2,0,1,2,0,6,0,0,0.0,13.0,0,0,41.3,1,6.8,46,17,2,3,6,36.0,8,63.7,2.5,57.7,0,0.0,3,0,0.471,Medium,1.0,0.9545454545454546,,synthetic
synth_emp_0036,2026-01-05,Design,Junior,Contractor,22.0,8,8.6,9.5,3,2,1,0,0,6,0,0,2.0,13.0,0,0,40.3,0,7.7,10,0,1,7,12,7.9,8,3.2,2.3,79.5,0,0.0,1,0,0.671,Medium,1.0,0.9545454545454546,,synthetic
synth_emp_0036,2026-01-12,Design,Junior,Contractor,22.0,8,7.9,8.5,0,1,1,1,0,6,0,0,1.0,8.0,0,0,48.3,1,4.9,42,9,0,8,3,30.4,5,54.4,3.3,77.0,0,0.0,3,0,0.711,High,1.0,0.9545454545454546,,synthetic
synth_emp_0036,2026-01-19,Design,Junior,Contractor,22.0,8,7.9,10.9,1,0,1,1,0,6,0,0,2.0,17.0,0,0,33.3,0,27.7,38,5,5,9,9,2.4,16,15.1,4.9,85.1,0,0.0,1,0,0.729,High,1.0,0.9545454545454546,,synthetic
synth_emp_0036,2026-01-26,Design,Junior,Contractor,22.0,8,9.2,,0,1,0,0,0,6,0,0,1.0,7.0,0,0,34.7,0,13.1,5,0,0,3,11,22.3,4,49.6,4.5,62.5,0,0.0,3,0,0.35,Low,1.0,0.9318181818181818,,synthetic
synth_emp_0036,2026-02-02,Design,Junior,Contractor,22.0,8,6.4,5.9,0,3,0,1,0,5,0,0,1.0,15.0,1,0,46.4,2,26.2,13,4,1,9,14,34.0,12,38.9,3.0,80.2,0,0.0,0,0,0.529,Medium,1.0,0.9545454545454546,,synthetic
synth_emp_0036,2026-02-09,Design,Junior,Contractor,22.0,8,8.4,5.5,1,3,0,0,0,5,0,0,1.0,18.0,0,0,36.8,2,5.4,21,4,0,2,12,43.9,9,23.1,4.0,68.8,0,0.0,2,0,0.494,Medium,1.0,0.9545454545454546,,synthetic
synth_emp_0036,2026-02-16,Design,Junior,Contractor,22.0,8,7.7,10.2,0,1,1,0,0,7,0,0,2.0,19.0,0,0,39.7,2,12.1,6,1,0,0,3,31.7,9,31.2,4.2,47.0,0,0.0,3,0,0.421,Medium,1.0,0.9545454545454546,,synthetic
synth_emp_0036,2026-02-23,Design,Junior,Contractor,22.0,8,9.1,12.7,0,1,0,1,0,6,0,0,0.0,19.0,1,0,31.0,1,1.2,23,1,0,7,13,25.8,14,27.1,4.7,81.2,0,0.0,2,0,0.615,Medium,1.0,0.9545454545454546,,synthetic
synth_emp_0036,2026-03-02,Design,Junior,Contractor,22.0,8,8.7,0.4,2,0,0,1,0,4,0,0,2.0,17.0,0,0,33.5,2,2.8,17,1,1,2,0,,20,36.0,4.7,60.7,0,0.0,3,0,0.434,Medium,1.0,0.9318181818181818,,synthetic
synth_emp_0036,2026-03-09,Design,Junior,Contractor,22.0,8,7.0,12.5,1,0,1,2,0,4,0,0,1.0,14.0,1,0,38.0,0,28.5,46,15,5,4,1,4.1,20,53.7,2.2,94.7,0,0.0,0,0,0.712,High,1.0,0.9545454545454546,,synthetic
synth_emp_0036,2026-03-16,Design,Junior,Contractor,22.0,8,8.3,9.2,3,2,0,1,0,4,0,0,2.0,17.0,0,0,43.6,1,0.2,34,11,1,3,1,18.3,0,56.5,4.0,56.5,0,0.0,3,0,0.592,Medium,1.0,0.9545454545454546,,synthetic
synth_emp_0036,2026-03-23,Design,Junior,Contractor,22.0,8,9.9,3.3,3,3,1,2,0,7,0,0,1.0,5.0,1,0,36.8,1,24.7,1,0,0,2,9,35.1,14,61.7,3.5,71.9,0,0.0,1,0,0.483,Medium,1.0,0.9545454545454546,,synthetic
synth_emp_0037,2026-01-05,Marketing,Senior,Contractor,2.9,12,8.5,5.2,3,0,0,2,0,5,0,0,2.0,16.0,1,0,38.3,0,22.5,13,3,1,4,9,14.4,17,53.8,5.0,62.5,0,0.0,1,0,0.395,Low,1.0,0.9545454545454546,,synthetic
synth_emp_0037,2026-01-12,Marketing,Senior,Contractor,2.9,12,9.8,5.9,3,3,1,0,0,7,0,0,2.0,13.0,1,0,45.4,2,3.2,13,5,1,10,5,41.6,20,55.1,3.0,72.1,0,0.0,3,0,0.73,High,1.0,0.9545454545454546,,synthetic
synth_emp_0037,2026-01-19,Marketing,Senior,Contractor,2.9,12,7.6,4.3,2,3,0,2,0,4,0,0,1.0,18.0,1,0,38.2,2,0.9,28,1,4,3,12,14.2,4,44.3,3.5,44.8,0,0.0,3,0,0.41,Medium,1.0,0.9545454545454546,,synthetic
synth_emp_0037,2026-01-26,Marketing,Senior,Contractor,2.9,12,7.3,8.5,3,1,0,1,0,6,0,0,2.0,12.0,0,0,39.4,2,27.6,30,8,5,5,0,,4,21.8,4.7,52.4,0,0.0,3,0,0.823,High,1.0,0.9318181818181818,,synthetic
synth_emp_0037,2026-02-02,Marketing,Senior,Contractor,2.9,12,8.7,3.6,1,1,1,2,0,4,0,0,0.0,6.0,1,0,47.3,1,25.9,11,4,1,1,3,38.7,13,69.0,4.7,72.2,0,0.0,0,0,0.551,Medium,1.0,0.9545454545454546,,synthetic
synth_emp_0037,2026-02-09,Marketing,Senior,Contractor,2.9,12,9.3,,3,3,0,0,0,5,0,0,1.0,8.0,0,0,37.3,2,10.2,25,8,3,3,1,17.8,15,15.9,2.3,78.5,0,0.0,0,0,0.815,High,1.0,0.9318181818181818,,synthetic
synth_emp_0037,2026-02-16,Marketing,Senior,Contractor,2.9,12,8.8,11.4,0,1,0,2,0,6,0,0,0.0,12.0,1,0,41.3,2,8.7,21,2,1,2,14,33.7,18,46.0,3.4,66.4,0,0.0,2,0,0.67,Medium,1.0,0.9545454545454546,,synthetic
synth_emp_0037,2026-02-23,Marketing,Senior,Contractor,2.9,12,9.2,9.1,0,2,1,2,0,7,0,0,1.0,10.0,1,0,42.9,2,25.6,24,2,1,5,6,28.2,16,27.6,4.6,69.1,0,0.0,1,0,0.545,Medium,1.0,0.9545454545454546,,synthetic
synth_emp_0037,2026-03-02,Marketing,Senior,Contractor,2.9,12,7.9,5.7,0,1,1,1,0,7,0,0,2.0,5.0,0,0,44.8,1,19.9,42,15,2,6,9,10.3,20,8.0,3.0,44.0,0,0.0,0,0,0.495,Medium,1.0,0.9545454545454546,,synthetic
synth_emp_0037,2026-03-09,Marketing,Senior,Contractor,2.9,12,6.2,3.7,1,0,1,2,0,6,0,0,0.0,11.0,0,0,48.1,0,15.7,16,5,0,0,7,11.3,6,17.2,3.8,74.9,0,0.0,3,0,0.315,Low,1.0,0.9545454545454546,,synthetic
synth_emp_0037,2026-03-16,Marketing,Senior,Contractor,2.9,12,,0.8,0,1,1,1,0,4,0,0,2.0,18.0,0,0,44.4,1,23.3,50,12,1,3,3,21.5,18,58.2,3.8,67.4,0,0.0,0,0,0.393,Low,1.0,0.9318181818181818,,synthetic
synth_emp_0037,2026-03-23,Marketing,Senior,Contractor,2.9,12,7.6,9.5,2,2,1,2,0,7,0,0,0.0,10.0,1,0,30.1,2,14.1,21,4,2,2,9,13.0,5,5.7,3.3,58.3,0,0.0,3,0,0.46,Medium,1.0,0.9545454545454546,,synthetic
synth_emp_0038,2026-01-05,Design,Manager,Full-Time,12.4,4,6.9,4.8,1,1,1,0,0,5,0,0,2.0,10.0,1,0,49.1,1,19.6,33,6,4,6,6,27.6,8,17.2,2.8,96.1,0,0.0,2,0,0.446,Medium,1.0,0.9545454545454546,,synthetic
synth_emp_0038,2026-01-12,Design,Manager,Full-Time,12.4,4,7.2,12.4,3,0,1,1,0,5,0,0,1.0,13.0,0,0,46.4,0,6.3,20,3,1,4,12,36.7,9,60.1,2.1,65.6,0,0.0,3,0,0.302,Low,1.0,0.9545454545454546,,synthetic
synth_emp_0038,2026-01-19,Design,Manager,Full-Time,12.4,4,8.2,3.2,3,3,0,2,0,7,0,0,2.0,20.0,0,0,35.6,2,17.6,32,5,1,0,2,12.0,3,5.0,3.0,72.3,0,0.0,3,0,0.198,Low,1.0,0.9545454545454546,,synthetic
synth_emp_0038,2026-01-26,Design,Manager,Full-Time,12.4,4,6.4,11.2,1,0,1,0,0,6,0,0,2.0,13.0,1,0,43.8,0,23.2,20,7,2,1,4,42.0,10,69.0,3.1,86.4,0,0.0,1,0,0.627,Medium,1.0,0.9545454545454546,,synthetic
synth_emp_0038,2026-02-02,Design,Manager,Full-Time,12.4,4,7.9,5.0,3,3,1,1,0,4,0,0,2.0,6.0,1,0,30.3,1,29.9,43,16,2,8,0,,10,57.1,3.5,74.5,0,0.0,0,0,0.292,Low,1.0,0.9318181818181818,,synthetic
synth_emp_0038,2026-02-09,Design,Manager,Full-Time,12.4,4,8.3,11.7,1,0,1,1,0,7,0,0,1.0,9.0,1,0,31.5,2,17.3,34,2,3,7,2,27.8,16,56.5,4.2,96.9,0,0.0,0,0,0.591,Medium,1.0,0.9545454545454546,,synthetic
synth_emp_0038,2026-02-16,Design,Manager,Full-Time,12.4,4,7.2,5.8,2,3,0,2,0,6,0,0,2.0,9.0,0,0,45.5,0,9.3,0,0,0,1,8,41.1,0,38.9,4.8,42.4,0,0.0,1,0,0.475,Medium,1.0,0.9545454545454546,,synthetic
synth_emp_0038,2026-02-23,Design,Manager,Full-Time,12.4,4,9.8,4.7,1,2,0,0,0,7,0,0,0.0,17.0,0,0,38.9,2,25.6,14,3,0,3,5,20.7,12,4.5,3.3,51.9,0,0.0,3,0,0.381,Low,1.0,0.9545454545454546,,synthetic
synth_emp_0038,2026-03-02,Design,Manager,Full-Time,12.4,4,6.5,7.6,2,2,1,0,0,5,0,0,0.0,16.0,1,0,35.1,0,28.3,37,10,0,0,6,6.2,0,28.0,3.3,97.7,0,0.0,0,0,0.597,Medium,1.0,0.9545454545454546,,synthetic
synth_emp_0038,2026-03-09,Design,Manager,Full-Time,12.4,4,9.8,6.5,3,0,1,2,0,6,0,0,0.0,9.0,0,0,33.5,0,3.8,41,4,8,2,2,31.4,4,50.3,4.3,43.7,0,0.0,1,0,0.893,High,1.0,0.9545454545454546,,synthetic
synth_emp_0038,2026-03-16,Design,Manager,Full-Time,12.4,4,8.6,6.2,1,2,0,0,0,4,0,0,1.0,11.0,1,0,38.1,1,27.3,10,1,0,4,4,35.7,19,23.8,4.3,59.9,0,0.0,3,0,0.743,High,1.0,0.9545454545454546,,synthetic
synth_emp_0038,2026-03-23,Design,Manager,Full-Time,12.4,4,,13.7,1,0,1,0,0,4,0,0,1.0,19.0,1,0,47.1,2,13.2,2,0,0,9,5,8.0,20,1.1,3.4,94.0,0,0.0,2,0,0.304,Low,1.0,0.9318181818181818,,synthetic
synth_emp_0039,2026-01-05,Product,Senior,Contractor,57.5,4,9.0,2.9,0,3,1,2,0,4,0,0,0.0,12.0,1,0,33.7,2,9.0,14,2,2,7,4,11.2,18,37.9,3.7,93.0,0,0.0,1,0,0.325,Low,1.0,0.9545454545454546,,synthetic
synth_emp_0039,2026-01-12,Product,Senior,Contractor,57.5,4,7.5,11.0,0,1,0,0,0,5,0,0,1.0,15.0,0,0,41.4,1,25.7,2,0,0,3,1,38.2,20,62.7,4.9,64.3,0,0.0,1,0,0.594,Medium,1.0,0.9545454545454546,,synthetic
synth_emp_0039,2026-01-19,Product,Senior,Contractor,57.5,4,7.1,11.2,2,3,1,2,0,4,0,0,2.0,15.0,1,0,31.3,1,12.8,41,12,7,0,10,47.8,17,10.0,2.7,67.4,0,0.0,0,0,0.656,Medium,1.0,0.9545454545454546,,synthetic
synth_emp_0039,2026-01-26,Product,Senior,Contractor,57.5,4,8.9,5.2,1,3,0,0,0,5,0,0,0.0,11.0,1,0,40.5,0,16.9,28,4,5,8,2,46.4,16,4.3,3.6,72.4,0,0.0,1,0,0.942,High,1.0,0.9545454545454546,,synthetic
synth_emp_0039,2026-02-02,Product,Senior,Contractor,57.5,4,6.4,9.5,3,1,1,0,0,7,0,0,1.0,17.0,1,0,47.9,1,9.7,39,3,7,4,4,26.2,0,6.3,4.1,80.1,0,0.0,1,0,0.737,High,1.0,0.9545454545454546,,synthetic
synth_emp_0039,2026-02-09,Product,Senior,Contractor,57.5,4,8.5,0.9,1,3,0,2,0,7,0,0,1.0,11.0,0,0,46.7,0,6.8,26,1,2,4,5,36.8,4,64.4,2.4,84.4,0,0.0,1,0,0.342,Low,1.0,0.9545454545454546,,synthetic
synth_emp_0039,2026-02-16,Product,Senior,Contractor,57.5,4,6.6,4.9,1,3,1,0,0,7,0,0,0.0,7.0,1,0,47.5,0,11.4,40,1,2,4,3,37.2,3,45.5,3.3,50.1,0,0.0,3,0,0.28,Low,1.0,0.9545454545454546,,synthetic
synth_emp_0039,2026-02-23,Product,Senior,Contractor,57.5,4,6.9,15.0,3,3,0,2,0,4,0,0,1.0,13.0,1,0,42.8,1,12.6,38,14,6,4,7,41.8,11,6.9,2.3,88.4,0,0.0,1,0,0.799,High,1.0,0.9545454545454546,,synthetic
synth_emp_0039,2026-03-02,Product,Senior,Contractor,57.5,4,6.9,4.0,3,0,0,2,0,4,0,0,2.0,8.0,0,0,49.3,0,10.8,49,16,4,10,12,29.3,19,30.9,3.2,84.7,0,0.0,2,0,0.661,Medium,1.0,0.9545454545454546,,synthetic
synth_emp_0039,2026-03-09,Product,Senior,Contractor,57.5,4,7.8,13.0,1,0,1,0,0,6,0,0,1.0,5.0,1,0,47.0,1,10.8,2,0,0,10,13,32.3,11,26.0,4.9,56.6,0,0.0,0,0,0.308,Low,1.0,0.9545454545454546,,synthetic
synth_emp_0039,2026-03-16,Product,Senior,Contractor,57.5,4,8.8,11.5,1,3,0,1,0,6,0,0,2.0,12.0,1,0,46.6,0,27.4,10,0,1,1,10,35.7,20,29.8,3.9,78.4,0,0.0,3,0,0.726,High,1.0,0.9545454545454546,,synthetic
synth_emp_0039,2026-03-23,Product,Senior,Contractor,57.5,4,9.4,5.1,2,2,0,1,0,4,0,0,0.0,7.0,0,0,44.2,2,12.1,28,10,4,4,5,15.8,4,51.8,3.6,63.8,0,0.0,3,0,0.833,High,1.0,0.9545454545454546,,synthetic
synth_emp_0040,2026-01-05,Engineering,Senior,Full-Time,20.1,6,6.2,10.0,1,1,0,1,0,5,0,0,0.0,20.0,1,0,38.3,2,30.0,17,0,0,3,7,12.2,13,14.2,3.6,64.0,0,0.0,3,0,0.368,Low,1.0,0.9545454545454546,,synthetic
synth_emp_0040,2026-01-12,Engineering,Senior,Full-Time,20.1,6,8.8,12.1,1,2,0,2,0,5,0,0,0.0,20.0,1,0,32.1,2,6.8,16,2,1,5,7,15.7,20,70.3,4.5,53.4,0,0.0,2,0,0.607,Medium,1.0,0.9545454545454546,,synthetic
synth_emp_0040,2026-01-19,Engineering,Senior,Full-Time,20.1,6,6.2,7.5,0,2,1,2,0,5,0,0,0.0,16.0,0,0,49.1,1,17.1,27,0,5,0,0,,19,35.8,4.1,96.6,0,0.0,3,0,0.618,Medium,1.0,0.9318181818181818,,synthetic
synth_emp_0040,2026-01-26,Engineering,Senior,Full-Time,20.1,6,7.8,10.1,2,0,0,2,0,6,0,0,2.0,8.0,0,0,42.3,2,12.4,21,1,3,2,13,7.4,6,18.7,3.8,85.5,0,0.0,1,0,0.612,Medium,1.0,0.9545454545454546,,synthetic
synth_emp_0040,2026-02-02,Engineering,Senior,Full-Time,20.1,6,6.1,10.9,3,1,1,0,0,4,0,0,1.0,16.0,0,0,44.1,1,15.0,21,0,3,2,12,38.7,8,29.5,2.7,99.1,0,0.0,0,0,0.564,Medium,1.0,0.9545454545454546,,synthetic
synth_emp_0040,2026-02-09,Engineering,Senior,Full-Time,20.1,6,9.0,0.3,0,0,1,1,0,6,0,0,0.0,16.0,0,0,49.1,0,19.1,38,0,4,7,11,5.0,5,39.0,4.9,45.8,0,0.0,1,0,0.451,Medium,1.0,0.9545454545454546,,synthetic
synth_emp_0040,2026-02-16,Engineering,Senior,Full-Time,20.1,6,8.3,10.6,0,2,1,0,0,6,0,0,2.0,10.0,0,0,48.0,1,5.8,49,3,1,2,14,1.9,19,66.3,4.8,95.7,0,0.0,3,0,0.312,Low,1.0,0.9545454545454546,,synthetic
synth_emp_0040,2026-02-23,Engineering,Senior,Full-Time,20.1,6,9.8,1.0,2,0,1,2,0,4,0,0,2.0,7.0,1,0,48.2,2,17.3,15,2,0,8,15,9.4,16,29.0,3.6,52.1,0,0.0,2,0,0.421,Medium,1.0,0.9545454545454546,,synthetic
synth_emp_0040,2026-03-02,Engineering,Senior,Full-Time,20.1,6,9.1,9.4,2,3,1,1,0,7,0,0,1.0,6.0,0,0,33.8,0,9.2,25,4,0,9,0,,18,39.5,3.9,84.4,0,0.0,0,0,0.647,Medium,1.0,0.9318181818181818,,synthetic
synth_emp_0040,2026-03-09,Engineering,Senior,Full-Time,20.1,6,,2.8,1,2,0,0,0,4,0,0,1.0,10.0,0,0,44.2,0,21.4,34,0,5,7,13,35.6,6,41.6,3.8,42.7,0,0.0,3,0,0.407,Medium,1.0,0.9318181818181818,,synthetic
synth_emp_0040,2026-03-16,Engineering,Senior,Full-Time,20.1,6,8.8,0.1,1,2,1,0,0,5,0,0,0.0,12.0,1,0,47.6,1,20.4,15,3,2,10,10,47.3,9,15.5,4.6,84.2,0,0.0,2,0,0.596,Medium,1.0,0.9545454545454546,,synthetic
synth_emp_0040,2026-03-23,Engineering,Senior,Full-Time,20.1,6,6.0,5.7,3,0,1,0,0,5,0,0,0.0,8.0,0,0,33.2,1,2.0,12,3,1,8,0,,10,12.9,4.2,97.3,0,0.0,3,0,0.488,Medium,1.0,0.9318181818181818,,synthetic
synth_emp_0041,2026-01-05,Design,Manager,Contractor,17.8,12,9.0,13.3,0,3,1,0,0,4,0,0,0.0,6.0,1,0,33.7,2,24.2,12,4,1,3,15,10.0,13,44.7,3.3,48.6,0,0.0,0,0,0.655,Medium,1.0,0.9545454545454546,,synthetic
synth_emp_0041,2026-01-12,Design,Manager,Contractor,17.8,12,8.0,11.5,1,2,1,0,0,4,0,0,1.0,17.0,0,0,48.9,2,1.9,46,5,5,2,4,16.7,20,14.8,4.0,66.3,0,0.0,3,0,0.735,High,1.0,0.9545454545454546,,synthetic
synth_emp_0041,2026-01-19,Design,Manager,Contractor,17.8,12,,7.9,3,0,0,2,0,6,0,0,1.0,6.0,0,0,48.0,2,7.0,35,2,3,6,10,3.2,0,41.0,4.4,86.1,0,0.0,0,0,0.655,Medium,1.0,0.9318181818181818,,synthetic
synth_emp_0041,2026-01-26,Design,Manager,Contractor,17.8,12,9.0,,2,3,1,2,0,5,0,0,2.0,20.0,1,0,36.9,2,13.6,34,1,4,2,15,45.0,14,39.1,3.1,48.7,0,0.0,1,0,0.643,Medium,1.0,0.9318181818181818,,synthetic
synth_emp_0041,2026-02-02,Design,Manager,Contractor,17.8,12,7.6,2.4,1,3,0,2,0,6,0,0,0.0,17.0,1,0,47.7,1,22.0,47,0,7,7,4,2.5,12,33.9,3.0,79.9,0,0.0,1,0,0.373,Low,1.0,0.9545454545454546,,synthetic
synth_emp_0041,2026-02-09,Design,Manager,Contractor,17.8,12,6.8,2.9,3,2,1,0,0,7,0,0,0.0,20.0,0,0,40.9,1,9.0,12,4,1,9,11,43.3,13,4.6,2.7,73.1,0,0.0,1,0,0.264,Low,1.0,0.9545454545454546,,synthetic
synth_emp_0041,2026-02-16,Design,Manager,Contractor,17.8,12,9.7,14.1,1,3,0,0,0,7,0,0,1.0,19.0,0,0,47.4,0,22.9,1,0,0,7,5,13.5,10,44.3,4.3,71.8,0,0.0,0,0,0.724,High,1.0,0.9545454545454546,,synthetic
synth_emp_0041,2026-02-23,Design,Manager,Contractor,17.8,12,9.1,,2,1,0,0,0,6,0,0,0.0,16.0,1,0,41.7,1,14.3,0,0,0,2,10,41.0,9,22.5,4.4,49.6,0,0.0,1,0,0.394,Low,1.0,0.9318181818181818,,synthetic
synth_emp_0041,2026-03-02,Design,Manager,Contractor,17.8,12,6.5,6.1,0,1,1,0,0,4,0,0,0.0,17.0,1,0,37.6,0,23.0,35,7,3,9,8,33.3,11,67.1,3.8,50.9,0,0.0,0,0,0.871,High,1.0,0.9545454545454546,,synthetic
synth_emp_0041,2026-03-09,Design,Manager,Contractor,17.8,12,9.8,13.3,1,0,0,2,0,6,0,0,1.0,7.0,1,0,42.1,1,0.5,5,1,0,9,4,30.1,13,71.4,3.1,55.2,0,0.0,2,0,0.703,High,1.0,0.9545454545454546,,synthetic
synth_emp_0041,2026-03-16,Design,Manager,Contractor,17.8,12,9.6,,3,2,0,1,0,7,0,0,2.0,7.0,1,0,41.0,0,26.2,20,7,0,9,7,33.8,0,53.2,2.1,62.8,0,0.0,3,0,0.529,Medium,1.0,0.9318181818181818,,synthetic
synth_emp_0041,2026-03-23,Design,Manager,Contractor,17.8,12,6.1,10.5,2,2,0,1,0,6,0,0,1.0,7.0,1,0,48.4,0,24.2,21,3,2,5,13,19.8,16,64.6,2.1,47.7,0,0.0,0,0,0.403,Medium,1.0,0.9545454545454546,,synthetic
synth_emp_0042,2026-01-05,Product,Junior,Full-Time,23.0,5,6.9,,1,3,1,2,0,4,0,0,2.0,8.0,0,0,44.1,0,27.5,4,0,0,1,10,41.8,5,7.5,4.9,40.2,0,0.0,1,0,0.285,Low,1.0,0.9318181818181818,,synthetic
synth_emp_0042,2026-01-12,Product,Junior,Full-Time,23.0,5,8.9,9.4,2,0,1,0,0,4,0,0,0.0,10.0,0,0,35.3,2,17.3,12,2,0,3,15,29.3,3,50.9,2.2,51.2,0,0.0,2,0,0.556,Medium,1.0,0.9545454545454546,,synthetic
synth_emp_0042,2026-01-19,Product,Junior,Full-Time,23.0,5,6.9,12.5,2,1,0,2,0,6,0,0,1.0,10.0,0,0,31.2,1,10.3,18,4,1,0,9,10.9,19,54.7,3.3,80.4,0,0.0,3,0,0.375,Low,1.0,0.9545454545454546,,synthetic
synth_emp_0042,2026-01-26,Product,Junior,Full-Time,23.0,5,,1.3,2,3,1,2,0,7,0,0,1.0,20.0,1,0,45.3,1,16.4,37,11,6,3,2,27.5,7,42.7,2.1,61.2,0,0.0,3,0,0.618,Medium,1.0,0.9318181818181818,,synthetic
synth_emp_0042,2026-02-02,Product,Junior,Full-Time,23.0,5,7.3,14.2,3,3,0,0,0,6,0,0,1.0,9.0,1,0,37.3,1,23.7,25,4,4,10,14,7.8,5,11.7,4.8,53.0,0,0.0,0,0,0.671,Medium,1.0,0.9545454545454546,,synthetic
synth_emp_0042,2026-02-09,Product,Junior,Full-Time,23.0,5,6.6,0.3,3,3,1,0,0,7,0,0,2.0,6.0,1,0,49.2,0,28.6,25,1,4,7,8,11.3,19,21.5,2.7,96.6,0,0.0,1,0,0.396,Low,1.0,0.9545454545454546,,synthetic
synth_emp_0042,2026-02-16,Product,Junior,Full-Time,23.0,5,6.1,2.4,2,2,0,1,0,7,0,0,0.0,5.0,1,0,37.4,0,6.3,40,4,4,5,3,29.0,7,65.6,4.7,78.0,0,0.0,3,0,0.409,Medium,1.0,0.9545454545454546,,synthetic
synth_emp_0042,2026-02-23,Product,Junior,Full-Time,23.0,5,8.2,5.0,1,3,1,0,0,6,0,0,2.0,8.0,1,0,45.0,2,9.6,12,4,2,8,7,34.1,15,33.9,4.7,96.8,0,0.0,2,0,0.283,Low,1.0,0.9545454545454546,,synthetic
synth_emp_0042,2026-03-02,Product,Junior,Full-Time,23.0,5,,2.9,0,2,1,2,0,7,0,0,2.0,9.0,1,0,49.1,1,29.6,49,5,1,9,1,23.0,17,15.2,4.4,51.3,0,0.0,0,0,0.167,Low,1.0,0.9318181818181818,,synthetic
synth_emp_0042,2026-03-09,Product,Junior,Full-Time,23.0,5,6.2,7.9,2,2,0,0,0,6,0,0,0.0,5.0,1,0,31.6,1,23.3,32,3,5,2,13,33.8,14,45.4,3.7,75.6,0,0.0,2,0,0.706,High,1.0,0.9545454545454546,,synthetic
synth_emp_0042,2026-03-16,Product,Junior,Full-Time,23.0,5,7.1,10.6,2,3,1,0,0,6,0,0,2.0,17.0,0,0,42.6,2,9.7,29,3,3,2,10,45.9,10,44.5,4.3,78.6,0,0.0,2,0,0.487,Medium,1.0,0.9545454545454546,,synthetic
synth_emp_0042,2026-03-23,Product,Junior,Full-Time,23.0,5,8.3,0.8,1,1,0,1,0,6,0,0,1.0,7.0,1,0,36.9,0,14.8,45,12,4,8,2,7.1,1,38.3,3.9,63.8,0,0.0,1,0,0.431,Medium,1.0,0.9545454545454546,,synthetic
synth_emp_0043,2026-01-05,Sales,Junior,Full-Time,27.5,4,9.5,0.8,1,1,0,2,0,6,0,0,1.0,17.0,1,0,30.4,1,14.8,43,9,0,10,7,23.2,13,40.1,2.1,75.4,0,0.0,1,0,0.463,Medium,1.0,0.9545454545454546,,synthetic
synth_emp_0043,2026-01-12,Sales,Junior,Full-Time,27.5,4,8.0,1.2,2,2,1,2,0,7,0,0,0.0,11.0,1,0,36.7,1,26.9,23,4,3,6,12,10.6,3,47.2,3.4,66.7,0,0.0,3,0,0.411,Medium,1.0,0.9545454545454546,,synthetic
synth_emp_0043,2026-01-19,Sales,Junior,Full-Time,27.5,4,6.5,1.6,2,2,1,0,0,5,0,0,2.0,13.0,0,0,40.2,1,0.4,13,1,1,2,9,40.1,10,15.7,4.8,63.3,0,0.0,2,0,0.302,Low,1.0,0.9545454545454546,,synthetic
synth_emp_0043,2026-01-26,Sales,Junior,Full-Time,27.5,4,7.6,13.8,0,0,0,0,0,6,0,0,0.0,14.0,1,0,37.6,2,28.8,30,6,1,1,7,4.2,1,27.1,3.9,98.3,0,0.0,2,0,0.482,Medium,1.0,0.9545454545454546,,synthetic
synth_emp_0043,2026-02-02,Sales,Junior,Full-Time,27.5,4,,0.3,1,0,0,1,0,5,0,0,0.0,8.0,0,0,44.5,1,26.1,49,0,1,9,4,13.0,17,20.4,2.1,73.8,0,0.0,0,0,0.379,Low,1.0,0.9318181818181818,,synthetic
synth_emp_0043,2026-02-09,Sales,Junior,Full-Time,27.5,4,6.6,,0,0,0,1,0,6,0,0,2.0,20.0,0,0,46.0,0,20.1,43,6,0,3,13,39.9,7,50.0,4.4,99.8,0,0.0,0,0,0.374,Low,1.0,0.9318181818181818,,synthetic
synth_emp_0043,2026-02-16,Sales,Junior,Full-Time,27.5,4,9.3,14.3,2,3,1,2,0,5,0,0,1.0,16.0,0,0,36.4,2,10.4,31,9,4,2,1,14.1,18,29.5,3.4,60.8,0,0.0,2,0,0.827,High,1.0,0.9545454545454546,,synthetic
synth_emp_0043,2026-02-23,Sales,Junior,Full-Time,27.5,4,8.7,10.1,2,3,1,2,0,5,0,0,0.0,15.0,0,0,42.0,2,19.0,26,3,2,2,8,42.5,18,10.9,4.4,52.3,0,0.0,3,0,0.6,Medium,1.0,0.9545454545454546,,synthetic
synth_emp_0043,2026-03-02,Sales,Junior,Full-Time,27.5,4,,1.7,1,1,1,1,0,4,0,0,1.0,16.0,1,0,40.5,1,6.6,32,6,3,5,0,,13,49.8,5.0,53.5,0,0.0,3,0,0.476,Medium,1.0,0.9090909090909091,,synthetic
synth_emp_0043,2026-03-09,Sales,Junior,Full-Time,27.5,4,8.8,10.7,2,1,1,1,0,5,0,0,2.0,8.0,0,0,30.5,0,8.9,50,19,7,3,15,7.4,5,59.8,4.0,44.0,0,0.0,3,0,0.822,High,1.0,0.9545454545454546,,synthetic
synth_emp_0043,2026-03-16,Sales,Junior,Full-Time,27.5,4,7.7,6.0,3,0,1,0,0,7,0,0,1.0,16.0,0,0,35.1,1,25.8,44,10,3,6,11,10.4,17,55.7,3.3,75.2,0,0.0,2,0,0.729,High,1.0,0.9545454545454546,,synthetic
synth_emp_0043,2026-03-23,Sales,Junior,Full-Time,27.5,4,8.7,5.7,0,3,1,2,0,6,0,0,0.0,20.0,0,0,36.5,2,23.3,31,9,0,7,8,26.3,6,44.6,2.3,81.0,0,0.0,0,0,0.675,Medium,1.0,0.9545454545454546,,synthetic
synth_emp_0044,2026-01-05,Sales,Lead,Full-Time,30.6,10,8.3,8.0,1,0,1,2,0,6,0,0,1.0,8.0,0,0,49.4,0,6.0,46,0,5,7,15,8.8,7,1.4,4.3,88.4,0,0.0,1,0,0.586,Medium,1.0,0.9545454545454546,,synthetic
synth_emp_0044,2026-01-12,Sales,Lead,Full-Time,30.6,10,6.2,5.1,0,0,0,0,0,5,0,0,2.0,5.0,1,0,39.9,2,12.9,43,10,4,8,14,38.9,11,46.1,2.3,68.4,0,0.0,2,0,0.884,High,1.0,0.9545454545454546,,synthetic
synth_emp_0044,2026-01-19,Sales,Lead,Full-Time,30.6,10,8.8,,1,1,0,0,0,5,0,0,0.0,10.0,0,0,38.9,2,11.2,5,0,0,4,11,23.0,15,5.7,4.4,51.1,0,0.0,3,0,0.452,Medium,1.0,0.9318181818181818,,synthetic
synth_emp_0044,2026-01-26,Sales,Lead,Full-Time,30.6,10,6.2,4.5,2,0,1,0,0,6,0,0,0.0,20.0,0,0,33.8,1,14.3,47,13,0,3,1,24.7,3,13.2,3.7,77.6,0,0.0,0,0,0.254,Low,1.0,0.9545454545454546,,synthetic
synth_emp_0044,2026-02-02,Sales,Lead,Full-Time,30.6,10,6.5,12.9,3,2,0,1,0,7,0,0,0.0,18.0,0,0,47.4,1,0.8,4,0,0,10,2,27.4,11,28.7,3.8,92.0,0,0.0,1,0,0.374,Low,1.0,0.9545454545454546,,synthetic
synth_emp_0044,2026-02-09,Sales,Lead,Full-Time,30.6,10,9.8,6.1,0,3,0,2,0,4,0,0,2.0,9.0,0,0,37.4,1,8.4,48,12,2,10,9,24.1,10,22.5,3.6,59.6,0,0.0,2,0,0.673,Medium,1.0,0.9545454545454546,,synthetic
synth_emp_0044,2026-02-16,Sales,Lead,Full-Time,30.6,10,7.9,11.4,3,2,0,1,0,6,0,0,1.0,14.0,0,0,36.3,1,27.2,44,10,4,9,4,22.8,6,25.7,2.9,89.5,0,0.0,3,0,0.627,Medium,1.0,0.9545454545454546,,synthetic
synth_emp_0044,2026-02-23,Sales,Lead,Full-Time,30.6,10,8.4,2.8,2,1,1,2,0,5,0,0,0.0,14.0,0,0,34.1,2,24.9,39,13,1,2,9,9.5,20,58.5,3.1,63.5,0,0.0,2,0,0.456,Medium,1.0,0.9545454545454546,,synthetic
synth_emp_0044,2026-03-02,Sales,Lead,Full-Time,30.6,10,7.8,3.8,2,3,1,2,0,6,0,0,2.0,18.0,0,0,35.3,1,18.8,4,0,0,7,12,0.7,19,8.7,3.3,58.8,0,0.0,1,0,0.157,Low,1.0,0.9545454545454546,,synthetic
synth_emp_0044,2026-03-09,Sales,Lead,Full-Time,30.6,10,7.4,0.8,3,1,0,2,0,4,0,0,0.0,8.0,1,0,49.5,2,8.3,4,0,0,6,8,6.6,7,17.4,3.9,74.2,0,0.0,2,0,0.129,Low,1.0,0.9545454545454546,,synthetic
synth_emp_0044,2026-03-16,Sales,Lead,Full-Time,30.6,10,7.4,0.3,1,0,1,1,0,4,0,0,0.0,12.0,1,0,34.4,1,18.3,37,4,1,2,12,10.1,7,20.8,2.0,80.3,0,0.0,3,0,0.285,Low,1.0,0.9545454545454546,,synthetic
synth_emp_0044,2026-03-23,Sales,Lead,Full-Time,30.6,10,8.4,3.2,3,3,0,2,0,6,0,0,0.0,20.0,1,0,45.8,2,10.3,6,2,0,0,14,21.5,15,37.0,3.2,66.5,0,0.0,1,0,0.322,Low,1.0,0.9545454545454546,,synthetic
synth_emp_0045,2026-01-05,Design,Mid,Full-Time,36.5,9,7.6,5.3,0,1,0,1,0,4,0,0,1.0,16.0,1,0,37.6,1,13.1,17,1,0,7,7,18.5,13,7.4,2.8,53.7,0,0.0,2,0,0.563,Medium,1.0,0.9545454545454546,,synthetic
synth_emp_0045,2026-01-12,Design,Mid,Full-Time,36.5,9,7.0,3.3,2,0,0,0,0,5,0,0,0.0,6.0,1,0,31.6,1,13.6,37,9,4,4,6,40.7,4,62.0,2.8,95.0,0,0.0,1,0,0.694,Medium,1.0,0.9545454545454546,,synthetic
synth_emp_0045,2026-01-19,Design,Mid,Full-Time,36.5,9,6.7,,3,1,0,0,0,5,0,0,2.0,7.0,0,0,45.5,1,24.5,5,1,0,2,5,14.2,17,9.8,3.4,85.7,0,0.0,1,0,0.241,Low,1.0,0.9318181818181818,,synthetic
synth_emp_0045,2026-01-26,Design,Mid,Full-Time,36.5,9,9.7,0.1,0,3,0,0,0,4,0,0,1.0,9.0,0,0,34.8,2,25.0,10,3,1,9,0,,8,33.8,3.4,82.6,0,0.0,1,0,0.45,Medium,1.0,0.9318181818181818,,synthetic
synth_emp_0045,2026-02-02,Design,Mid,Full-Time,36.5,9,8.4,,3,3,1,2,0,7,0,0,1.0,18.0,0,0,40.1,1,3.8,24,1,1,0,15,32.7,6,6.2,5.0,90.5,0,0.0,0,0,0.219,Low,1.0,0.9318181818181818,,synthetic
synth_emp_0045,2026-02-09,Design,Mid,Full-Time,36.5,9,7.6,5.6,1,3,0,2,0,6,0,0,1.0,12.0,0,0,30.3,0,27.1,20,3,3,4,6,21.2,15,29.3,4.1,62.3,0,0.0,1,0,0.642,Medium,1.0,0.9545454545454546,,synthetic
synth_emp_0045,2026-02-16,Design,Mid,Full-Time,36.5,9,7.7,,3,3,0,2,0,6,0,0,1.0,20.0,0,0,48.7,1,2.0,9,3,1,5,9,18.3,6,23.0,3.5,40.7,0,0.0,0,0,0.205,Low,1.0,0.9318181818181818,,synthetic
synth_emp_0045,2026-02-23,Design,Mid,Full-Time,36.5,9,8.8,0.4,3,2,1,1,0,6,0,0,0.0,8.0,1,0,45.2,1,22.9,13,3,0,0,14,19.7,17,52.7,3.7,44.0,0,0.0,1,0,0.54,Medium,1.0,0.9545454545454546,,synthetic
synth_emp_0045,2026-03-02,Design,Mid,Full-Time,36.5,9,7.5,6.6,3,1,0,0,0,6,0,0,0.0,9.0,0,0,38.4,0,12.5,46,11,1,2,6,4.9,13,39.8,2.8,95.0,0,0.0,0,0,0.565,Medium,1.0,0.9545454545454546,,synthetic
synth_emp_0045,2026-03-09,Design,Mid,Full-Time,36.5,9,6.7,,3,0,0,2,0,7,0,0,1.0,16.0,1,0,49.1,1,17.3,46,8,0,8,14,44.0,10,45.8,3.0,49.3,0,0.0,2,0,0.3,Low,1.0,0.9318181818181818,,synthetic
synth_emp_0045,2026-03-16,Design,Mid,Full-Time,36.5,9,9.1,12.2,3,0,1,1,0,4,0,0,0.0,12.0,0,0,47.6,0,13.9,27,5,1,2,9,24.2,3,50.5,3.5,64.8,0,0.0,3,0,0.717,High,1.0,0.9545454545454546,,synthetic
synth_emp_0045,2026-03-23,Design,Mid,Full-Time,36.5,9,7.3,,0,3,1,1,0,5,0,0,1.0,20.0,0,0,36.7,1,3.5,10,2,1,3,2,37.3,15,63.4,3.5,97.5,0,0.0,1,0,0.378,Low,1.0,0.9318181818181818,,synthetic
synth_emp_0046,2026-01-05,Marketing,Lead,Full-Time,17.9,12,7.3,8.9,3,3,0,2,0,5,0,0,0.0,5.0,1,0,33.6,0,8.7,5,0,0,5,0,,11,48.3,2.3,49.9,0,0.0,2,0,0.345,Low,1.0,0.9318181818181818,,synthetic
synth_emp_0046,2026-01-12,Marketing,Lead,Full-Time,17.9,12,6.2,14.8,3,0,1,2,0,6,0,0,2.0,7.0,1,0,32.8,1,18.2,39,0,7,4,5,43.1,5,46.7,4.1,45.8,0,0.0,1,0,0.697,Medium,1.0,0.9545454545454546,,synthetic
synth_emp_0046,2026-01-19,Marketing,Lead,Full-Time,17.9,12,6.1,10.0,3,3,0,1,0,6,0,0,0.0,12.0,1,0,33.0,0,1.1,44,8,3,0,9,14.4,18,63.1,2.4,99.9,0,0.0,1,0,0.812,High,1.0,0.9545454545454546,,synthetic
synth_emp_0046,2026-01-26,Marketing,Lead,Full-Time,17.9,12,6.3,10.3,2,1,1,2,0,4,0,0,1.0,10.0,1,0,33.8,0,1.5,37,3,3,4,13,6.3,12,14.2,3.5,79.5,0,0.0,3,0,0.643,Medium,1.0,0.9545454545454546,,synthetic
synth_emp_0046,2026-02-02,Marketing,Lead,Full-Time,17.9,12,9.5,12.2,1,0,0,1,0,7,0,0,0.0,20.0,1,0,33.0,0,7.2,47,18,3,9,10,46.0,15,69.0,4.7,83.2,0,0.0,3,0,1.0,High,1.0,0.9545454545454546,,synthetic
synth_emp_0046,2026-02-09,Marketing,Lead,Full-Time,17.9,12,,,1,1,0,1,0,6,0,0,2.0,17.0,0,0,38.7,2,24.0,23,6,3,7,11,16.5,18,39.8,3.6,85.3,0,0.0,0,0,0.431,Medium,1.0,0.9090909090909091,,synthetic
synth_emp_0046,2026-02-16,Marketing,Lead,Full-Time,17.9,12,6.1,14.5,1,2,0,1,0,6,0,0,1.0,6.0,0,0,43.4,2,7.6,4,0,0,4,14,43.9,0,38.7,2.1,97.1,0,0.0,3,0,0.483,Medium,1.0,0.9545454545454546,,synthetic
synth_emp_0046,2026-02-23,Marketing,Lead,Full-Time,17.9,12,6.0,,2,0,1,2,0,5,0,0,2.0,14.0,0,0,47.1,1,16.8,4,1,0,5,13,1.3,5,39.7,2.6,81.1,0,0.0,0,0,0.361,Low,1.0,0.9318181818181818,,synthetic
synth_emp_0046,2026-03-02,Marketing,Lead,Full-Time,17.9,12,7.0,1.5,3,1,0,1,0,4,0,0,1.0,14.0,0,0,31.5,0,26.2,47,13,1,0,9,32.4,7,5.7,4.3,85.5,0,0.0,2,0,0.375,Low,1.0,0.9545454545454546,,synthetic
synth_emp_0046,2026-03-09,Marketing,Lead,Full-Time,17.9,12,6.5,1.8,0,2,0,1,0,5,0,0,1.0,11.0,1,0,44.5,2,24.1,49,16,5,1,3,23.4,2,12.5,3.0,71.3,0,0.0,1,0,0.584,Medium,1.0,0.9545454545454546,,synthetic
synth_emp_0046,2026-03-16,Marketing,Lead,Full-Time,17.9,12,9.7,0.4,3,0,0,2,0,7,0,0,2.0,19.0,1,0,36.4,1,6.0,24,7,2,0,12,10.6,1,33.2,2.0,61.3,0,0.0,2,0,0.507,Medium,1.0,0.9545454545454546,,synthetic
synth_emp_0046,2026-03-23,Marketing,Lead,Full-Time,17.9,12,7.7,14.5,2,0,0,2,0,6,0,0,0.0,14.0,1,0,35.9,0,1.6,29,0,4,4,3,28.7,4,50.4,4.4,100.0,0,0.0,2,0,0.592,Medium,1.0,0.9545454545454546,,synthetic
synth_emp_0047,2026-01-05,Design,Lead,Full-Time,58.5,8,,4.5,0,2,0,0,0,6,0,0,1.0,15.0,0,0,33.7,0,17.5,1,0,0,1,5,34.3,7,4.5,2.9,85.6,0,0.0,0,0,0.361,Low,1.0,0.9318181818181818,,synthetic
synth_emp_0047,2026-01-12,Design,Lead,Full-Time,58.5,8,8.2,10.4,0,2,1,0,0,6,0,0,1.0,6.0,0,0,31.4,2,0.1,19,6,2,7,3,43.0,1,34.3,3.1,72.5,0,0.0,2,0,0.676,Medium,1.0,0.9545454545454546,,synthetic
synth_emp_0047,2026-01-19,Design,Lead,Full-Time,58.5,8,9.8,3.7,1,1,0,2,0,5,0,0,1.0,5.0,1,0,41.5,2,23.3,21,1,2,3,3,30.5,15,39.9,2.2,52.7,0,0.0,3,0,0.305,Low,1.0,0.9545454545454546,,synthetic
synth_emp_0047,2026-01-26,Design,Lead,Full-Time,58.5,8,8.1,6.1,0,3,1,2,0,7,0,0,0.0,8.0,1,0,41.8,2,7.6,37,6,4,2,8,12.3,18,14.1,3.9,47.2,0,0.0,1,0,0.857,High,1.0,0.9545454545454546,,synthetic
synth_emp_0047,2026-02-02,Design,Lead,Full-Time,58.5,8,6.2,11.2,0,1,0,2,0,4,0,0,1.0,8.0,1,0,34.1,0,4.4,46,1,3,10,6,13.6,3,62.7,3.0,64.7,0,0.0,2,0,0.484,Medium,1.0,0.9545454545454546,,synthetic
synth_emp_0047,2026-02-09,Design,Lead,Full-Time,58.5,8,6.8,3.1,3,0,1,0,0,7,0,0,1.0,10.0,0,0,45.6,0,22.4,22,1,2,8,7,23.8,9,15.5,2.3,57.2,0,0.0,2,0,0.385,Low,1.0,0.9545454545454546,,synthetic
synth_emp_0047,2026-02-16,Design,Lead,Full-Time,58.5,8,7.7,,3,1,1,1,0,7,0,0,1.0,10.0,1,0,34.4,0,0.5,50,15,0,3,14,17.0,20,35.5,2.7,96.9,0,0.0,1,0,0.443,Medium,1.0,0.9318181818181818,,synthetic
synth_emp_0047,2026-02-23,Design,Lead,Full-Time,58.5,8,8.9,10.3,0,1,1,1,0,5,0,0,2.0,10.0,1,0,49.5,0,4.5,17,5,1,0,9,36.0,10,55.6,4.3,65.2,0,0.0,2,0,0.506,Medium,1.0,0.9545454545454546,,synthetic
synth_emp_0047,2026-03-02,Design,Lead,Full-Time,58.5,8,,1.6,2,0,1,1,0,5,0,0,0.0,15.0,0,0,47.2,1,14.1,19,5,1,3,8,28.3,17,24.7,2.7,97.5,0,0.0,0,0,0.289,Low,1.0,0.9318181818181818,,synthetic
synth_emp_0047,2026-03-09,Design,Lead,Full-Time,58.5,8,6.4,3.5,3,1,0,2,0,5,0,0,0.0,16.0,0,0,30.7,0,27.5,2,0,0,6,2,5.4,3,71.4,3.9,93.4,0,0.0,1,0,0.397,Low,1.0,0.9545454545454546,,synthetic
synth_emp_0047,2026-03-16,Design,Lead,Full-Time,58.5,8,,9.2,1,0,1,0,0,7,0,0,1.0,8.0,0,0,40.1,0,27.7,5,1,0,4,7,2.6,0,31.3,3.0,61.4,0,0.0,3,0,0.507,Medium,1.0,0.9318181818181818,,synthetic
synth_emp_0047,2026-03-23,Design,Lead,Full-Time,58.5,8,6.7,14.7,0,1,0,0,0,5,0,0,0.0,14.0,1,0,31.2,1,6.8,36,0,1,2,5,39.6,1,9.4,4.7,52.2,0,0.0,2,0,0.37,Low,1.0,0.9545454545454546,,synthetic
synth_emp_0048,2026-01-05,Marketing,Mid,Full-Time,50.2,5,6.0,8.0,1,3,0,1,0,5,0,0,2.0,10.0,1,0,44.3,2,16.6,43,14,3,10,2,36.8,16,68.4,4.8,93.9,0,0.0,2,0,0.664,Medium,1.0,0.9545454545454546,,synthetic
synth_emp_0048,2026-01-12,Marketing,Mid,Full-Time,50.2,5,6.6,8.0,2,2,1,2,0,5,0,0,2.0,5.0,0,0,38.1,1,23.2,36,3,3,7,5,29.5,2,63.1,2.3,81.7,0,0.0,0,0,0.688,Medium,1.0,0.9545454545454546,,synthetic
synth_emp_0048,2026-01-19,Marketing,Mid,Full-Time,50.2,5,8.8,1.7,1,1,0,0,0,4,0,0,0.0,7.0,1,0,40.5,0,7.8,30,4,3,5,4,3.0,17,10.7,2.5,65.7,0,0.0,1,0,0.504,Medium,1.0,0.9545454545454546,,synthetic
synth_emp_0048,2026-01-26,Marketing,Mid,Full-Time,50.2,5,9.2,1.3,1,2,1,0,0,4,0,0,0.0,5.0,0,0,47.3,2,0.9,9,2,0,5,2,35.5,5,54.8,4.4,75.2,0,0.0,0,0,0.397,Low,1.0,0.9545454545454546,,synthetic
synth_emp_0048,2026-02-02,Marketing,Mid,Full-Time,50.2,5,7.9,6.6,2,2,1,2,0,4,0,0,2.0,14.0,1,0,35.2,0,16.4,34,8,0,2,0,,19,48.4,3.6,57.2,0,0.0,0,0,0.666,Medium,1.0,0.9318181818181818,,synthetic
synth_emp_0048,2026-02-09,Marketing,Mid,Full-Time,50.2,5,9.3,9.3,0,0,1,0,0,7,0,0,1.0,15.0,0,0,37.2,2,8.3,2,0,0,2,13,22.7,12,27.8,2.4,64.8,0,0.0,2,0,0.513,Medium,1.0,0.9545454545454546,,synthetic
synth_emp_0048,2026-02-16,Marketing,Mid,Full-Time,50.2,5,10.0,0.7,0,3,0,1,0,5,0,0,0.0,18.0,1,0,42.4,0,23.2,19,6,2,10,12,35.2,16,14.1,2.2,56.1,0,0.0,0,0,0.616,Medium,1.0,0.9545454545454546,,synthetic
synth_emp_0048,2026-02-23,Marketing,Mid,Full-Time,50.2,5,9.5,7.9,1,3,1,0,0,5,0,0,1.0,11.0,0,0,38.0,0,4.6,35,12,5,1,8,30.2,4,50.5,3.9,57.7,0,0.0,1,0,0.878,High,1.0,0.9545454545454546,,synthetic
synth_emp_0048,2026-03-02,Marketing,Mid,Full-Time,50.2,5,8.6,4.6,3,1,0,1,0,6,0,0,0.0,19.0,0,0,46.4,1,28.4,19,1,0,10,13,36.4,12,12.1,4.8,62.4,0,0.0,2,0,0.339,Low,1.0,0.9545454545454546,,synthetic
synth_emp_0048,2026-03-09,Marketing,Mid,Full-Time,50.2,5,6.2,3.4,0,0,1,1,0,6,0,0,1.0,13.0,1,0,40.3,2,15.2,43,6,4,0,5,14.5,7,52.9,3.1,73.4,0,0.0,1,0,0.688,Medium,1.0,0.9545454545454546,,synthetic
synth_emp_0048,2026-03-16,Marketing,Mid,Full-Time,50.2,5,7.1,2.0,0,2,0,0,0,5,0,0,0.0,16.0,0,0,46.6,1,17.6,39,12,0,1,10,2.3,12,52.7,4.4,88.4,0,0.0,0,0,0.456,Medium,1.0,0.9545454545454546,,synthetic
synth_emp_0048,2026-03-23,Marketing,Mid,Full-Time,50.2,5,,7.9,0,1,1,0,0,5,0,0,1.0,15.0,0,0,30.8,1,25.6,46,16,1,1,1,29.3,2,66.2,3.8,70.3,0,0.0,2,0,0.51,Medium,1.0,0.9318181818181818,,synthetic
synth_emp_0049,2026-01-05,Marketing,Junior,Contractor,57.7,9,8.9,0.1,2,3,0,2,0,5,0,0,2.0,5.0,0,0,43.8,1,14.2,11,0,0,7,0,,8,52.8,4.5,75.8,0,0.0,3,0,0.476,Medium,1.0,0.9318181818181818,,synthetic
synth_emp_0049,2026-01-12,Marketing,Junior,Contractor,57.7,9,9.5,5.9,0,2,0,2,0,6,0,0,0.0,12.0,1,0,40.6,1,25.1,39,12,1,9,1,4.1,4,54.7,3.2,50.2,0,0.0,1,0,0.831,High,1.0,0.9545454545454546,,synthetic
synth_emp_0049,2026-01-19,Marketing,Junior,Contractor,57.7,9,8.4,1.1,2,1,1,2,0,4,0,0,1.0,5.0,1,0,34.8,1,12.9,28,3,1,0,2,4.9,16,50.3,2.3,47.7,0,0.0,0,0,0.38,Low,1.0,0.9545454545454546,,synthetic
synth_emp_0049,2026-01-26,Marketing,Junior,Contractor,57.7,9,9.8,0.8,3,1,1,0,0,6,0,0,2.0,11.0,0,0,49.1,0,7.6,13,1,1,5,2,39.4,11,4.7,3.3,73.0,0,0.0,3,0,0.529,Medium,1.0,0.9545454545454546,,synthetic
synth_emp_0049,2026-02-02,Marketing,Junior,Contractor,57.7,9,7.9,6.4,2,0,0,0,0,6,0,0,2.0,5.0,1,0,45.6,1,9.0,35,9,0,7,6,47.2,17,53.3,3.6,64.4,0,0.0,1,0,0.699,Medium,1.0,0.9545454545454546,,synthetic
synth_emp_0049,2026-02-09,Marketing,Junior,Contractor,57.7,9,7.5,0.8,0,2,0,1,0,6,0,0,2.0,10.0,0,0,44.3,1,29.8,42,6,5,9,0,,5,29.6,3.8,74.4,0,0.0,3,0,0.582,Medium,1.0,0.9318181818181818,,synthetic
synth_emp_0049,2026-02-16,Marketing,Junior,Contractor,57.7,9,8.3,11.7,1,2,1,2,0,5,0,0,0.0,15.0,0,0,35.9,2,26.6,18,5,2,9,14,4.8,19,57.3,4.6,97.2,0,0.0,1,0,0.457,Medium,1.0,0.9545454545454546,,synthetic
synth_emp_0049,2026-02-23,Marketing,Junior,Contractor,57.7,9,9.4,3.3,0,3,0,2,0,7,0,0,0.0,17.0,0,0,39.1,1,29.2,49,2,9,0,12,27.3,20,32.4,4.2,58.6,0,0.0,1,0,0.738,High,1.0,0.9545454545454546,,synthetic
synth_emp_0049,2026-03-02,Marketing,Junior,Contractor,57.7,9,6.9,9.0,0,2,0,1,0,7,0,0,2.0,8.0,0,0,48.0,2,18.3,23,5,4,5,4,31.7,0,40.0,4.5,48.8,0,0.0,2,0,0.618,Medium,1.0,0.9545454545454546,,synthetic
synth_emp_0049,2026-03-09,Marketing,Junior,Contractor,57.7,9,6.6,1.4,1,0,1,1,0,4,0,0,2.0,9.0,0,0,46.1,1,17.1,35,5,2,1,13,30.4,8,60.9,4.3,63.9,0,0.0,1,0,0.377,Low,1.0,0.9545454545454546,,synthetic
synth_emp_0049,2026-03-16,Marketing,Junior,Contractor,57.7,9,9.2,7.6,0,3,1,1,0,4,0,0,0.0,8.0,1,0,40.1,0,2.4,40,14,6,3,5,23.2,19,24.8,4.9,91.3,0,0.0,0,0,0.867,High,1.0,0.9545454545454546,,synthetic
synth_emp_0049,2026-03-23,Marketing,Junior,Contractor,57.7,9,7.5,,3,3,0,2,0,5,0,0,2.0,19.0,1,0,42.5,0,21.9,41,4,2,3,2,41.2,20,20.9,2.1,69.7,0,0.0,3,0,0.196,Low,1.0,0.9318181818181818,,synthetic
synth_emp_0050,2026-01-05,Sales,Senior,Contractor,10.6,10,8.9,6.2,3,3,0,0,0,4,0,0,1.0,5.0,1,0,48.7,2,16.0,8,1,0,1,2,35.9,6,15.1,3.4,45.4,0,0.0,1,0,0.648,Medium,1.0,0.9545454545454546,,synthetic
synth_emp_0050,2026-01-12,Sales,Senior,Contractor,10.6,10,7.3,2.6,0,1,0,2,0,4,0,0,0.0,10.0,0,0,37.6,0,22.5,22,8,1,3,14,26.4,16,70.5,3.0,68.1,0,0.0,2,0,0.274,Low,1.0,0.9545454545454546,,synthetic
synth_emp_0050,2026-01-19,Sales,Senior,Contractor,10.6,10,6.8,13.4,2,0,0,1,0,6,0,0,2.0,6.0,0,0,38.6,1,29.8,34,4,1,3,1,35.0,14,15.5,2.8,46.1,0,0.0,3,0,0.351,Low,1.0,0.9545454545454546,,synthetic
synth_emp_0050,2026-01-26,Sales,Senior,Contractor,10.6,10,9.7,11.1,0,3,0,0,0,5,0,0,1.0,18.0,0,0,41.5,1,22.0,31,8,1,7,5,4.1,19,32.1,4.3,92.0,0,0.0,1,0,0.9,High,1.0,0.9545454545454546,,synthetic
synth_emp_0050,2026-02-02,Sales,Senior,Contractor,10.6,10,8.2,12.7,3,0,1,2,0,7,0,0,1.0,8.0,1,0,39.6,0,12.1,11,2,2,7,13,1.9,7,64.9,3.6,88.5,0,0.0,0,0,0.369,Low,1.0,0.9545454545454546,,synthetic
synth_emp_0050,2026-02-09,Sales,Senior,Contractor,10.6,10,6.0,1.3,3,2,0,1,0,7,0,0,0.0,13.0,1,0,41.4,2,2.2,10,0,1,10,10,32.5,5,6.2,3.7,59.6,0,0.0,3,0,0.126,Low,1.0,0.9545454545454546,,synthetic
synth_emp_0050,2026-02-16,Sales,Senior,Contractor,10.6,10,9.0,8.4,0,1,0,0,0,6,0,0,0.0,12.0,1,0,49.5,2,21.5,34,10,1,4,13,30.1,16,69.8,3.9,57.9,0,0.0,2,0,0.813,High,1.0,0.9545454545454546,,synthetic
synth_emp_0050,2026-02-23,Sales,Senior,Contractor,10.6,10,8.4,1.0,0,3,0,1,0,5,0,0,0.0,17.0,1,0,37.8,0,16.2,5,0,0,10,14,46.2,5,2.9,3.8,56.5,0,0.0,0,0,0.325,Low,1.0,0.9545454545454546,,synthetic
synth_emp_0050,2026-03-02,Sales,Senior,Contractor,10.6,10,6.3,14.6,3,3,0,0,0,6,0,0,2.0,11.0,1,0,49.9,0,23.7,31,7,3,8,4,41.2,10,49.4,2.0,78.6,0,0.0,1,0,0.772,High,1.0,0.9545454545454546,,synthetic
synth_emp_0050,2026-03-09,Sales,Senior,Contractor,10.6,10,8.8,10.0,0,0,0,1,0,5,0,0,2.0,15.0,1,0,35.4,0,28.0,23,6,1,6,10,33.1,14,43.1,2.6,61.2,0,0.0,2,0,0.821,High,1.0,0.9545454545454546,,synthetic
synth_emp_0050,2026-03-16,Sales,Senior,Contractor,10.6,10,7.0,10.3,1,0,1,1,0,5,0,0,1.0,7.0,1,0,33.7,1,21.7,47,10,2,7,12,39.9,5,65.9,3.0,50.1,0,0.0,1,0,0.517,Medium,1.0,0.9545454545454546,,synthetic
synth_emp_0050,2026-03-23,Sales,Senior,Contractor,10.6,10,8.4,3.3,0,3,1,1,0,4,0,0,2.0,20.0,1,0,49.1,2,9.7,33,8,4,9,3,11.1,10,54.7,4.3,57.2,0,0.0,2,0,0.697,Medium,1.0,0.9545454545454546,,synthetic
synth_emp_0051,2026-01-05,Product,Junior,Full-Time,19.1,12,8.7,8.7,2,1,1,0,0,4,0,0,1.0,11.0,1,0,36.2,1,8.8,7,2,0,1,5,2.7,10,59.8,2.6,53.0,0,0.0,1,0,0.656,Medium,1.0,0.9545454545454546,,synthetic
synth_emp_0051,2026-01-12,Product,Junior,Full-Time,19.1,12,9.5,7.1,2,1,0,1,0,4,0,0,0.0,16.0,0,0,39.1,2,15.9,33,1,5,1,14,40.9,18,38.2,3.7,76.3,0,0.0,1,0,0.664,Medium,1.0,0.9545454545454546,,synthetic
synth_emp_0051,2026-01-19,Product,Junior,Full-Time,19.1,12,6.0,3.5,2,3,1,0,0,6,0,0,2.0,18.0,1,0,40.8,1,9.0,32,6,5,2,11,19.6,4,36.0,3.0,60.2,0,0.0,2,0,0.667,Medium,1.0,0.9545454545454546,,synthetic
synth_emp_0051,2026-01-26,Product,Junior,Full-Time,19.1,12,7.4,14.5,0,0,1,1,0,4,0,0,0.0,5.0,0,0,30.9,1,11.2,50,17,7,3,9,8.9,18,47.0,2.7,97.5,0,0.0,1,0,0.639,Medium,1.0,0.9545454545454546,,synthetic
synth_emp_0051,2026-02-02,Product,Junior,Full-Time,19.1,12,9.3,1.7,3,0,0,2,0,7,0,0,2.0,10.0,0,0,35.7,1,25.5,20,6,0,8,0,,19,28.2,3.8,99.7,0,0.0,3,0,0.547,Medium,1.0,0.9318181818181818,,synthetic
synth_emp_0051,2026-02-09,Product,Junior,Full-Time,19.1,12,9.9,14.0,3,1,0,0,0,6,0,0,2.0,10.0,1,0,35.8,0,15.8,27,4,3,2,14,34.7,17,58.3,2.3,48.0,0,0.0,0,0,0.738,High,1.0,0.9545454545454546,,synthetic
synth_emp_0051,2026-02-16,Product,Junior,Full-Time,19.1,12,8.4,9.7,1,3,1,1,0,5,0,0,0.0,19.0,1,0,30.5,0,23.0,40,4,0,6,12,35.6,16,51.1,4.0,50.6,0,0.0,1,0,0.566,Medium,1.0,0.9545454545454546,,synthetic
synth_emp_0051,2026-02-23,Product,Junior,Full-Time,19.1,12,7.9,11.2,0,2,0,2,0,4,0,0,2.0,19.0,1,0,48.0,2,7.2,23,5,1,1,4,18.5,12,4.8,4.6,83.1,0,0.0,0,0,0.559,Medium,1.0,0.9545454545454546,,synthetic
synth_emp_0051,2026-03-02,Product,Junior,Full-Time,19.1,12,6.7,3.2,2,1,0,0,0,5,0,0,2.0,18.0,0,0,49.1,2,12.8,28,8,4,5,5,45.9,18,6.4,2.9,73.2,0,0.0,1,0,0.678,Medium,1.0,0.9545454545454546,,synthetic
synth_emp_0051,2026-03-09,Product,Junior,Full-Time,19.1,12,6.7,10.5,2,3,0,1,0,7,0,0,2.0,20.0,0,0,33.2,1,8.7,15,4,2,0,6,15.7,18,24.6,4.6,74.7,0,0.0,3,0,0.582,Medium,1.0,0.9545454545454546,,synthetic
synth_emp_0051,2026-03-16,Product,Junior,Full-Time,19.1,12,8.9,6.7,2,1,1,2,0,7,0,0,2.0,8.0,0,0,39.8,1,4.1,37,6,1,8,5,21.4,16,18.3,2.4,88.7,0,0.0,0,0,0.699,Medium,1.0,0.9545454545454546,,synthetic
synth_emp_0051,2026-03-23,Product,Junior,Full-Time,19.1,12,7.5,10.9,3,3,1,2,0,5,0,0,2.0,16.0,1,0,33.7,2,16.0,3,0,0,0,1,13.1,1,15.3,2.8,58.1,0,0.0,3,0,0.466,Medium,1.0,0.9545454545454546,,synthetic
synth_emp_0052,2026-01-05,Engineering,Manager,Contractor,7.5,4,9.5,13.1,1,2,0,0,0,6,0,0,0.0,20.0,1,0,43.1,2,15.3,36,12,6,0,0,,19,59.5,4.7,74.6,0,0.0,3,0,1.0,High,1.0,0.9318181818181818,,synthetic
synth_emp_0052,2026-01-12,Engineering,Manager,Contractor,7.5,4,,7.5,0,1,0,0,0,7,0,0,1.0,19.0,0,0,31.1,2,23.1,38,14,1,10,1,30.6,2,9.2,3.1,46.3,0,0.0,1,0,0.67,Medium,1.0,0.9318181818181818,,synthetic
synth_emp_0052,2026-01-19,Engineering,Manager,Contractor,7.5,4,,0.5,1,0,1,2,0,5,0,0,1.0,17.0,1,0,34.2,0,19.8,8,2,1,7,14,44.8,20,63.3,4.4,86.6,0,0.0,0,0,0.159,Low,1.0,0.9318181818181818,,synthetic
synth_emp_0052,2026-01-26,Engineering,Manager,Contractor,7.5,4,9.1,1.4,2,1,0,2,0,6,0,0,1.0,9.0,0,0,46.8,2,5.8,1,0,0,5,4,44.3,11,52.2,4.5,44.0,0,0.0,0,0,0.558,Medium,1.0,0.9545454545454546,,synthetic
synth_emp_0052,2026-02-02,Engineering,Manager,Contractor,7.5,4,6.9,8.9,1,3,0,0,0,6,0,0,0.0,18.0,1,0,41.0,2,11.0,8,2,0,4,0,,4,16.1,2.1,96.5,0,0.0,1,0,0.533,Medium,1.0,0.9318181818181818,,synthetic
synth_emp_0052,2026-02-09,Engineering,Manager,Contractor,7.5,4,,14.0,0,1,0,1,0,4,0,0,1.0,18.0,0,0,38.2,0,3.8,27,1,3,4,15,11.5,16,47.2,4.7,60.5,0,0.0,2,0,0.598,Medium,1.0,0.9318181818181818,,synthetic
synth_emp_0052,2026-02-16,Engineering,Manager,Contractor,7.5,4,6.6,9.5,0,2,1,1,0,7,0,0,1.0,18.0,1,0,42.5,1,13.3,0,0,0,10,9,2.0,11,27.4,3.3,50.3,0,0.0,1,0,0.318,Low,1.0,0.9545454545454546,,synthetic
synth_emp_0052,2026-02-23,Engineering,Manager,Contractor,7.5,4,9.4,12.2,0,0,0,0,0,7,0,0,2.0,12.0,0,0,39.0,1,22.9,29,5,0,1,1,37.0,15,12.5,3.5,72.7,0,0.0,0,0,0.739,High,1.0,0.9545454545454546,,synthetic
synth_emp_0052,2026-03-02,Engineering,Manager,Contractor,7.5,4,8.7,2.2,1,0,1,1,0,4,0,0,0.0,6.0,1,0,44.3,1,2.4,1,0,0,0,10,34.0,9,26.6,3.6,56.5,0,0.0,2,0,0.439,Medium,1.0,0.9545454545454546,,synthetic
synth_emp_0052,2026-03-09,Engineering,Manager,Contractor,7.5,4,7.6,2.9,2,3,0,0,0,4,0,0,2.0,5.0,1,0,34.0,2,24.1,1,0,0,3,11,21.7,19,29.6,4.5,95.2,0,0.0,3,0,0.311,Low,1.0,0.9545454545454546,,synthetic
synth_emp_0052,2026-03-16,Engineering,Manager,Contractor,7.5,4,9.4,6.6,3,0,0,0,0,6,0,0,1.0,18.0,1,0,32.0,1,18.8,9,0,1,0,7,40.0,2,57.5,2.2,75.3,0,0.0,3,0,0.71,High,1.0,0.9545454545454546,,synthetic
synth_emp_0052,2026-03-23,Engineering,Manager,Contractor,7.5,4,7.0,,2,0,1,0,0,4,0,0,1.0,10.0,0,0,35.1,2,15.1,41,4,1,9,2,39.5,9,46.9,3.8,69.8,0,0.0,3,0,0.269,Low,1.0,0.9318181818181818,,synthetic
synth_emp_0053,2026-01-05,Sales,Manager,Contractor,38.7,4,8.4,12.2,0,1,0,1,0,6,0,0,0.0,20.0,1,0,41.4,0,7.0,24,5,3,2,3,20.0,10,32.0,2.6,81.3,0,0.0,2,0,0.565,Medium,1.0,0.9545454545454546,,synthetic
synth_emp_0053,2026-01-12,Sales,Manager,Contractor,38.7,4,9.6,6.7,1,0,0,1,0,4,0,0,2.0,19.0,0,0,32.1,1,1.6,0,0,0,2,8,8.3,0,45.8,4.0,55.6,0,0.0,0,0,0.629,Medium,1.0,0.9545454545454546,,synthetic
synth_emp_0053,2026-01-19,Sales,Manager,Contractor,38.7,4,8.7,8.6,0,3,0,2,0,6,0,0,2.0,5.0,0,0,49.4,1,26.8,38,7,7,4,14,43.3,17,10.8,4.3,67.1,0,0.0,2,0,1.0,High,1.0,0.9545454545454546,,synthetic
synth_emp_0053,2026-01-26,Sales,Manager,Contractor,38.7,4,8.9,14.7,0,3,1,1,0,7,0,0,2.0,7.0,0,0,46.8,1,16.9,32,4,5,4,5,3.4,19,29.6,4.3,80.1,0,0.0,1,0,0.658,Medium,1.0,0.9545454545454546,,synthetic
synth_emp_0053,2026-02-02,Sales,Manager,Contractor,38.7,4,8.0,4.1,3,0,1,0,0,6,0,0,0.0,8.0,1,0,48.1,0,23.7,10,2,0,6,4,22.5,3,26.2,2.1,94.0,0,0.0,1,0,0.326,Low,1.0,0.9545454545454546,,synthetic
synth_emp_0053,2026-02-09,Sales,Manager,Contractor,38.7,4,7.1,10.4,3,1,1,2,0,4,0,0,2.0,18.0,1,0,46.7,1,11.5,35,3,5,3,11,5.6,8,67.4,3.3,55.9,0,0.0,2,0,0.729,High,1.0,0.9545454545454546,,synthetic
synth_emp_0053,2026-02-16,Sales,Manager,Contractor,38.7,4,7.8,5.1,3,2,0,0,0,5,0,0,1.0,17.0,0,0,42.3,1,4.1,24,1,4,4,11,28.0,12,35.0,5.0,85.2,0,0.0,3,0,0.523,Medium,1.0,0.9545454545454546,,synthetic
synth_emp_0053,2026-02-23,Sales,Manager,Contractor,38.7,4,6.3,,1,2,0,0,0,7,0,0,0.0,12.0,0,0,39.5,1,26.8,4,0,0,5,3,28.4,5,70.7,2.1,55.3,0,0.0,0,0,0.327,Low,1.0,0.9318181818181818,,synthetic
synth_emp_0053,2026-03-02,Sales,Manager,Contractor,38.7,4,9.1,13.7,0,3,1,2,0,4,0,0,0.0,14.0,1,0,30.6,2,12.5,23,8,1,1,9,24.0,15,54.6,3.5,94.7,0,0.0,0,0,0.729,High,1.0,0.9545454545454546,,synthetic
synth_emp_0053,2026-03-09,Sales,Manager,Contractor,38.7,4,6.5,8.1,3,1,0,1,0,4,0,0,1.0,13.0,1,0,40.3,0,23.6,48,10,0,5,0,,19,14.1,3.2,62.6,0,0.0,2,0,0.71,High,1.0,0.9318181818181818,,synthetic
synth_emp_0053,2026-03-16,Sales,Manager,Contractor,38.7,4,8.5,12.1,2,0,1,1,0,6,0,0,1.0,6.0,0,0,32.5,0,21.7,15,4,1,10,14,15.3,5,5.2,4.1,68.7,0,0.0,2,0,0.452,Medium,1.0,0.9545454545454546,,synthetic
synth_emp_0053,2026-03-23,Sales,Manager,Contractor,38.7,4,9.7,0.7,3,1,1,1,0,5,0,0,1.0,9.0,0,0,40.3,1,9.8,7,0,0,9,1,11.3,1,27.9,2.0,41.5,0,0.0,2,0,0.479,Medium,1.0,0.9545454545454546,,synthetic
synth_emp_0054,2026-01-05,Product,Senior,Contractor,11.6,7,10.0,4.1,3,2,0,0,0,6,0,0,1.0,18.0,1,0,39.8,1,10.2,47,16,5,0,13,24.1,18,33.0,4.9,86.1,0,0.0,1,0,0.615,Medium,1.0,0.9545454545454546,,synthetic
synth_emp_0054,2026-01-12,Product,Senior,Contractor,11.6,7,8.0,6.4,1,3,1,2,0,6,0,0,0.0,8.0,1,0,42.7,2,18.2,15,5,1,3,12,42.1,1,1.7,4.8,65.5,0,0.0,1,0,0.535,Medium,1.0,0.9545454545454546,,synthetic
synth_emp_0054,2026-01-19,Product,Senior,Contractor,11.6,7,6.6,11.4,2,0,1,0,0,4,0,0,0.0,10.0,1,0,44.2,0,2.8,28,4,4,8,15,15.3,8,38.9,3.6,63.3,0,0.0,0,0,0.49,Medium,1.0,0.9545454545454546,,synthetic
synth_emp_0054,2026-01-26,Product,Senior,Contractor,11.6,7,,8.1,1,1,0,0,0,6,0,0,1.0,5.0,1,0,38.9,2,12.3,6,1,0,4,12,23.4,5,46.3,3.3,48.8,0,0.0,0,0,0.448,Medium,1.0,0.9318181818181818,,synthetic
synth_emp_0054,2026-02-02,Product,Senior,Contractor,11.6,7,6.2,3.4,3,0,1,2,0,6,0,0,2.0,10.0,1,0,49.7,2,5.2,48,16,3,2,13,16.9,3,48.7,4.1,54.0,0,0.0,2,0,0.577,Medium,1.0,0.9545454545454546,,synthetic
synth_emp_0054,2026-02-09,Product,Senior,Contractor,11.6,7,7.4,14.3,3,2,0,0,0,4,0,0,0.0,9.0,0,0,33.1,2,29.5,3,0,0,4,8,15.0,17,44.6,4.2,98.6,0,0.0,0,0,0.41,Medium,1.0,0.9545454545454546,,synthetic
synth_emp_0054,2026-02-16,Product,Senior,Contractor,11.6,7,9.6,3.1,3,1,0,1,0,6,0,0,2.0,5.0,0,0,46.0,0,18.2,42,4,5,6,5,23.7,7,59.7,2.8,82.9,0,0.0,1,0,0.459,Medium,1.0,0.9545454545454546,,synthetic
synth_emp_0054,2026-02-23,Product,Senior,Contractor,11.6,7,,11.9,2,1,1,0,0,4,0,0,2.0,8.0,0,0,44.3,1,13.2,14,1,1,8,4,13.2,9,37.5,2.2,65.5,0,0.0,1,0,0.568,Medium,1.0,0.9318181818181818,,synthetic
synth_emp_0054,2026-03-02,Product,Senior,Contractor,11.6,7,7.0,5.4,0,3,0,1,0,4,0,0,0.0,15.0,0,0,42.9,0,4.4,16,2,2,7,6,39.4,16,37.4,2.8,72.3,0,0.0,3,0,0.564,Medium,1.0,0.9545454545454546,,synthetic
synth_emp_0054,2026-03-09,Product,Senior,Contractor,11.6,7,8.3,8.8,3,1,1,0,0,6,0,0,1.0,9.0,1,0,37.5,0,24.3,32,9,5,9,1,15.0,17,54.1,3.1,55.2,0,0.0,2,0,0.896,High,1.0,0.9545454545454546,,synthetic
synth_emp_0054,2026-03-16,Product,Senior,Contractor,11.6,7,6.8,3.4,3,0,1,0,0,5,0,0,0.0,6.0,0,0,33.4,0,1.3,28,1,1,1,3,7.7,0,14.1,2.5,40.1,0,0.0,0,0,0.134,Low,1.0,0.9545454545454546,,synthetic
synth_emp_0054,2026-03-23,Product,Senior,Contractor,11.6,7,7.5,1.7,0,2,0,1,0,7,0,0,0.0,14.0,0,0,48.3,0,26.9,1,0,0,4,15,34.5,10,47.1,3.9,45.1,0,0.0,0,0,0.137,Low,1.0,0.9545454545454546,,synthetic
synth_emp_0055,2026-01-05,Marketing,Senior,Contractor,47.2,11,6.8,13.0,0,3,1,0,0,4,0,0,1.0,13.0,1,0,49.0,2,11.4,37,4,5,1,3,2.2,10,2.4,4.1,66.2,0,0.0,3,0,0.51,Medium,1.0,0.9545454545454546,,synthetic
synth_emp_0055,2026-01-12,Marketing,Senior,Contractor,47.2,11,6.4,,1,2,0,1,0,6,0,0,0.0,17.0,1,0,45.4,1,1.3,41,6,3,9,2,34.2,0,27.1,3.7,51.7,0,0.0,3,0,0.611,Medium,1.0,0.9318181818181818,,synthetic
synth_emp_0055,2026-01-19,Marketing,Senior,Contractor,47.2,11,7.2,8.0,1,3,0,1,0,7,0,0,2.0,7.0,1,0,30.6,2,12.9,36,8,2,5,12,29.3,14,60.9,3.7,93.8,0,0.0,0,0,0.685,Medium,1.0,0.9545454545454546,,synthetic
synth_emp_0055,2026-01-26,Marketing,Senior,Contractor,47.2,11,6.9,,1,3,0,1,0,4,0,0,2.0,5.0,1,0,48.7,0,23.5,5,0,0,5,11,22.1,10,37.2,4.9,47.1,0,0.0,3,0,0.389,Low,1.0,0.9318181818181818,,synthetic
synth_emp_0055,2026-02-02,Marketing,Senior,Contractor,47.2,11,8.8,2.1,1,2,0,2,0,7,0,0,0.0,18.0,1,0,33.5,0,18.1,18,2,0,7,2,5.1,10,37.4,2.2,43.2,0,0.0,2,0,0.502,Medium,1.0,0.9545454545454546,,synthetic
synth_emp_0055,2026-02-09,Marketing,Senior,Contractor,47.2,11,7.5,1.6,3,1,0,2,0,5,0,0,0.0,16.0,1,0,46.6,2,17.2,35,4,2,0,15,40.1,2,45.9,2.7,82.2,0,0.0,2,0,0.114,Low,1.0,0.9545454545454546,,synthetic
synth_emp_0055,2026-02-16,Marketing,Senior,Contractor,47.2,11,9.8,3.2,2,2,0,0,0,4,0,0,1.0,10.0,0,0,43.8,2,13.6,8,0,1,1,5,24.4,4,71.6,2.2,96.5,0,0.0,2,0,0.576,Medium,1.0,0.9545454545454546,,synthetic
synth_emp_0055,2026-02-23,Marketing,Senior,Contractor,47.2,11,,,0,1,1,0,0,4,0,0,1.0,10.0,1,0,31.6,0,22.3,50,7,5,3,1,4.8,14,4.8,3.7,52.0,0,0.0,0,0,0.572,Medium,1.0,0.9090909090909091,,synthetic
synth_emp_0055,2026-03-02,Marketing,Senior,Contractor,47.2,11,9.2,10.2,2,2,1,0,0,5,0,0,2.0,19.0,1,0,41.9,2,6.4,0,0,0,6,2,42.2,11,10.3,2.8,97.4,0,0.0,0,0,0.672,Medium,1.0,0.9545454545454546,,synthetic
synth_emp_0055,2026-03-09,Marketing,Senior,Contractor,47.2,11,8.9,11.9,0,1,0,0,0,6,0,0,1.0,6.0,0,0,37.0,2,19.9,32,11,6,6,6,38.7,7,49.6,2.2,93.5,0,0.0,1,0,1.0,High,1.0,0.9545454545454546,,synthetic
synth_emp_0055,2026-03-16,Marketing,Senior,Contractor,47.2,11,9.1,6.6,0,3,1,2,0,7,0,0,0.0,18.0,1,0,33.9,2,6.6,33,10,5,4,10,41.9,9,67.1,3.5,72.8,0,0.0,1,0,0.845,High,1.0,0.9545454545454546,,synthetic
synth_emp_0055,2026-03-23,Marketing,Senior,Contractor,47.2,11,6.9,12.0,0,3,1,1,0,4,0,0,1.0,16.0,1,0,42.4,1,2.4,40,15,2,6,4,26.2,5,15.6,2.5,89.5,0,0.0,0,0,0.549,Medium,1.0,0.9545454545454546,,synthetic
synth_emp_0056,2026-01-05,Sales,Senior,Contractor,7.3,10,7.2,,3,0,0,0,0,6,0,0,1.0,19.0,1,0,31.1,2,5.3,38,1,1,10,2,47.8,0,29.8,3.9,95.2,0,0.0,2,0,0.239,Low,1.0,0.9318181818181818,,synthetic
synth_emp_0056,2026-01-12,Sales,Senior,Contractor,7.3,10,9.7,1.2,2,0,0,0,0,7,0,0,2.0,6.0,0,0,36.4,1,6.4,11,4,1,2,4,9.2,11,69.6,4.0,81.2,0,0.0,2,0,0.57,Medium,1.0,0.9545454545454546,,synthetic
synth_emp_0056,2026-01-19,Sales,Senior,Contractor,7.3,10,9.6,6.6,3,0,1,2,0,6,0,0,2.0,5.0,0,0,43.3,0,1.4,2,0,0,6,14,33.9,9,69.0,3.9,98.2,0,0.0,0,0,0.753,High,1.0,0.9545454545454546,,synthetic
synth_emp_0056,2026-01-26,Sales,Senior,Contractor,7.3,10,9.6,4.2,2,0,0,2,0,6,0,0,2.0,8.0,0,0,49.8,1,26.4,8,3,1,9,13,2.7,5,69.1,3.1,85.6,0,0.0,1,0,0.483,Medium,1.0,0.9545454545454546,,synthetic
synth_emp_0056,2026-02-02,Sales,Senior,Contractor,7.3,10,8.7,0.7,0,3,1,2,0,4,0,0,0.0,17.0,1,0,39.6,0,23.3,24,0,0,3,15,27.5,15,36.6,4.1,47.5,0,0.0,1,0,0.473,Medium,1.0,0.9545454545454546,,synthetic
synth_emp_0056,2026-02-09,Sales,Senior,Contractor,7.3,10,8.3,8.7,1,2,1,0,0,5,0,0,0.0,16.0,0,0,31.5,0,29.6,23,7,0,5,12,23.8,8,10.2,3.2,57.2,0,0.0,3,0,0.563,Medium,1.0,0.9545454545454546,,synthetic
synth_emp_0056,2026-02-16,Sales,Senior,Contractor,7.3,10,6.7,,2,0,0,0,0,4,0,0,2.0,6.0,1,0,46.8,0,10.7,11,2,1,0,4,10.9,20,55.3,3.6,94.8,0,0.0,2,0,0.166,Low,1.0,0.9318181818181818,,synthetic
synth_emp_0056,2026-02-23,Sales,Senior,Contractor,7.3,10,6.6,1.3,2,3,1,2,0,7,0,0,1.0,10.0,0,0,33.4,2,17.8,25,4,3,6,0,,9,12.9,2.1,97.2,0,0.0,1,0,0.334,Low,1.0,0.9318181818181818,,synthetic
synth_emp_0056,2026-03-02,Sales,Senior,Contractor,7.3,10,9.2,0.1,3,0,0,0,0,7,0,0,0.0,7.0,1,0,46.8,0,21.4,44,2,3,8,5,4.2,0,13.8,3.3,97.4,0,0.0,0,0,0.589,Medium,1.0,0.9545454545454546,,synthetic
synth_emp_0056,2026-03-09,Sales,Senior,Contractor,7.3,10,8.4,1.0,0,3,0,0,0,7,0,0,0.0,16.0,1,0,41.0,0,21.9,33,10,3,5,15,34.8,18,54.2,4.1,68.2,0,0.0,0,0,0.606,Medium,1.0,0.9545454545454546,,synthetic
synth_emp_0056,2026-03-16,Sales,Senior,Contractor,7.3,10,8.1,11.3,1,3,0,2,0,6,0,0,1.0,14.0,0,0,43.1,2,4.1,49,6,2,7,6,3.7,5,1.1,2.5,52.8,0,0.0,2,0,0.744,High,1.0,0.9545454545454546,,synthetic
synth_emp_0056,2026-03-23,Sales,Senior,Contractor,7.3,10,8.5,3.4,2,1,0,2,0,4,0,0,0.0,18.0,1,0,41.5,2,5.9,42,15,0,0,2,13.7,4,53.2,4.2,47.7,0,0.0,1,0,0.396,Low,1.0,0.9545454545454546,,synthetic
synth_emp_0057,2026-01-05,Engineering,Senior,Full-Time,13.9,5,7.8,14.0,1,0,1,1,0,4,0,0,1.0,13.0,1,0,33.9,2,29.5,44,15,2,0,6,2.5,11,51.8,3.8,96.1,0,0.0,3,0,0.683,Medium,1.0,0.9545454545454546,,synthetic
synth_emp_0057,2026-01-12,Engineering,Senior,Full-Time,13.9,5,7.4,1.4,0,3,0,1,0,6,0,0,1.0,6.0,0,0,41.6,2,6.5,34,3,5,0,0,,8,18.6,4.9,72.5,0,0.0,2,0,0.446,Medium,1.0,0.9318181818181818,,synthetic
synth_emp_0057,2026-01-19,Engineering,Senior,Full-Time,13.9,5,,2.4,0,2,1,2,0,6,0,0,1.0,17.0,1,0,49.1,0,11.5,36,1,6,6,3,20.4,4,7.0,3.5,63.6,0,0.0,2,0,0.254,Low,1.0,0.9318181818181818,,synthetic
synth_emp_0057,2026-01-26,Engineering,Senior,Full-Time,13.9,5,,11.7,1,2,0,2,0,5,0,0,2.0,18.0,1,0,30.2,2,18.1,50,5,6,2,14,46.4,14,14.5,4.5,63.1,0,0.0,3,0,0.567,Medium,1.0,0.9318181818181818,,synthetic
synth_emp_0057,2026-02-02,Engineering,Senior,Full-Time,13.9,5,6.5,2.2,2,2,0,0,0,4,0,0,2.0,20.0,0,0,44.8,1,4.4,13,4,1,3,10,45.2,9,65.4,4.1,79.5,0,0.0,3,0,0.266,Low,1.0,0.9545454545454546,,synthetic
synth_emp_0057,2026-02-09,Engineering,Senior,Full-Time,13.9,5,6.8,3.6,1,2,0,1,0,5,0,0,0.0,12.0,1,0,49.0,0,24.3,8,2,1,3,9,45.5,2,6.6,4.5,90.9,0,0.0,3,0,0.392,Low,1.0,0.9545454545454546,,synthetic
synth_emp_0057,2026-02-16,Engineering,Senior,Full-Time,13.9,5,7.5,5.5,3,2,1,0,0,6,0,0,0.0,18.0,1,0,41.3,1,11.8,29,9,2,9,8,24.2,16,28.1,4.4,65.9,0,0.0,2,0,0.689,Medium,1.0,0.9545454545454546,,synthetic
synth_emp_0057,2026-02-23,Engineering,Senior,Full-Time,13.9,5,6.7,0.3,1,3,0,1,0,6,0,0,2.0,17.0,1,0,36.0,1,5.5,44,15,5,3,9,24.6,0,33.2,4.9,48.2,0,0.0,2,0,0.644,Medium,1.0,0.9545454545454546,,synthetic
synth_emp_0057,2026-03-02,Engineering,Senior,Full-Time,13.9,5,8.4,2.7,1,1,1,0,0,6,0,0,1.0,14.0,0,0,44.4,0,13.6,7,2,0,6,8,31.4,7,47.7,3.4,46.3,0,0.0,0,0,0.275,Low,1.0,0.9545454545454546,,synthetic
synth_emp_0057,2026-03-09,Engineering,Senior,Full-Time,13.9,5,,11.0,2,3,0,2,0,6,0,0,1.0,10.0,0,0,37.3,2,8.4,31,11,5,2,5,7.2,13,64.1,3.5,67.6,0,0.0,2,0,0.636,Medium,1.0,0.9318181818181818,,synthetic
synth_emp_0057,2026-03-16,Engineering,Senior,Full-Time,13.9,5,8.6,0.7,3,2,0,0,0,7,0,0,1.0,19.0,0,0,41.5,1,20.5,31,2,5,6,0,,6,14.8,2.0,56.7,0,0.0,0,0,0.657,Medium,1.0,0.9318181818181818,,synthetic
synth_emp_0057,2026-03-23,Engineering,Senior,Full-Time,13.9,5,6.2,10.5,2,0,0,0,0,5,0,0,1.0,10.0,0,0,31.3,0,9.6,9,2,1,10,2,1.7,6,9.5,2.1,58.1,0,0.0,0,0,0.581,Medium,1.0,0.9545454545454546,,synthetic
synth_emp_0058,2026-01-05,Product,Lead,Full-Time,30.2,5,6.8,9.3,1,3,0,1,0,5,0,0,2.0,16.0,1,0,46.5,2,20.5,22,6,2,3,12,8.9,4,13.0,3.9,86.3,0,0.0,3,0,0.666,Medium,1.0,0.9545454545454546,,synthetic
synth_emp_0058,2026-01-12,Product,Lead,Full-Time,30.2,5,8.5,9.1,1,2,0,0,0,5,0,0,1.0,18.0,0,0,40.1,0,14.1,11,0,0,1,15,33.3,1,40.1,3.4,70.7,0,0.0,3,0,0.548,Medium,1.0,0.9545454545454546,,synthetic
synth_emp_0058,2026-01-19,Product,Lead,Full-Time,30.2,5,9.2,7.6,1,3,0,1,0,5,0,0,2.0,10.0,0,0,49.3,1,20.0,10,3,0,10,1,5.2,13,66.5,4.3,72.0,0,0.0,2,0,0.647,Medium,1.0,0.9545454545454546,,synthetic
synth_emp_0058,2026-01-26,Product,Lead,Full-Time,30.2,5,7.9,11.3,1,1,0,2,0,4,0,0,2.0,14.0,1,0,49.9,1,16.8,8,0,1,10,6,47.2,18,12.0,4.4,99.4,0,0.0,1,0,0.595,Medium,1.0,0.9545454545454546,,synthetic
synth_emp_0058,2026-02-02,Product,Lead,Full-Time,30.2,5,9.8,5.7,1,3,0,0,0,4,0,0,2.0,6.0,1,0,37.9,1,8.3,39,15,2,3,11,31.7,0,35.5,2.9,91.4,0,0.0,2,0,0.92,High,1.0,0.9545454545454546,,synthetic
synth_emp_0058,2026-02-09,Product,Lead,Full-Time,30.2,5,8.6,0.2,2,3,0,2,0,7,0,0,2.0,16.0,1,0,31.3,2,8.3,42,1,6,7,5,19.6,1,26.7,2.8,44.4,0,0.0,1,0,0.467,Medium,1.0,0.9545454545454546,,synthetic
synth_emp_0058,2026-02-16,Product,Lead,Full-Time,30.2,5,8.6,6.4,0,3,0,2,0,6,0,0,1.0,20.0,1,0,46.1,0,14.3,46,4,0,0,10,16.2,4,2.3,2.5,98.6,0,0.0,0,0,0.581,Medium,1.0,0.9545454545454546,,synthetic
synth_emp_0058,2026-02-23,Product,Lead,Full-Time,30.2,5,,7.4,1,3,1,1,0,7,0,0,1.0,6.0,1,0,34.3,0,12.8,8,2,0,7,9,4.0,7,6.7,3.8,86.2,0,0.0,1,0,0.361,Low,1.0,0.9318181818181818,,synthetic
synth_emp_0058,2026-03-02,Product,Lead,Full-Time,30.2,5,7.6,6.9,1,1,1,0,0,4,0,0,2.0,7.0,1,0,36.6,0,0.9,21,5,4,8,15,31.3,18,46.2,2.5,47.5,0,0.0,0,0,0.576,Medium,1.0,0.9545454545454546,,synthetic
synth_emp_0058,2026-03-09,Product,Lead,Full-Time,30.2,5,8.3,0.4,2,3,0,2,0,4,0,0,0.0,9.0,1,0,49.4,1,11.9,22,4,1,4,9,27.2,17,48.2,3.3,64.1,0,0.0,3,0,0.237,Low,1.0,0.9545454545454546,,synthetic
synth_emp_0058,2026-03-16,Product,Lead,Full-Time,30.2,5,9.7,1.3,0,3,0,1,0,6,0,0,2.0,12.0,1,0,34.0,2,22.2,12,1,0,4,1,12.7,18,31.3,2.6,67.9,0,0.0,0,0,0.399,Low,1.0,0.9545454545454546,,synthetic
synth_emp_0058,2026-03-23,Product,Lead,Full-Time,30.2,5,8.5,2.1,0,1,1,1,0,4,0,0,0.0,10.0,1,0,38.3,0,12.8,44,6,2,3,1,33.5,2,61.6,3.8,95.0,0,0.0,2,0,0.428,Medium,1.0,0.9545454545454546,,synthetic
synth_emp_0059,2026-01-05,Sales,Lead,Contractor,55.4,9,7.0,11.3,2,0,1,2,0,5,0,0,2.0,12.0,1,0,35.5,1,8.6,18,5,1,9,8,37.8,8,63.3,2.8,71.5,0,0.0,1,0,0.538,Medium,1.0,0.9545454545454546,,synthetic
synth_emp_0059,2026-01-12,Sales,Lead,Contractor,55.4,9,6.2,6.3,2,0,0,0,0,4,0,0,0.0,19.0,0,0,31.2,0,3.5,38,10,5,7,6,47.4,1,35.0,2.9,91.1,0,0.0,2,0,0.801,High,1.0,0.9545454545454546,,synthetic
synth_emp_0059,2026-01-19,Sales,Lead,Contractor,55.4,9,8.5,5.6,2,2,1,1,0,7,0,0,0.0,9.0,0,0,41.3,0,4.2,30,9,0,5,4,2.3,3,10.7,2.3,84.0,0,0.0,3,0,0.453,Medium,1.0,0.9545454545454546,,synthetic
synth_emp_0059,2026-01-26,Sales,Lead,Contractor,55.4,9,7.6,10.6,3,0,0,0,0,6,0,0,2.0,16.0,1,0,33.8,2,9.8,25,1,2,6,15,46.3,7,7.0,2.7,72.5,0,0.0,2,0,0.467,Medium,1.0,0.9545454545454546,,synthetic
synth_emp_0059,2026-02-02,Sales,Lead,Contractor,55.4,9,,13.4,2,3,1,0,0,6,0,0,1.0,11.0,0,0,30.4,0,19.9,12,3,0,9,4,2.1,13,36.8,4.1,88.1,0,0.0,3,0,0.375,Low,1.0,0.9318181818181818,,synthetic
synth_emp_0059,2026-02-09,Sales,Lead,Contractor,55.4,9,8.2,,2,3,0,0,0,4,0,0,2.0,20.0,1,0,47.8,0,14.0,35,11,6,3,10,34.3,1,22.4,4.5,43.5,0,0.0,1,0,0.669,Medium,1.0,0.9318181818181818,,synthetic
synth_emp_0059,2026-02-16,Sales,Lead,Contractor,55.4,9,9.2,0.7,3,2,0,0,0,5,0,0,0.0,9.0,0,0,30.2,0,4.0,10,3,1,6,8,20.6,18,71.4,2.6,92.7,0,0.0,1,0,0.402,Medium,1.0,0.9545454545454546,,synthetic
synth_emp_0059,2026-02-23,Sales,Lead,Contractor,55.4,9,,6.1,0,3,1,0,0,7,0,0,2.0,16.0,1,0,35.0,2,1.7,28,0,3,4,13,37.7,20,27.3,2.2,96.5,0,0.0,1,0,0.56,Medium,1.0,0.9318181818181818,,synthetic
synth_emp_0059,2026-03-02,Sales,Lead,Contractor,55.4,9,8.9,3.9,1,0,0,2,0,6,0,0,1.0,7.0,0,0,31.8,2,4.9,31,2,0,2,8,34.5,4,21.8,4.6,43.5,0,0.0,3,0,0.585,Medium,1.0,0.9545454545454546,,synthetic
synth_emp_0059,2026-03-09,Sales,Lead,Contractor,55.4,9,7.0,6.9,2,2,1,0,0,5,0,0,1.0,6.0,1,0,37.2,2,6.8,49,18,8,7,15,31.0,4,57.0,3.4,48.9,0,0.0,0,0,0.807,High,1.0,0.9545454545454546,,synthetic
synth_emp_0059,2026-03-16,Sales,Lead,Contractor,55.4,9,7.3,,2,1,0,1,0,5,0,0,2.0,11.0,1,0,41.5,0,23.8,37,11,2,1,12,36.5,4,7.0,4.9,47.2,0,0.0,3,0,0.335,Low,1.0,0.9318181818181818,,synthetic
synth_emp_0059,2026-03-23,Sales,Lead,Contractor,55.4,9,6.2,14.7,0,3,0,1,0,6,0,0,2.0,6.0,0,0,42.0,1,3.1,35,5,6,9,1,32.3,19,18.9,3.1,75.9,0,0.0,0,0,0.717,High,1.0,0.9545454545454546,,synthetic
synth_emp_0060,2026-01-05,Marketing,Junior,Full-Time,11.4,10,9.0,8.4,1,3,1,2,0,6,0,0,2.0,17.0,0,0,48.2,2,22.1,11,0,0,8,9,7.6,6,15.4,2.9,58.1,0,0.0,0,0,0.534,Medium,1.0,0.9545454545454546,,synthetic
synth_emp_0060,2026-01-12,Marketing,Junior,Full-Time,11.4,10,9.4,9.0,3,2,0,2,0,6,0,0,0.0,19.0,1,0,35.1,2,27.1,21,0,1,6,5,1.0,13,46.1,2.6,96.9,0,0.0,2,0,0.612,Medium,1.0,0.9545454545454546,,synthetic
synth_emp_0060,2026-01-19,Marketing,Junior,Full-Time,11.4,10,7.1,7.5,0,3,1,2,0,4,0,0,0.0,9.0,0,0,43.1,2,21.8,20,6,0,2,11,27.4,4,43.1,2.4,59.4,0,0.0,3,0,0.455,Medium,1.0,0.9545454545454546,,synthetic
synth_emp_0060,2026-01-26,Marketing,Junior,Full-Time,11.4,10,6.6,11.4,1,3,0,2,0,6,0,0,2.0,10.0,0,0,38.6,0,10.1,44,10,2,4,7,22.5,19,37.5,3.9,73.1,0,0.0,0,0,0.666,Medium,1.0,0.9545454545454546,,synthetic
synth_emp_0060,2026-02-02,Marketing,Junior,Full-Time,11.4,10,8.9,8.1,0,1,0,0,0,5,0,0,0.0,16.0,1,0,40.2,0,21.3,2,0,0,8,7,34.0,4,62.8,3.6,72.1,0,0.0,3,0,0.547,Medium,1.0,0.9545454545454546,,synthetic
synth_emp_0060,2026-02-09,Marketing,Junior,Full-Time,11.4,10,6.0,1.6,1,0,0,1,0,5,0,0,2.0,20.0,1,0,42.8,1,7.3,20,2,2,5,12,15.2,16,24.2,4.2,63.3,0,0.0,3,0,0.192,Low,1.0,0.9545454545454546,,synthetic
synth_emp_0060,2026-02-16,Marketing,Junior,Full-Time,11.4,10,9.5,11.6,1,3,0,0,0,4,0,0,0.0,10.0,0,0,36.1,0,1.4,7,1,1,2,6,14.6,19,19.0,2.7,98.4,0,0.0,2,0,0.554,Medium,1.0,0.9545454545454546,,synthetic
synth_emp_0060,2026-02-23,Marketing,Junior,Full-Time,11.4,10,9.8,8.5,2,0,0,2,0,5,0,0,0.0,5.0,0,0,34.4,1,12.7,44,15,0,0,14,7.8,5,51.1,2.2,60.9,0,0.0,1,0,0.878,High,1.0,0.9545454545454546,,synthetic
synth_emp_0060,2026-03-02,Marketing,Junior,Full-Time,11.4,10,8.2,5.9,1,0,1,2,0,5,0,0,1.0,10.0,0,0,31.2,1,16.0,6,0,0,6,10,39.0,5,59.4,4.3,96.0,0,0.0,1,0,0.381,Low,1.0,0.9545454545454546,,synthetic
synth_emp_0060,2026-03-09,Marketing,Junior,Full-Time,11.4,10,8.2,13.2,0,2,0,2,0,7,0,0,0.0,17.0,1,0,32.1,1,16.6,32,7,2,1,6,10.7,0,70.1,2.6,79.8,0,0.0,1,0,0.595,Medium,1.0,0.9545454545454546,,synthetic
synth_emp_0060,2026-03-16,Marketing,Junior,Full-Time,11.4,10,6.9,1.5,0,3,1,2,0,4,0,0,1.0,20.0,1,0,37.7,2,1.3,34,11,4,10,7,17.1,11,59.6,2.5,78.1,0,0.0,0,0,0.456,Medium,1.0,0.9545454545454546,,synthetic
synth_emp_0060,2026-03-23,Marketing,Junior,Full-Time,11.4,10,9.3,1.1,0,2,1,2,0,5,0,0,2.0,14.0,1,0,43.2,0,22.0,8,1,0,0,13,6.0,4,50.8,3.1,81.8,0,0.0,3,0,0.575,Medium,1.0,0.9545454545454546,,synthetic
synth_emp_0061,2026-01-05,Sales,Lead,Full-Time,37.1,8,6.4,3.1,2,3,0,1,0,6,0,0,0.0,5.0,1,0,35.4,1,4.3,39,7,4,9,5,16.8,13,31.0,5.0,58.3,0,0.0,3,0,0.467,Medium,1.0,0.9545454545454546,,synthetic
synth_emp_0061,2026-01-12,Sales,Lead,Full-Time,37.1,8,7.6,,2,2,1,1,0,4,0,0,2.0,11.0,1,0,32.3,1,7.3,0,0,0,7,9,33.1,16,68.0,3.0,63.9,0,0.0,0,0,0.249,Low,1.0,0.9318181818181818,,synthetic
synth_emp_0061,2026-01-19,Sales,Lead,Full-Time,37.1,8,7.2,0.4,3,0,1,0,0,4,0,0,0.0,10.0,1,0,32.8,1,1.2,18,2,2,6,5,32.0,9,40.3,4.7,41.1,0,0.0,1,0,0.254,Low,1.0,0.9545454545454546,,synthetic
synth_emp_0061,2026-01-26,Sales,Lead,Full-Time,37.1,8,9.3,1.6,2,3,1,2,0,5,0,0,2.0,20.0,1,0,46.7,2,29.8,14,0,2,8,6,42.1,11,30.5,4.6,40.9,0,0.0,3,0,0.541,Medium,1.0,0.9545454545454546,,synthetic
synth_emp_0061,2026-02-02,Sales,Lead,Full-Time,37.1,8,9.7,,2,1,0,1,0,7,0,0,1.0,8.0,1,0,45.3,0,24.8,13,0,0,8,12,36.6,9,31.7,3.7,70.2,0,0.0,3,0,0.421,Medium,1.0,0.9318181818181818,,synthetic
synth_emp_0061,2026-02-09,Sales,Lead,Full-Time,37.1,8,9.6,8.0,1,3,1,2,0,4,0,0,0.0,12.0,1,0,48.4,1,28.5,10,1,1,4,1,2.0,4,43.7,4.8,63.6,0,0.0,2,0,0.689,Medium,1.0,0.9545454545454546,,synthetic
synth_emp_0061,2026-02-16,Sales,Lead,Full-Time,37.1,8,9.8,13.9,0,2,1,2,0,7,0,0,1.0,9.0,1,0,48.6,0,5.5,23,1,4,2,12,7.2,3,44.2,3.0,52.9,0,0.0,2,0,0.883,High,1.0,0.9545454545454546,,synthetic
synth_emp_0061,2026-02-23,Sales,Lead,Full-Time,37.1,8,6.1,7.2,3,2,0,0,0,5,0,0,2.0,12.0,1,0,30.1,0,29.1,24,2,1,4,10,18.2,10,52.7,2.7,50.0,0,0.0,0,0,0.367,Low,1.0,0.9545454545454546,,synthetic
synth_emp_0061,2026-03-02,Sales,Lead,Full-Time,37.1,8,,1.9,1,1,1,1,0,5,0,0,1.0,13.0,0,0,42.3,2,9.6,11,4,2,10,2,44.6,10,40.3,2.5,75.1,0,0.0,2,0,0.334,Low,1.0,0.9318181818181818,,synthetic
synth_emp_0061,2026-03-09,Sales,Lead,Full-Time,37.1,8,9.4,12.9,3,0,0,1,0,4,0,0,2.0,6.0,1,0,36.2,0,7.7,6,0,1,7,10,23.7,9,20.1,2.7,62.0,0,0.0,1,0,0.684,Medium,1.0,0.9545454545454546,,synthetic
synth_emp_0061,2026-03-16,Sales,Lead,Full-Time,37.1,8,6.6,7.9,3,1,1,1,0,5,0,0,0.0,15.0,0,0,39.8,2,0.9,47,16,2,3,14,6.2,3,38.6,3.3,92.4,0,0.0,0,0,0.624,Medium,1.0,0.9545454545454546,,synthetic
synth_emp_0061,2026-03-23,Sales,Lead,Full-Time,37.1,8,7.0,13.8,0,2,0,1,0,7,0,0,0.0,5.0,1,0,46.5,1,5.5,11,1,0,10,15,24.5,2,23.3,2.4,81.5,0,0.0,3,0,0.567,Medium,1.0,0.9545454545454546,,synthetic
synth_emp_0062,2026-01-05,Design,Mid,Contractor,44.0,10,9.1,,2,3,1,0,0,7,0,0,1.0,17.0,0,0,41.8,1,17.7,32,7,0,1,13,33.1,9,16.9,4.4,48.2,0,0.0,2,0,0.506,Medium,1.0,0.9318181818181818,,synthetic
synth_emp_0062,2026-01-12,Design,Mid,Contractor,44.0,10,8.5,14.6,0,0,1,1,0,5,0,0,2.0,5.0,0,0,46.7,2,21.3,21,0,2,2,0,,3,51.0,3.6,64.6,0,0.0,2,0,0.507,Medium,1.0,0.9318181818181818,,synthetic
synth_emp_0062,2026-01-19,Design,Mid,Contractor,44.0,10,6.7,4.2,2,3,1,2,0,6,0,0,2.0,9.0,0,0,46.9,0,5.4,32,9,1,1,14,28.2,14,53.9,3.4,72.3,0,0.0,0,0,0.381,Low,1.0,0.9545454545454546,,synthetic
synth_emp_0062,2026-01-26,Design,Mid,Contractor,44.0,10,7.2,9.6,2,2,0,1,0,5,0,0,1.0,20.0,0,0,40.5,1,29.5,28,10,2,1,10,36.2,2,13.9,2.7,41.8,0,0.0,2,0,0.609,Medium,1.0,0.9545454545454546,,synthetic
synth_emp_0062,2026-02-02,Design,Mid,Contractor,44.0,10,9.4,1.2,0,0,0,0,0,7,0,0,1.0,6.0,1,0,36.3,2,25.8,15,3,2,6,2,13.6,18,15.7,4.5,62.4,0,0.0,2,0,0.575,Medium,1.0,0.9545454545454546,,synthetic
synth_emp_0062,2026-02-09,Design,Mid,Contractor,44.0,10,8.2,,0,0,0,2,0,5,0,0,2.0,7.0,0,0,35.0,2,3.8,46,8,6,9,10,9.8,15,22.8,3.9,58.9,0,0.0,0,0,0.602,Medium,1.0,0.9318181818181818,,synthetic
synth_emp_0062,2026-02-16,Design,Mid,Contractor,44.0,10,7.7,10.4,1,2,0,2,0,7,0,0,0.0,17.0,0,0,48.1,2,23.9,20,6,3,8,3,2.5,15,15.6,4.3,48.4,0,0.0,3,0,0.698,Medium,1.0,0.9545454545454546,,synthetic
synth_emp_0062,2026-02-23,Design,Mid,Contractor,44.0,10,,7.6,0,2,1,1,0,4,0,0,1.0,14.0,1,0,43.3,0,19.5,38,6,1,6,11,12.0,12,18.0,3.5,51.2,0,0.0,2,0,0.636,Medium,1.0,0.9318181818181818,,synthetic
synth_emp_0062,2026-03-02,Design,Mid,Contractor,44.0,10,6.5,3.7,0,1,1,2,0,7,0,0,1.0,5.0,1,0,48.3,1,5.3,43,10,5,1,7,22.9,12,58.3,2.8,89.0,0,0.0,3,0,0.455,Medium,1.0,0.9545454545454546,,synthetic
synth_emp_0062,2026-03-09,Design,Mid,Contractor,44.0,10,,9.4,2,3,1,0,0,6,0,0,0.0,6.0,0,0,43.4,2,0.0,44,8,8,7,6,16.4,6,1.6,2.4,65.2,0,0.0,3,0,0.862,High,1.0,0.9318181818181818,,synthetic
synth_emp_0062,2026-03-16,Design,Mid,Contractor,44.0,10,9.4,3.9,0,3,0,1,0,7,0,0,1.0,13.0,0,0,41.4,0,15.2,16,4,1,4,7,28.6,19,37.1,4.3,92.3,0,0.0,2,0,0.538,Medium,1.0,0.9545454545454546,,synthetic
synth_emp_0062,2026-03-23,Design,Mid,Contractor,44.0,10,8.8,11.5,1,0,1,2,0,4,0,0,0.0,17.0,1,0,45.5,0,6.1,34,10,3,3,15,6.4,18,36.8,3.6,43.9,0,0.0,3,0,0.88,High,1.0,0.9545454545454546,,synthetic
synth_emp_0063,2026-01-05,Product,Manager,Contractor,27.1,8,6.9,6.1,0,0,1,0,0,7,0,0,0.0,10.0,0,0,37.9,1,7.9,48,9,0,2,8,5.0,1,66.6,2.2,90.8,0,0.0,1,0,0.665,Medium,1.0,0.9545454545454546,,synthetic
synth_emp_0063,2026-01-12,Product,Manager,Contractor,27.1,8,8.4,5.3,3,2,0,2,0,5,0,0,0.0,13.0,1,0,50.0,0,25.2,29,1,1,10,8,3.6,2,5.2,3.4,77.0,0,0.0,0,0,0.317,Low,1.0,0.9545454545454546,,synthetic
synth_emp_0063,2026-01-19,Product,Manager,Contractor,27.1,8,9.7,4.2,2,3,0,0,0,5,0,0,1.0,7.0,1,0,46.8,0,5.6,29,0,4,0,15,7.7,8,60.1,4.1,80.4,0,0.0,1,0,0.567,Medium,1.0,0.9545454545454546,,synthetic
synth_emp_0063,2026-01-26,Product,Manager,Contractor,27.1,8,6.4,0.8,3,0,0,2,0,7,0,0,1.0,10.0,0,0,48.7,0,23.4,12,1,1,0,3,33.2,19,24.8,4.4,63.5,0,0.0,3,0,0.165,Low,1.0,0.9545454545454546,,synthetic
synth_emp_0063,2026-02-02,Product,Manager,Contractor,27.1,8,6.3,6.1,0,0,1,0,0,5,0,0,1.0,5.0,0,0,46.0,0,18.5,34,7,0,1,14,23.1,6,54.4,2.1,67.1,0,0.0,1,0,0.544,Medium,1.0,0.9545454545454546,,synthetic
synth_emp_0063,2026-02-09,Product,Manager,Contractor,27.1,8,,12.2,1,0,0,1,0,6,0,0,2.0,13.0,1,0,45.8,1,3.3,36,0,3,2,2,31.6,17,58.3,4.9,68.4,0,0.0,0,0,0.599,Medium,1.0,0.9318181818181818,,synthetic
synth_emp_0063,2026-02-16,Product,Manager,Contractor,27.1,8,7.2,14.7,1,1,1,0,0,4,0,0,2.0,17.0,0,0,32.9,0,6.4,9,2,1,9,9,41.2,8,54.6,2.4,84.0,0,0.0,0,0,0.579,Medium,1.0,0.9545454545454546,,synthetic
synth_emp_0063,2026-02-23,Product,Manager,Contractor,27.1,8,7.2,12.0,1,3,1,1,0,4,0,0,0.0,9.0,1,0,38.2,2,14.0,30,10,2,4,0,,17,2.7,4.9,48.0,0,0.0,2,0,0.512,Medium,1.0,0.9318181818181818,,synthetic
synth_emp_0063,2026-03-02,Product,Manager,Contractor,27.1,8,7.4,1.7,0,1,1,2,0,7,0,0,2.0,14.0,1,0,35.1,2,12.8,2,0,0,8,3,15.7,13,10.0,3.4,99.9,0,0.0,0,0,0.379,Low,1.0,0.9545454545454546,,synthetic
synth_emp_0063,2026-03-09,Product,Manager,Contractor,27.1,8,7.1,0.4,0,3,1,2,0,5,0,0,0.0,18.0,1,0,30.9,1,17.1,47,4,7,8,2,46.9,6,28.9,4.9,77.5,0,0.0,1,0,0.283,Low,1.0,0.9545454545454546,,synthetic
synth_emp_0063,2026-03-16,Product,Manager,Contractor,27.1,8,9.9,4.0,3,2,1,1,0,5,0,0,0.0,5.0,0,0,31.3,0,6.0,27,2,5,7,1,24.4,4,62.5,3.1,59.7,0,0.0,1,0,0.485,Medium,1.0,0.9545454545454546,,synthetic
synth_emp_0063,2026-03-23,Product,Manager,Contractor,27.1,8,6.0,,3,1,0,2,0,4,0,0,0.0,7.0,0,0,35.0,1,23.9,35,7,1,0,9,35.8,18,68.8,4.6,63.1,0,0.0,1,0,0.548,Medium,1.0,0.9318181818181818,,synthetic
synth_emp_0064,2026-01-05,Product,Mid,Contractor,12.9,10,8.3,11.6,2,2,0,2,0,7,0,0,1.0,13.0,1,0,34.9,0,0.7,46,8,6,9,1,18.9,18,37.6,4.1,54.9,0,0.0,0,0,0.763,High,1.0,0.9545454545454546,,synthetic
synth_emp_0064,2026-01-12,Product,Mid,Contractor,12.9,10,8.9,6.7,2,2,1,2,0,5,0,0,2.0,14.0,0,0,49.5,0,19.1,6,1,0,10,2,32.0,0,5.9,2.6,85.8,0,0.0,2,0,0.667,Medium,1.0,0.9545454545454546,,synthetic
synth_emp_0064,2026-01-19,Product,Mid,Contractor,12.9,10,6.1,14.2,1,0,0,0,0,5,0,0,1.0,5.0,0,0,44.1,2,27.3,38,9,2,8,8,41.5,4,66.4,4.0,70.8,0,0.0,2,0,0.58,Medium,1.0,0.9545454545454546,,synthetic
synth_emp_0064,2026-01-26,Product,Mid,Contractor,12.9,10,6.6,2.1,1,3,0,1,0,5,0,0,1.0,14.0,0,0,49.0,0,10.3,33,4,5,7,15,12.9,0,1.6,2.3,77.2,0,0.0,1,0,0.347,Low,1.0,0.9545454545454546,,synthetic
synth_emp_0064,2026-02-02,Product,Mid,Contractor,12.9,10,7.3,10.3,3,0,0,0,0,7,0,0,2.0,10.0,0,0,31.1,1,12.3,4,1,0,0,10,16.9,2,10.1,2.7,48.6,0,0.0,0,0,0.305,Low,1.0,0.9545454545454546,,synthetic
synth_emp_0064,2026-02-09,Product,Mid,Contractor,12.9,10,,11.2,0,2,1,0,0,7,0,0,2.0,18.0,1,0,45.0,0,28.7,11,0,1,4,13,3.8,9,28.1,2.1,92.5,0,0.0,1,0,0.327,Low,1.0,0.9318181818181818,,synthetic
synth_emp_0064,2026-02-16,Product,Mid,Contractor,12.9,10,9.9,3.3,0,2,0,0,0,6,0,0,1.0,11.0,1,0,39.8,0,7.8,40,4,6,5,0,,17,69.2,2.2,100.0,0,0.0,1,0,0.482,Medium,1.0,0.9318181818181818,,synthetic
synth_emp_0064,2026-02-23,Product,Mid,Contractor,12.9,10,7.3,10.2,3,3,1,2,0,7,0,0,0.0,9.0,1,0,49.7,2,26.4,29,7,1,6,14,47.4,17,32.4,4.6,56.2,0,0.0,2,0,0.603,Medium,1.0,0.9545454545454546,,synthetic
synth_emp_0064,2026-03-02,Product,Mid,Contractor,12.9,10,9.3,8.7,2,3,1,0,0,5,0,0,0.0,15.0,1,0,46.2,1,1.6,40,3,0,6,13,46.8,12,39.9,4.8,49.0,0,0.0,2,0,0.533,Medium,1.0,0.9545454545454546,,synthetic
synth_emp_0064,2026-03-09,Product,Mid,Contractor,12.9,10,7.7,11.1,2,2,0,0,0,4,0,0,2.0,20.0,0,0,40.9,0,15.9,22,1,1,7,5,1.3,7,1.2,4.0,54.0,0,0.0,1,0,0.42,Medium,1.0,0.9545454545454546,,synthetic
synth_emp_0064,2026-03-16,Product,Mid,Contractor,12.9,10,8.3,13.1,0,3,1,1,0,4,0,0,1.0,8.0,0,0,49.9,0,2.7,32,10,4,5,8,28.4,9,14.9,4.2,44.9,0,0.0,1,0,0.726,High,1.0,0.9545454545454546,,synthetic
synth_emp_0064,2026-03-23,Product,Mid,Contractor,12.9,10,6.1,0.8,1,3,0,0,0,7,0,0,0.0,6.0,0,0,33.3,2,6.0,39,11,4,9,0,,14,40.1,3.8,76.3,0,0.0,0,0,0.647,Medium,1.0,0.9318181818181818,,synthetic
synth_emp_0065,2026-01-05,Engineering,Junior,Contractor,2.9,3,9.7,1.8,3,0,0,2,0,7,0,0,0.0,16.0,0,0,44.4,1,3.0,6,1,0,10,3,28.5,9,61.0,3.9,89.3,0,0.0,2,0,0.44,Medium,1.0,0.9545454545454546,,synthetic
synth_emp_0065,2026-01-12,Engineering,Junior,Contractor,2.9,3,9.7,1.2,1,3,0,1,0,5,0,0,1.0,6.0,0,0,39.4,1,3.2,28,3,1,0,5,34.0,17,50.0,2.3,76.9,0,0.0,1,0,0.307,Low,1.0,0.9545454545454546,,synthetic
synth_emp_0065,2026-01-19,Engineering,Junior,Contractor,2.9,3,6.8,11.4,3,2,0,0,0,7,0,0,1.0,8.0,0,0,33.6,1,16.4,40,15,2,10,15,37.3,17,27.0,3.1,92.0,0,0.0,0,0,0.611,Medium,1.0,0.9545454545454546,,synthetic
synth_emp_0065,2026-01-26,Engineering,Junior,Contractor,2.9,3,,10.0,1,0,1,2,0,4,0,0,1.0,17.0,1,0,46.9,1,12.0,18,1,2,7,6,42.1,0,28.6,3.3,81.0,0,0.0,0,0,0.589,Medium,1.0,0.9318181818181818,,synthetic
synth_emp_0065,2026-02-02,Engineering,Junior,Contractor,2.9,3,8.8,12.7,0,3,1,0,0,7,0,0,0.0,5.0,1,0,48.6,0,5.9,23,6,4,0,4,4.7,20,38.1,2.8,86.9,0,0.0,2,0,0.816,High,1.0,0.9545454545454546,,synthetic
synth_emp_0065,2026-02-09,Engineering,Junior,Contractor,2.9,3,8.8,9.3,0,2,0,2,0,7,0,0,2.0,7.0,0,0,36.3,0,1.4,14,3,0,1,9,24.4,11,65.7,3.1,83.2,0,0.0,3,0,0.566,Medium,1.0,0.9545454545454546,,synthetic
synth_emp_0065,2026-02-16,Engineering,Junior,Contractor,2.9,3,7.6,3.5,0,2,1,1,0,6,0,0,0.0,20.0,1,0,47.1,0,9.6,39,13,1,3,2,4.9,17,24.9,4.2,94.9,0,0.0,0,0,0.348,Low,1.0,0.9545454545454546,,synthetic
synth_emp_0065,2026-02-23,Engineering,Junior,Contractor,2.9,3,9.1,13.6,0,2,1,1,0,5,0,0,1.0,6.0,1,0,33.2,2,11.5,21,6,0,2,11,36.8,9,56.9,3.3,84.3,0,0.0,2,0,0.799,High,1.0,0.9545454545454546,,synthetic
synth_emp_0065,2026-03-02,Engineering,Junior,Contractor,2.9,3,7.7,2.1,3,0,1,1,0,6,0,0,2.0,20.0,0,0,39.6,2,1.8,22,0,0,1,14,10.2,15,23.6,4.9,71.8,0,0.0,1,0,0.348,Low,1.0,0.9545454545454546,,synthetic
synth_emp_0065,2026-03-09,Engineering,Junior,Contractor,2.9,3,7.2,,1,1,1,1,0,7,0,0,2.0,17.0,0,0,47.9,0,16.7,19,3,1,4,14,32.4,1,32.9,3.3,48.2,0,0.0,3,0,0.215,Low,1.0,0.9318181818181818,,synthetic
synth_emp_0065,2026-03-16,Engineering,Junior,Contractor,2.9,3,7.5,7.2,3,3,1,2,0,5,0,0,1.0,9.0,0,0,47.9,1,21.7,4,1,0,7,10,10.4,19,4.7,4.7,81.6,0,0.0,2,0,0.465,Medium,1.0,0.9545454545454546,,synthetic
synth_emp_0065,2026-03-23,Engineering,Junior,Contractor,2.9,3,9.7,8.9,2,0,0,1,0,5,0,0,2.0,18.0,0,0,49.1,1,17.9,14,0,1,7,11,37.4,13,68.6,4.3,58.9,0,0.0,2,0,0.578,Medium,1.0,0.9545454545454546,,synthetic
synth_emp_0066,2026-01-05,Marketing,Lead,Full-Time,44.5,11,7.9,5.2,2,1,0,1,0,5,0,0,1.0,9.0,1,0,44.6,0,1.8,10,1,0,2,0,,5,68.0,2.4,46.2,0,0.0,0,0,0.372,Low,1.0,0.9318181818181818,,synthetic
synth_emp_0066,2026-01-12,Marketing,Lead,Full-Time,44.5,11,9.3,7.4,1,2,0,1,0,6,0,0,2.0,17.0,0,0,30.6,0,28.2,38,1,3,6,13,8.3,18,1.6,3.8,88.4,0,0.0,1,0,0.884,High,1.0,0.9545454545454546,,synthetic
synth_emp_0066,2026-01-19,Marketing,Lead,Full-Time,44.5,11,,6.2,3,0,0,1,0,4,0,0,0.0,19.0,1,0,47.7,0,27.6,36,11,0,1,8,9.3,12,66.6,3.3,86.7,0,0.0,2,0,0.569,Medium,1.0,0.9318181818181818,,synthetic
synth_emp_0066,2026-01-26,Marketing,Lead,Full-Time,44.5,11,9.8,3.0,1,0,1,0,0,6,0,0,1.0,18.0,0,0,48.3,0,16.2,11,1,1,9,8,44.0,1,53.6,4.3,59.5,0,0.0,0,0,0.413,Medium,1.0,0.9545454545454546,,synthetic
synth_emp_0066,2026-02-02,Marketing,Lead,Full-Time,44.5,11,7.4,12.3,3,1,1,0,0,4,0,0,0.0,8.0,1,0,34.4,2,1.4,35,4,4,9,7,35.6,13,5.2,4.5,83.1,0,0.0,3,0,0.517,Medium,1.0,0.9545454545454546,,synthetic
synth_emp_0066,2026-02-09,Marketing,Lead,Full-Time,44.5,11,7.3,12.9,2,0,1,2,0,4,0,0,2.0,18.0,1,0,46.3,1,22.4,35,9,2,5,6,28.4,13,61.1,2.1,42.7,0,0.0,0,0,0.529,Medium,1.0,0.9545454545454546,,synthetic
synth_emp_0066,2026-02-16,Marketing,Lead,Full-Time,44.5,11,9.7,12.6,2,1,0,1,0,6,0,0,2.0,6.0,0,0,33.5,0,10.5,10,2,0,3,2,43.4,7,15.6,2.0,50.1,0,0.0,2,0,0.733,High,1.0,0.9545454545454546,,synthetic
synth_emp_0066,2026-02-23,Marketing,Lead,Full-Time,44.5,11,,5.6,1,2,1,1,0,4,0,0,0.0,17.0,1,0,43.9,0,18.7,41,13,2,3,1,5.9,6,63.1,2.9,54.8,0,0.0,1,0,0.715,High,1.0,0.9318181818181818,,synthetic
synth_emp_0066,2026-03-02,Marketing,Lead,Full-Time,44.5,11,6.5,0.4,2,2,0,0,0,4,0,0,1.0,15.0,1,0,36.3,2,18.0,36,10,3,2,7,6.3,1,9.4,2.7,69.8,0,0.0,1,0,0.649,Medium,1.0,0.9545454545454546,,synthetic
synth_emp_0066,2026-03-09,Marketing,Lead,Full-Time,44.5,11,,8.8,2,0,0,1,0,6,0,0,2.0,8.0,0,0,33.6,1,2.3,17,1,3,3,12,9.2,3,35.2,2.7,64.0,0,0.0,3,0,0.682,Medium,1.0,0.9318181818181818,,synthetic
synth_emp_0066,2026-03-16,Marketing,Lead,Full-Time,44.5,11,7.1,10.0,0,3,0,1,0,5,0,0,0.0,5.0,0,0,43.2,2,27.1,32,8,2,5,12,5.4,4,20.2,2.6,82.3,0,0.0,0,0,0.722,High,1.0,0.9545454545454546,,synthetic
synth_emp_0066,2026-03-23,Marketing,Lead,Full-Time,44.5,11,6.9,0.1,2,1,0,2,0,7,0,0,1.0,19.0,0,0,35.2,2,29.2,6,0,0,5,4,5.3,8,62.1,2.5,45.6,0,0.0,1,0,0.292,Low,1.0,0.9545454545454546,,synthetic
synth_emp_0067,2026-01-05,Design,Senior,Full-Time,35.9,3,8.2,6.5,3,2,0,1,0,4,0,0,0.0,15.0,1,0,44.3,2,8.7,40,6,4,6,6,42.3,8,5.1,3.6,78.2,0,0.0,2,0,0.827,High,1.0,0.9545454545454546,,synthetic
synth_emp_0067,2026-01-12,Design,Senior,Full-Time,35.9,3,8.1,8.1,0,2,1,1,0,5,0,0,2.0,10.0,1,0,36.1,0,25.9,49,6,4,10,15,6.9,10,53.3,2.2,75.1,0,0.0,1,0,0.837,High,1.0,0.9545454545454546,,synthetic
synth_emp_0067,2026-01-19,Design,Senior,Full-Time,35.9,3,6.7,0.1,2,3,0,2,0,7,0,0,0.0,13.0,0,0,42.9,0,25.5,6,1,0,2,12,8.5,5,18.4,2.8,57.2,0,0.0,1,0,0.365,Low,1.0,0.9545454545454546,,synthetic
synth_emp_0067,2026-01-26,Design,Senior,Full-Time,35.9,3,9.2,9.8,2,2,0,2,0,6,0,0,1.0,11.0,0,0,31.3,1,19.4,25,1,3,0,1,6.9,7,44.6,2.1,85.6,0,0.0,1,0,0.77,High,1.0,0.9545454545454546,,synthetic
synth_emp_0067,2026-02-02,Design,Senior,Full-Time,35.9,3,9.1,2.7,0,0,1,0,0,5,0,0,1.0,20.0,0,0,36.4,1,12.0,10,1,0,10,2,45.6,13,60.0,2.2,98.5,0,0.0,1,0,0.367,Low,1.0,0.9545454545454546,,synthetic
synth_emp_0067,2026-02-09,Design,Senior,Full-Time,35.9,3,6.9,14.1,0,3,1,2,0,5,0,0,0.0,8.0,0,0,49.7,0,23.6,0,0,0,1,14,8.7,0,46.6,4.4,55.5,0,0.0,0,0,0.381,Low,1.0,0.9545454545454546,,synthetic
synth_emp_0067,2026-02-16,Design,Senior,Full-Time,35.9,3,7.2,10.7,3,1,1,1,0,7,0,0,2.0,16.0,1,0,49.0,0,12.7,24,3,4,3,9,6.0,8,43.9,2.5,98.5,0,0.0,2,0,0.675,Medium,1.0,0.9545454545454546,,synthetic
synth_emp_0067,2026-02-23,Design,Senior,Full-Time,35.9,3,9.2,12.9,1,1,1,2,0,5,0,0,0.0,10.0,1,0,41.2,1,9.2,6,1,0,4,2,40.2,2,55.6,2.5,56.1,0,0.0,3,0,0.648,Medium,1.0,0.9545454545454546,,synthetic
synth_emp_0067,2026-03-02,Design,Senior,Full-Time,35.9,3,9.2,5.8,2,2,0,1,0,5,0,0,1.0,6.0,1,0,43.8,0,5.9,16,2,2,6,0,,8,5.5,2.0,97.4,0,0.0,2,0,0.55,Medium,1.0,0.9318181818181818,,synthetic
synth_emp_0067,2026-03-09,Design,Senior,Full-Time,35.9,3,9.5,4.7,0,0,0,1,0,4,0,0,1.0,18.0,0,0,36.1,2,19.1,47,17,1,1,12,35.0,9,16.8,3.5,94.4,0,0.0,2,0,0.52,Medium,1.0,0.9545454545454546,,synthetic
synth_emp_0067,2026-03-16,Design,Senior,Full-Time,35.9,3,7.8,5.6,3,3,0,2,0,7,0,0,0.0,17.0,0,0,37.4,1,26.5,34,10,5,1,11,42.2,16,27.5,3.6,76.5,0,0.0,0,0,0.677,Medium,1.0,0.9545454545454546,,synthetic
synth_emp_0067,2026-03-23,Design,Senior,Full-Time,35.9,3,6.6,10.4,3,0,1,0,0,6,0,0,1.0,18.0,0,0,36.7,0,6.8,36,12,0,3,9,16.4,14,20.0,3.3,70.6,0,0.0,1,0,0.659,Medium,1.0,0.9545454545454546,,synthetic
synth_emp_0068,2026-01-05,Engineering,Lead,Contractor,39.0,6,,10.5,3,2,0,2,0,4,0,0,2.0,19.0,1,0,36.6,2,22.8,7,1,0,10,5,20.5,19,58.4,2.1,68.2,0,0.0,1,0,0.566,Medium,1.0,0.9318181818181818,,synthetic
synth_emp_0068,2026-01-12,Engineering,Lead,Contractor,39.0,6,6.8,2.5,2,2,0,2,0,6,0,0,2.0,9.0,0,0,46.6,2,13.7,32,8,5,4,15,47.4,20,61.8,3.3,82.0,0,0.0,0,0,0.407,Medium,1.0,0.9545454545454546,,synthetic
synth_emp_0068,2026-01-19,Engineering,Lead,Contractor,39.0,6,7.6,0.4,0,3,0,2,0,5,0,0,2.0,7.0,0,0,39.8,2,4.6,25,2,4,5,2,19.6,6,55.9,2.7,45.4,0,0.0,0,0,0.299,Low,1.0,0.9545454545454546,,synthetic
synth_emp_0068,2026-01-26,Engineering,Lead,Contractor,39.0,6,9.3,3.9,1,0,0,1,0,6,0,0,2.0,5.0,0,0,35.6,2,18.3,25,5,0,6,6,34.6,14,2.9,3.1,50.8,0,0.0,2,0,0.477,Medium,1.0,0.9545454545454546,,synthetic
synth_emp_0068,2026-02-02,Engineering,Lead,Contractor,39.0,6,7.8,,2,1,0,2,0,5,0,0,2.0,7.0,1,0,44.5,0,12.4,16,6,1,8,8,11.5,0,28.4,3.1,78.5,0,0.0,1,0,0.524,Medium,1.0,0.9318181818181818,,synthetic
synth_emp_0068,2026-02-09,Engineering,Lead,Contractor,39.0,6,7.4,8.7,1,0,1,0,0,5,0,0,1.0,6.0,0,0,39.5,2,29.3,48,14,8,6,3,18.5,20,22.2,3.3,42.9,0,0.0,0,0,0.855,High,1.0,0.9545454545454546,,synthetic
synth_emp_0068,2026-02-16,Engineering,Lead,Contractor,39.0,6,8.2,13.5,1,2,1,2,0,6,0,0,0.0,5.0,1,0,32.9,2,19.8,4,0,0,5,5,29.0,18,14.1,3.9,77.9,0,0.0,0,0,0.424,Medium,1.0,0.9545454545454546,,synthetic
synth_emp_0068,2026-02-23,Engineering,Lead,Contractor,39.0,6,,6.3,3,3,1,0,0,4,0,0,2.0,6.0,0,0,46.8,0,18.7,37,10,5,7,12,41.3,1,46.1,4.4,99.7,0,0.0,3,0,0.651,Medium,1.0,0.9318181818181818,,synthetic
synth_emp_0068,2026-03-02,Engineering,Lead,Contractor,39.0,6,9.6,4.0,3,0,0,0,0,4,0,0,2.0,14.0,0,0,36.0,2,26.3,20,6,1,3,5,31.0,13,43.4,3.8,96.3,0,0.0,1,0,0.55,Medium,1.0,0.9545454545454546,,synthetic
synth_emp_0068,2026-03-09,Engineering,Lead,Contractor,39.0,6,7.8,2.7,3,0,0,1,0,5,0,0,1.0,15.0,0,0,46.9,2,9.3,17,3,1,5,1,12.4,11,16.8,4.3,55.4,0,0.0,0,0,0.213,Low,1.0,0.9545454545454546,,synthetic
synth_emp_0068,2026-03-16,Engineering,Lead,Contractor,39.0,6,9.3,11.7,1,0,1,2,0,7,0,0,1.0,12.0,1,0,35.5,2,12.0,17,4,3,2,12,39.8,6,69.2,2.7,42.3,0,0.0,3,0,0.732,High,1.0,0.9545454545454546,,synthetic
synth_emp_0068,2026-03-23,Engineering,Lead,Contractor,39.0,6,8.4,7.9,1,1,0,1,0,5,0,0,2.0,17.0,0,0,33.3,1,16.9,18,4,0,2,9,27.4,0,28.3,3.2,98.0,0,0.0,3,0,0.445,Medium,1.0,0.9545454545454546,,synthetic
synth_emp_0069,2026-01-05,Product,Mid,Contractor,23.2,12,9.8,2.3,3,3,1,2,0,7,0,0,1.0,10.0,1,0,48.3,1,0.4,47,11,8,1,7,10.7,7,19.1,2.5,71.4,0,0.0,2,0,0.825,High,1.0,0.9545454545454546,,synthetic
synth_emp_0069,2026-01-12,Product,Mid,Contractor,23.2,12,9.3,,0,0,0,0,0,6,0,0,1.0,6.0,1,0,48.6,0,25.2,12,2,1,1,2,7.9,9,53.6,4.0,91.2,0,0.0,2,0,0.338,Low,1.0,0.9318181818181818,,synthetic
synth_emp_0069,2026-01-19,Product,Mid,Contractor,23.2,12,8.3,1.8,3,1,0,2,0,7,0,0,2.0,15.0,1,0,35.9,2,23.6,13,2,1,2,10,7.7,9,65.5,3.0,98.2,0,0.0,1,0,0.291,Low,1.0,0.9545454545454546,,synthetic
synth_emp_0069,2026-01-26,Product,Mid,Contractor,23.2,12,,5.1,0,2,1,0,0,4,0,0,2.0,16.0,1,0,40.7,0,2.6,14,0,2,10,13,20.8,11,18.5,4.8,66.9,0,0.0,3,0,0.583,Medium,1.0,0.9318181818181818,,synthetic
synth_emp_0069,2026-02-02,Product,Mid,Contractor,23.2,12,9.7,5.0,1,2,1,1,0,4,0,0,2.0,10.0,1,0,34.5,0,19.7,30,1,4,7,9,40.9,19,23.4,3.2,40.8,0,0.0,3,0,0.452,Medium,1.0,0.9545454545454546,,synthetic
synth_emp_0069,2026-02-09,Product,Mid,Contractor,23.2,12,6.8,7.4,2,0,0,2,0,7,0,0,0.0,11.0,1,0,30.8,1,22.0,22,0,1,4,5,46.4,9,20.5,3.3,73.0,0,0.0,0,0,0.344,Low,1.0,0.9545454545454546,,synthetic
synth_emp_0069,2026-02-16,Product,Mid,Contractor,23.2,12,8.0,,0,0,1,1,0,6,0,0,0.0,7.0,1,0,42.6,2,16.7,47,18,3,5,4,37.3,2,35.3,2.7,79.4,0,0.0,2,0,0.495,Medium,1.0,0.9318181818181818,,synthetic
synth_emp_0069,2026-02-23,Product,Mid,Contractor,23.2,12,,2.9,0,0,1,1,0,6,0,0,1.0,17.0,1,0,35.0,2,3.5,16,0,2,6,11,24.7,1,46.9,4.5,40.2,0,0.0,2,0,0.203,Low,1.0,0.9318181818181818,,synthetic
synth_emp_0069,2026-03-02,Product,Mid,Contractor,23.2,12,,12.4,0,1,0,0,0,4,0,0,2.0,5.0,0,0,41.8,1,23.1,0,0,0,0,9,6.1,7,37.5,4.7,72.6,0,0.0,3,0,0.383,Low,1.0,0.9318181818181818,,synthetic
synth_emp_0069,2026-03-09,Product,Mid,Contractor,23.2,12,7.1,11.2,2,0,1,1,0,7,0,0,2.0,11.0,0,0,44.4,1,21.6,42,7,4,2,4,19.1,6,4.9,2.6,99.1,0,0.0,2,0,0.647,Medium,1.0,0.9545454545454546,,synthetic
synth_emp_0069,2026-03-16,Product,Mid,Contractor,23.2,12,6.1,13.5,3,0,0,0,0,4,0,0,2.0,7.0,1,0,47.3,0,2.8,48,14,4,10,1,24.5,4,58.6,3.1,45.8,0,0.0,2,0,0.889,High,1.0,0.9545454545454546,,synthetic
synth_emp_0069,2026-03-23,Product,Mid,Contractor,23.2,12,8.2,12.0,1,1,0,1,0,5,0,0,2.0,20.0,0,0,39.5,1,10.9,15,1,0,4,12,2.0,9,35.1,4.1,87.4,0,0.0,1,0,0.598,Medium,1.0,0.9545454545454546,,synthetic
synth_emp_0070,2026-01-05,Product,Junior,Contractor,45.3,7,6.3,5.1,1,3,0,0,0,6,0,0,2.0,17.0,0,0,37.3,0,4.1,15,3,1,6,15,38.7,2,53.5,2.9,47.8,0,0.0,3,0,0.599,Medium,1.0,0.9545454545454546,,synthetic
synth_emp_0070,2026-01-12,Product,Junior,Contractor,45.3,7,9.6,,3,1,1,0,0,6,0,0,0.0,9.0,0,0,42.9,1,8.0,24,4,0,0,1,19.2,19,39.7,2.4,91.6,0,0.0,0,0,0.312,Low,1.0,0.9318181818181818,,synthetic
synth_emp_0070,2026-01-19,Product,Junior,Contractor,45.3,7,10.0,,2,1,0,1,0,6,0,0,2.0,19.0,1,0,34.6,0,17.2,47,4,0,2,11,6.9,12,4.0,3.9,72.0,0,0.0,0,0,0.482,Medium,1.0,0.9318181818181818,,synthetic
synth_emp_0070,2026-01-26,Product,Junior,Contractor,45.3,7,9.9,12.2,1,0,1,1,0,6,0,0,2.0,14.0,1,0,34.5,0,3.7,31,11,4,0,8,39.0,20,40.8,4.2,75.7,0,0.0,2,0,1.0,High,1.0,0.9545454545454546,,synthetic
synth_emp_0070,2026-02-02,Product,Junior,Contractor,45.3,7,8.1,12.6,2,1,0,1,0,7,0,0,0.0,15.0,1,0,37.6,0,29.1,18,5,1,6,12,8.0,3,58.6,4.5,58.6,0,0.0,3,0,0.35,Low,1.0,0.9545454545454546,,synthetic
synth_emp_0070,2026-02-09,Product,Junior,Contractor,45.3,7,,,1,1,1,0,0,6,0,0,2.0,16.0,0,0,31.4,0,20.4,28,9,0,1,13,43.3,14,17.4,4.2,97.1,0,0.0,3,0,0.372,Low,1.0,0.9090909090909091,,synthetic
synth_emp_0070,2026-02-16,Product,Junior,Contractor,45.3,7,6.4,5.2,1,2,1,1,0,6,0,0,0.0,17.0,1,0,44.6,1,6.4,28,6,2,10,5,12.6,10,50.3,5.0,68.1,0,0.0,0,0,0.473,Medium,1.0,0.9545454545454546,,synthetic
synth_emp_0070,2026-02-23,Product,Junior,Contractor,45.3,7,7.8,11.0,2,3,0,1,0,6,0,0,1.0,8.0,0,0,33.9,1,21.4,48,12,5,7,12,21.1,8,45.5,3.7,63.8,0,0.0,0,0,0.823,High,1.0,0.9545454545454546,,synthetic
synth_emp_0070,2026-03-02,Product,Junior,Contractor,45.3,7,7.9,14.6,0,0,0,0,0,4,0,0,2.0,16.0,1,0,39.8,0,5.7,47,13,7,2,2,26.2,19,50.6,2.6,81.0,0,0.0,1,0,0.673,Medium,1.0,0.9545454545454546,,synthetic
synth_emp_0070,2026-03-09,Product,Junior,Contractor,45.3,7,9.4,0.6,3,3,0,1,0,5,0,0,1.0,20.0,0,0,42.4,2,4.8,35,12,2,8,5,39.2,10,47.3,2.1,54.3,0,0.0,1,0,0.73,High,1.0,0.9545454545454546,,synthetic
synth_emp_0070,2026-03-16,Product,Junior,Contractor,45.3,7,,,2,2,0,0,0,6,0,0,1.0,7.0,0,0,47.8,0,24.0,44,17,0,7,6,11.3,10,59.2,4.6,59.7,0,0.0,2,0,0.49,Medium,1.0,0.9090909090909091,,synthetic
synth_emp_0070,2026-03-23,Product,Junior,Contractor,45.3,7,6.5,13.7,0,0,0,2,0,7,0,0,1.0,12.0,0,0,43.5,0,23.2,28,3,3,6,2,10.1,20,52.5,2.5,47.7,0,0.0,3,0,0.738,High,1.0,0.9545454545454546,,synthetic
synth_emp_0071,2026-01-05,Marketing,Lead,Full-Time,13.0,4,8.9,0.5,0,1,1,0,0,5,0,0,1.0,6.0,1,0,42.3,0,18.7,25,4,1,4,15,1.8,4,45.7,2.3,89.4,0,0.0,3,0,0.541,Medium,1.0,0.9545454545454546,,synthetic
synth_emp_0071,2026-01-12,Marketing,Lead,Full-Time,13.0,4,7.2,,1,3,1,1,0,5,0,0,1.0,5.0,1,0,46.6,0,25.3,31,3,4,3,13,23.0,12,14.6,3.5,98.9,0,0.0,3,0,0.478,Medium,1.0,0.9318181818181818,,synthetic
synth_emp_0071,2026-01-19,Marketing,Lead,Full-Time,13.0,4,9.2,10.9,1,3,1,2,0,4,0,0,1.0,18.0,0,0,41.8,2,26.7,18,4,0,5,15,31.2,0,62.5,3.8,88.0,0,0.0,1,0,0.563,Medium,1.0,0.9545454545454546,,synthetic
synth_emp_0071,2026-01-26,Marketing,Lead,Full-Time,13.0,4,7.7,4.4,0,1,0,2,0,4,0,0,1.0,14.0,1,0,34.6,0,0.1,8,0,0,1,8,42.9,5,49.6,3.3,81.9,0,0.0,1,0,0.13,Low,1.0,0.9545454545454546,,synthetic
synth_emp_0071,2026-02-02,Marketing,Lead,Full-Time,13.0,4,6.8,8.0,3,0,0,0,0,5,0,0,1.0,20.0,0,0,36.6,2,29.2,19,7,1,4,5,16.7,2,28.5,2.1,81.9,0,0.0,1,0,0.665,Medium,1.0,0.9545454545454546,,synthetic
synth_emp_0071,2026-02-09,Marketing,Lead,Full-Time,13.0,4,7.0,6.0,2,3,1,2,0,6,0,0,2.0,17.0,0,0,47.7,2,7.2,29,8,3,0,8,19.1,19,61.9,3.3,52.1,0,0.0,0,0,0.826,High,1.0,0.9545454545454546,,synthetic
synth_emp_0071,2026-02-16,Marketing,Lead,Full-Time,13.0,4,,8.6,2,2,1,2,0,7,0,0,1.0,15.0,1,0,43.3,2,28.4,9,1,0,5,4,0.9,10,54.4,3.1,69.6,0,0.0,0,0,0.426,Medium,1.0,0.9318181818181818,,synthetic
synth_emp_0071,2026-02-23,Marketing,Lead,Full-Time,13.0,4,6.7,4.1,1,2,0,1,0,4,0,0,1.0,17.0,1,0,35.1,0,4.6,0,0,0,4,10,25.2,9,19.5,4.3,75.3,0,0.0,3,0,0.343,Low,1.0,0.9545454545454546,,synthetic
synth_emp_0071,2026-03-02,Marketing,Lead,Full-Time,13.0,4,6.0,12.5,2,3,0,2,0,4,0,0,1.0,5.0,0,0,38.2,0,26.5,12,2,2,4,13,1.3,8,11.9,2.6,78.6,0,0.0,0,0,0.533,Medium,1.0,0.9545454545454546,,synthetic
synth_emp_0071,2026-03-09,Marketing,Lead,Full-Time,13.0,4,9.2,0.7,0,3,0,2,0,7,0,0,2.0,20.0,1,0,32.7,1,10.1,39,11,1,2,8,36.0,17,20.1,2.6,63.4,0,0.0,2,0,0.514,Medium,1.0,0.9545454545454546,,synthetic
synth_emp_0071,2026-03-16,Marketing,Lead,Full-Time,13.0,4,7.2,7.0,0,2,1,2,0,5,0,0,2.0,13.0,0,0,47.8,2,24.9,22,6,1,8,15,14.7,1,11.0,4.9,40.1,0,0.0,2,0,0.603,Medium,1.0,0.9545454545454546,,synthetic
synth_emp_0071,2026-03-23,Marketing,Lead,Full-Time,13.0,4,8.6,0.7,0,3,0,1,0,5,0,0,0.0,12.0,0,0,41.3,1,19.9,14,5,0,7,4,16.3,9,38.8,3.4,76.6,0,0.0,0,0,0.384,Low,1.0,0.9545454545454546,,synthetic
synth_emp_0072,2026-01-05,Design,Junior,Contractor,44.5,11,6.8,11.3,2,0,1,0,0,5,0,0,2.0,12.0,0,0,49.4,1,0.9,8,2,0,10,12,33.6,11,52.3,3.1,77.4,0,0.0,2,0,0.542,Medium,1.0,0.9545454545454546,,synthetic
synth_emp_0072,2026-01-12,Design,Junior,Contractor,44.5,11,7.7,13.9,1,1,0,1,0,4,0,0,2.0,7.0,1,0,40.8,0,8.8,13,0,2,2,6,33.7,12,59.5,4.5,73.8,0,0.0,3,0,0.415,Medium,1.0,0.9545454545454546,,synthetic
synth_emp_0072,2026-01-19,Design,Junior,Contractor,44.5,11,8.4,,3,0,1,2,0,4,0,0,0.0,10.0,0,0,39.4,2,1.7,26,9,1,6,14,34.9,10,59.5,4.6,82.9,0,0.0,3,0,0.316,Low,1.0,0.9318181818181818,,synthetic
synth_emp_0072,2026-01-26,Design,Junior,Contractor,44.5,11,,4.2,3,3,1,1,0,5,0,0,2.0,7.0,0,0,46.9,2,6.3,29,11,3,8,8,3.9,2,26.0,2.2,69.6,0,0.0,0,0,0.637,Medium,1.0,0.9318181818181818,,synthetic
synth_emp_0072,2026-02-02,Design,Junior,Contractor,44.5,11,7.2,9.1,3,3,0,2,0,4,0,0,0.0,5.0,1,0,38.0,0,7.1,45,11,1,6,6,24.5,3,13.8,4.8,87.2,0,0.0,0,0,0.615,Medium,1.0,0.9545454545454546,,synthetic
synth_emp_0072,2026-02-09,Design,Junior,Contractor,44.5,11,7.3,,0,1,0,2,0,7,0,0,0.0,17.0,1,0,44.3,2,1.1,34,1,6,1,12,40.7,1,33.3,2.4,68.9,0,0.0,1,0,0.485,Medium,1.0,0.9318181818181818,,synthetic
synth_emp_0072,2026-02-16,Design,Junior,Contractor,44.5,11,6.6,13.4,3,0,0,2,0,6,0,0,0.0,18.0,1,0,36.6,2,18.4,14,1,1,8,13,31.9,7,71.8,2.6,61.3,0,0.0,3,0,0.482,Medium,1.0,0.9545454545454546,,synthetic
synth_emp_0072,2026-02-23,Design,Junior,Contractor,44.5,11,,3.5,0,2,1,2,0,4,0,0,1.0,9.0,0,0,40.5,2,18.1,6,1,1,3,6,5.3,16,20.4,4.5,55.8,0,0.0,2,0,0.199,Low,1.0,0.9318181818181818,,synthetic
synth_emp_0072,2026-03-02,Design,Junior,Contractor,44.5,11,8.0,14.6,1,1,1,0,0,5,0,0,1.0,19.0,0,0,36.5,1,24.6,19,0,3,8,1,31.4,19,6.3,2.1,78.3,0,0.0,3,0,0.66,Medium,1.0,0.9545454545454546,,synthetic
synth_emp_0072,2026-03-09,Design,Junior,Contractor,44.5,11,8.2,2.1,2,3,1,2,0,6,0,0,0.0,12.0,1,0,44.5,1,28.6,40,15,6,0,8,17.5,2,31.7,4.8,76.8,0,0.0,3,0,0.554,Medium,1.0,0.9545454545454546,,synthetic
synth_emp_0072,2026-03-16,Design,Junior,Contractor,44.5,11,8.0,13.0,1,3,0,0,0,7,0,0,2.0,11.0,0,0,32.7,0,9.9,22,5,2,5,14,34.1,9,46.6,5.0,53.6,0,0.0,1,0,0.348,Low,1.0,0.9545454545454546,,synthetic
synth_emp_0072,2026-03-23,Design,Junior,Contractor,44.5,11,7.5,5.6,0,3,0,1,0,6,0,0,1.0,20.0,1,0,37.8,2,3.7,35,4,5,10,7,28.2,18,26.3,2.9,44.9,0,0.0,3,0,0.689,Medium,1.0,0.9545454545454546,,synthetic
synth_emp_0073,2026-01-05,Design,Manager,Full-Time,26.1,10,,,2,0,0,1,0,6,0,0,2.0,20.0,1,0,44.0,0,21.2,10,3,0,4,3,19.7,17,15.4,3.5,67.0,0,0.0,0,0,0.266,Low,1.0,0.9090909090909091,,synthetic
synth_emp_0073,2026-01-12,Design,Manager,Full-Time,26.1,10,6.5,12.9,0,1,1,2,0,6,0,0,2.0,5.0,1,0,44.1,0,3.5,34,5,4,3,7,46.6,13,27.8,3.4,76.0,0,0.0,3,0,0.681,Medium,1.0,0.9545454545454546,,synthetic
synth_emp_0073,2026-01-19,Design,Manager,Full-Time,26.1,10,7.7,0.0,0,1,0,0,0,5,0,0,1.0,6.0,0,0,48.0,0,21.8,20,5,3,6,8,8.8,17,16.7,3.3,61.5,0,0.0,0,0,0.535,Medium,1.0,0.9545454545454546,,synthetic
synth_emp_0073,2026-01-26,Design,Manager,Full-Time,26.1,10,,9.2,1,1,0,1,0,4,0,0,1.0,14.0,1,0,48.2,1,26.5,20,1,1,2,12,6.2,12,58.8,2.3,63.0,0,0.0,3,0,0.388,Low,1.0,0.9318181818181818,,synthetic
synth_emp_0073,2026-02-02,Design,Manager,Full-Time,26.1,10,7.5,,2,1,0,1,0,7,0,0,1.0,13.0,0,0,36.0,0,0.8,37,11,2,8,12,42.9,10,1.2,2.5,88.1,0,0.0,2,0,0.44,Medium,1.0,0.9318181818181818,,synthetic
synth_emp_0073,2026-02-09,Design,Manager,Full-Time,26.1,10,,3.1,1,1,0,2,0,4,0,0,1.0,20.0,0,0,49.1,0,7.6,50,19,7,5,8,42.1,8,27.8,4.2,45.0,0,0.0,3,0,0.52,Medium,1.0,0.9318181818181818,,synthetic
synth_emp_0073,2026-02-16,Design,Manager,Full-Time,26.1,10,9.3,1.4,0,1,0,1,0,4,0,0,2.0,15.0,1,0,34.9,1,19.5,16,4,1,6,14,28.5,3,37.5,2.2,71.7,0,0.0,2,0,0.395,Low,1.0,0.9545454545454546,,synthetic
synth_emp_0073,2026-02-23,Design,Manager,Full-Time,26.1,10,6.2,8.0,2,1,1,1,0,7,0,0,0.0,8.0,0,0,39.7,2,2.3,15,0,0,7,2,15.9,3,4.2,4.0,77.9,0,0.0,2,0,0.581,Medium,1.0,0.9545454545454546,,synthetic
synth_emp_0073,2026-03-02,Design,Manager,Full-Time,26.1,10,6.5,12.6,3,1,0,2,0,4,0,0,1.0,13.0,0,0,44.1,0,0.4,26,6,3,0,0,,1,14.1,2.2,97.5,0,0.0,3,0,0.643,Medium,1.0,0.9318181818181818,,synthetic
synth_emp_0073,2026-03-09,Design,Manager,Full-Time,26.1,10,9.9,5.0,0,2,0,0,0,7,0,0,1.0,20.0,0,0,32.1,0,7.7,44,0,2,9,4,8.5,18,11.1,2.3,91.6,0,0.0,3,0,0.522,Medium,1.0,0.9545454545454546,,synthetic
synth_emp_0073,2026-03-16,Design,Manager,Full-Time,26.1,10,6.8,2.1,1,1,0,0,0,6,0,0,1.0,9.0,0,0,31.9,2,22.2,8,2,0,0,1,47.6,2,9.1,2.6,72.1,0,0.0,1,0,0.17,Low,1.0,0.9545454545454546,,synthetic
synth_emp_0073,2026-03-23,Design,Manager,Full-Time,26.1,10,6.4,2.6,2,2,1,2,0,6,0,0,1.0,9.0,0,0,36.1,2,12.0,11,2,2,4,3,38.3,19,32.4,4.4,50.4,0,0.0,3,0,0.147,Low,1.0,0.9545454545454546,,synthetic
synth_emp_0074,2026-01-05,Marketing,Mid,Contractor,11.3,3,8.3,6.6,2,1,1,0,0,6,0,0,1.0,7.0,1,0,43.8,1,29.5,29,7,2,6,7,13.6,11,58.8,3.7,44.0,0,0.0,3,0,0.622,Medium,1.0,0.9545454545454546,,synthetic
synth_emp_0074,2026-01-12,Marketing,Mid,Contractor,11.3,3,7.6,11.8,3,2,0,0,0,7,0,0,2.0,16.0,0,0,35.8,1,23.3,40,8,4,4,13,20.3,12,31.8,3.0,54.0,0,0.0,1,0,0.632,Medium,1.0,0.9545454545454546,,synthetic
synth_emp_0074,2026-01-19,Marketing,Mid,Contractor,11.3,3,8.8,6.1,1,3,1,2,0,5,0,0,1.0,8.0,1,0,39.5,0,19.2,48,12,7,10,10,36.0,13,68.5,4.2,72.8,0,0.0,1,0,0.846,High,1.0,0.9545454545454546,,synthetic
synth_emp_0074,2026-01-26,Marketing,Mid,Contractor,11.3,3,6.9,6.2,0,3,0,1,0,7,0,0,2.0,12.0,0,0,38.3,1,25.8,21,4,1,10,0,,16,6.9,3.2,86.9,0,0.0,1,0,0.424,Medium,1.0,0.9318181818181818,,synthetic
synth_emp_0074,2026-02-02,Marketing,Mid,Contractor,11.3,3,6.4,7.5,0,0,1,2,0,7,0,0,1.0,5.0,0,0,37.7,1,17.2,13,2,0,1,15,33.3,4,70.5,4.9,63.9,0,0.0,1,0,0.533,Medium,1.0,0.9545454545454546,,synthetic
synth_emp_0074,2026-02-09,Marketing,Mid,Contractor,11.3,3,7.2,6.0,2,3,0,0,0,4,0,0,1.0,9.0,1,0,30.2,1,24.6,20,5,3,4,5,19.0,16,61.1,2.2,80.1,0,0.0,1,0,0.661,Medium,1.0,0.9545454545454546,,synthetic
synth_emp_0074,2026-02-16,Marketing,Mid,Contractor,11.3,3,8.8,4.4,1,1,1,0,0,4,0,0,0.0,8.0,1,0,32.1,1,23.6,29,1,2,9,0,,0,9.1,4.3,54.8,0,0.0,2,0,0.424,Medium,1.0,0.9318181818181818,,synthetic
synth_emp_0074,2026-02-23,Marketing,Mid,Contractor,11.3,3,6.1,2.9,3,1,1,2,0,4,0,0,1.0,6.0,1,0,31.8,0,28.7,14,1,0,6,15,44.1,15,43.6,2.1,99.6,0,0.0,0,0,0.226,Low,1.0,0.9545454545454546,,synthetic
synth_emp_0074,2026-03-02,Marketing,Mid,Contractor,11.3,3,6.0,9.8,2,1,0,0,0,7,0,0,1.0,8.0,1,0,48.3,0,22.4,37,9,0,1,0,,19,43.8,2.7,48.7,0,0.0,1,0,0.464,Medium,1.0,0.9318181818181818,,synthetic
synth_emp_0074,2026-03-09,Marketing,Mid,Contractor,11.3,3,9.6,4.5,0,3,0,1,0,4,0,0,0.0,17.0,0,0,31.6,1,3.0,16,5,3,1,6,15.7,15,9.2,4.6,87.0,0,0.0,0,0,0.472,Medium,1.0,0.9545454545454546,,synthetic
synth_emp_0074,2026-03-16,Marketing,Mid,Contractor,11.3,3,7.2,0.2,0,2,0,0,0,5,0,0,2.0,19.0,1,0,36.3,1,28.0,8,0,0,1,0,,19,16.1,3.3,90.9,0,0.0,2,0,0.148,Low,1.0,0.9318181818181818,,synthetic
synth_emp_0074,2026-03-23,Marketing,Mid,Contractor,11.3,3,7.2,9.1,0,3,0,2,0,6,0,0,0.0,12.0,0,0,32.4,1,26.3,15,3,2,1,1,44.1,7,6.9,3.0,59.9,0,0.0,3,0,0.45,Medium,1.0,0.9545454545454546,,synthetic
synth_emp_0075,2026-01-05,Sales,Lead,Full-Time,23.9,9,9.3,15.0,2,2,1,2,0,4,0,0,2.0,19.0,1,0,40.4,1,12.8,11,3,1,9,9,42.9,9,37.0,4.9,75.9,0,0.0,0,0,0.501,Medium,1.0,0.9545454545454546,,synthetic
synth_emp_0075,2026-01-12,Sales,Lead,Full-Time,23.9,9,,14.9,1,2,1,2,0,6,0,0,0.0,10.0,1,0,42.8,0,13.7,44,12,3,6,11,45.1,12,10.5,4.0,64.3,0,0.0,0,0,0.875,High,1.0,0.9318181818181818,,synthetic
synth_emp_0075,2026-01-19,Sales,Lead,Full-Time,23.9,9,9.5,10.0,3,3,0,1,0,4,0,0,2.0,19.0,0,0,47.5,0,29.1,5,0,0,6,8,5.8,13,39.4,2.2,56.3,0,0.0,0,0,0.567,Medium,1.0,0.9545454545454546,,synthetic
synth_emp_0075,2026-01-26,Sales,Lead,Full-Time,23.9,9,8.1,,1,1,0,0,0,5,0,0,0.0,10.0,0,0,35.7,2,8.3,26,1,2,5,3,6.3,4,38.3,3.1,76.4,0,0.0,2,0,0.361,Low,1.0,0.9318181818181818,,synthetic
synth_emp_0075,2026-02-02,Sales,Lead,Full-Time,23.9,9,,0.6,0,0,0,1,0,4,0,0,1.0,11.0,1,0,49.3,1,27.8,48,10,4,2,3,11.3,20,38.7,2.4,89.5,0,0.0,3,0,0.667,Medium,1.0,0.9318181818181818,,synthetic
synth_emp_0075,2026-02-09,Sales,Lead,Full-Time,23.9,9,8.6,5.4,0,0,0,1,0,4,0,0,2.0,14.0,1,0,34.9,0,18.4,31,6,0,2,14,25.4,16,55.0,2.3,79.3,0,0.0,2,0,0.659,Medium,1.0,0.9545454545454546,,synthetic
synth_emp_0075,2026-02-16,Sales,Lead,Full-Time,23.9,9,7.6,11.0,1,0,1,0,0,6,0,0,1.0,5.0,0,0,39.3,2,23.2,40,2,0,10,2,31.0,4,7.9,4.5,77.2,0,0.0,3,0,0.502,Medium,1.0,0.9545454545454546,,synthetic
synth_emp_0075,2026-02-23,Sales,Lead,Full-Time,23.9,9,9.7,10.8,3,2,1,2,0,4,0,0,2.0,13.0,0,0,41.5,2,0.0,38,8,2,6,10,26.7,19,69.5,3.7,42.9,0,0.0,2,0,0.937,High,1.0,0.9545454545454546,,synthetic
synth_emp_0075,2026-03-02,Sales,Lead,Full-Time,23.9,9,6.6,8.1,1,3,1,1,0,7,0,0,0.0,7.0,1,0,36.4,1,12.4,0,0,0,3,12,16.2,13,48.1,2.2,75.3,0,0.0,0,0,0.438,Medium,1.0,0.9545454545454546,,synthetic
synth_emp_0075,2026-03-09,Sales,Lead,Full-Time,23.9,9,6.9,,2,2,1,1,0,7,0,0,0.0,15.0,0,0,40.6,2,5.5,17,1,2,2,5,30.9,8,13.4,2.9,40.3,0,0.0,0,0,0.355,Low,1.0,0.9318181818181818,,synthetic
synth_emp_0075,2026-03-16,Sales,Lead,Full-Time,23.9,9,7.8,1.7,2,2,1,1,0,4,0,0,1.0,10.0,1,0,41.3,1,0.4,21,2,3,4,12,29.0,5,27.2,2.2,99.8,0,0.0,1,0,0.348,Low,1.0,0.9545454545454546,,synthetic
synth_emp_0075,2026-03-23,Sales,Lead,Full-Time,23.9,9,6.6,10.1,1,3,0,0,0,6,0,0,0.0,9.0,1,0,37.8,2,18.5,18,2,3,1,2,15.8,14,12.2,3.5,97.1,0,0.0,1,0,0.611,Medium,1.0,0.9545454545454546,,synthetic
synth_emp_0076,2026-01-05,Product,Junior,Contractor,6.1,10,9.1,5.4,0,3,0,0,0,6,0,0,0.0,11.0,0,0,46.8,2,4.7,15,3,2,0,12,29.2,9,38.7,4.8,61.5,0,0.0,1,0,0.642,Medium,1.0,0.9545454545454546,,synthetic
synth_emp_0076,2026-01-12,Product,Junior,Contractor,6.1,10,7.7,0.7,3,0,0,0,0,4,0,0,2.0,5.0,0,0,44.2,2,10.2,36,3,1,1,11,29.9,12,11.4,4.5,62.6,0,0.0,2,0,0.247,Low,1.0,0.9545454545454546,,synthetic
synth_emp_0076,2026-01-19,Product,Junior,Contractor,6.1,10,6.3,5.3,2,1,0,2,0,5,0,0,0.0,17.0,1,0,39.3,2,23.1,38,4,5,4,4,11.3,10,27.8,3.3,57.3,0,0.0,1,0,0.536,Medium,1.0,0.9545454545454546,,synthetic
synth_emp_0076,2026-01-26,Product,Junior,Contractor,6.1,10,9.1,4.4,3,3,1,2,0,7,0,0,1.0,6.0,1,0,33.5,1,19.4,48,6,6,6,3,44.2,2,9.9,4.4,49.6,0,0.0,0,0,0.801,High,1.0,0.9545454545454546,,synthetic
synth_emp_0076,2026-02-02,Product,Junior,Contractor,6.1,10,8.6,0.8,0,3,1,2,0,7,0,0,0.0,17.0,1,0,42.7,0,10.1,42,1,6,2,1,7.9,4,15.1,3.5,72.3,0,0.0,1,0,0.524,Medium,1.0,0.9545454545454546,,synthetic
synth_emp_0076,2026-02-09,Product,Junior,Contractor,6.1,10,,12.3,0,0,1,0,0,6,0,0,0.0,5.0,0,0,30.6,2,7.3,33,9,4,5,11,20.2,7,41.5,3.6,94.5,0,0.0,1,0,0.873,High,1.0,0.9318181818181818,,synthetic
synth_emp_0076,2026-02-16,Product,Junior,Contractor,6.1,10,8.8,,3,2,0,1,0,5,0,0,2.0,20.0,1,0,36.8,0,26.5,9,0,0,5,12,18.5,6,66.3,2.4,45.7,0,0.0,2,0,0.363,Low,1.0,0.9318181818181818,,synthetic
synth_emp_0076,2026-02-23,Product,Junior,Contractor,6.1,10,6.1,5.3,1,2,0,0,0,7,0,0,0.0,13.0,1,0,48.9,0,28.9,44,7,2,3,13,21.6,15,68.5,3.1,63.5,0,0.0,3,0,0.688,Medium,1.0,0.9545454545454546,,synthetic
synth_emp_0076,2026-03-02,Product,Junior,Contractor,6.1,10,9.9,6.6,2,0,0,1,0,7,0,0,2.0,9.0,1,0,30.1,1,17.4,18,4,0,9,8,39.2,13,24.2,3.6,60.0,0,0.0,0,0,0.673,Medium,1.0,0.9545454545454546,,synthetic
synth_emp_0076,2026-03-09,Product,Junior,Contractor,6.1,10,8.7,11.5,2,0,1,2,0,5,0,0,1.0,13.0,0,0,31.5,2,3.3,48,8,4,6,15,9.0,11,65.0,2.6,87.2,0,0.0,2,0,1.0,High,1.0,0.9545454545454546,,synthetic
synth_emp_0076,2026-03-16,Product,Junior,Contractor,6.1,10,7.8,10.3,3,1,1,0,0,6,0,0,2.0,6.0,1,0,30.5,0,19.5,44,11,6,8,9,43.8,4,7.6,3.4,80.8,0,0.0,1,0,0.892,High,1.0,0.9545454545454546,,synthetic
synth_emp_0076,2026-03-23,Product,Junior,Contractor,6.1,10,6.8,13.2,3,3,1,2,0,7,0,0,0.0,17.0,0,0,38.1,0,20.1,44,0,4,8,8,15.5,13,15.2,2.3,99.3,0,0.0,1,0,0.665,Medium,1.0,0.9545454545454546,,synthetic
synth_emp_0077,2026-01-05,Engineering,Junior,Contractor,30.7,7,9.3,13.0,3,0,0,2,0,7,0,0,1.0,7.0,0,0,37.6,1,19.2,13,1,1,4,13,40.8,19,66.1,4.7,92.6,0,0.0,1,0,0.703,High,1.0,0.9545454545454546,,synthetic
synth_emp_0077,2026-01-12,Engineering,Junior,Contractor,30.7,7,,13.8,2,0,0,1,0,4,0,0,2.0,5.0,0,0,32.2,1,8.8,17,3,2,1,3,41.7,15,25.5,4.7,82.9,0,0.0,0,0,0.344,Low,1.0,0.9318181818181818,,synthetic
synth_emp_0077,2026-01-19,Engineering,Junior,Contractor,30.7,7,6.2,11.0,0,2,0,1,0,5,0,0,0.0,16.0,1,0,37.7,2,10.2,36,9,5,10,1,14.1,6,60.2,2.6,78.1,0,0.0,0,0,0.791,High,1.0,0.9545454545454546,,synthetic
synth_emp_0077,2026-01-26,Engineering,Junior,Contractor,30.7,7,8.6,6.9,3,2,1,1,0,7,0,0,0.0,20.0,1,0,41.0,0,2.7,22,4,0,9,0,,1,12.0,3.4,94.7,0,0.0,0,0,0.531,Medium,1.0,0.9318181818181818,,synthetic
synth_emp_0077,2026-02-02,Engineering,Junior,Contractor,30.7,7,8.4,9.7,3,3,1,0,0,4,0,0,2.0,20.0,1,0,38.8,2,22.1,13,2,0,8,2,5.6,6,48.1,2.5,43.9,0,0.0,0,0,0.455,Medium,1.0,0.9545454545454546,,synthetic
synth_emp_0077,2026-02-09,Engineering,Junior,Contractor,30.7,7,9.5,14.7,3,1,1,0,0,6,0,0,0.0,12.0,0,0,35.6,1,12.0,13,1,0,2,2,28.4,3,34.2,4.3,68.9,0,0.0,0,0,0.627,Medium,1.0,0.9545454545454546,,synthetic
synth_emp_0077,2026-02-16,Engineering,Junior,Contractor,30.7,7,,12.2,1,0,0,2,0,6,0,0,0.0,10.0,1,0,33.6,1,12.9,27,4,2,8,6,0.7,20,16.8,2.9,78.3,0,0.0,0,0,0.562,Medium,1.0,0.9318181818181818,,synthetic
synth_emp_0077,2026-02-23,Engineering,Junior,Contractor,30.7,7,6.5,14.2,0,3,0,2,0,4,0,0,2.0,19.0,0,0,41.1,2,25.3,27,1,1,7,14,39.4,15,34.3,4.8,97.0,0,0.0,0,0,0.582,Medium,1.0,0.9545454545454546,,synthetic
synth_emp_0077,2026-03-02,Engineering,Junior,Contractor,30.7,7,9.0,4.8,0,0,1,0,0,5,0,0,0.0,6.0,0,0,44.3,1,4.2,44,12,5,4,12,9.9,9,35.7,4.7,97.9,0,0.0,2,0,0.834,High,1.0,0.9545454545454546,,synthetic
synth_emp_0077,2026-03-09,Engineering,Junior,Contractor,30.7,7,7.9,9.9,3,0,1,1,0,7,0,0,1.0,17.0,1,0,45.4,1,8.9,30,1,3,9,13,44.9,19,52.4,3.1,91.3,0,0.0,1,0,0.653,Medium,1.0,0.9545454545454546,,synthetic
synth_emp_0077,2026-03-16,Engineering,Junior,Contractor,30.7,7,7.1,,3,2,0,1,0,5,0,0,2.0,10.0,0,0,46.8,2,2.3,45,6,1,4,9,45.4,7,70.9,4.1,67.5,0,0.0,2,0,0.546,Medium,1.0,0.9318181818181818,,synthetic
synth_emp_0077,2026-03-23,Engineering,Junior,Contractor,30.7,7,7.9,0.8,0,0,0,0,0,7,0,0,2.0,9.0,1,0,30.2,2,1.0,7,0,1,6,3,4.4,11,40.8,4.2,80.2,0,0.0,3,0,0.383,Low,1.0,0.9545454545454546,,synthetic
synth_emp_0078,2026-01-05,Design,Manager,Contractor,51.9,6,7.2,3.1,0,2,1,0,0,7,0,0,2.0,17.0,1,0,43.6,0,24.4,31,11,3,0,3,14.0,6,7.5,5.0,69.7,0,0.0,1,0,0.521,Medium,1.0,0.9545454545454546,,synthetic
synth_emp_0078,2026-01-12,Design,Manager,Contractor,51.9,6,7.6,11.7,1,3,0,1,0,4,0,0,0.0,6.0,0,0,30.4,1,19.9,9,1,0,1,8,41.3,9,48.3,3.1,41.0,0,0.0,0,0,0.478,Medium,1.0,0.9545454545454546,,synthetic
synth_emp_0078,2026-01-19,Design,Manager,Contractor,51.9,6,8.2,3.1,1,1,1,1,0,5,0,0,1.0,11.0,0,0,31.8,0,1.7,9,1,0,0,6,35.2,18,4.7,4.5,75.3,0,0.0,0,0,0.364,Low,1.0,0.9545454545454546,,synthetic
synth_emp_0078,2026-01-26,Design,Manager,Contractor,51.9,6,8.1,12.1,1,2,1,0,0,6,0,0,2.0,10.0,0,0,42.4,0,1.5,19,6,2,4,1,8.7,7,46.0,3.3,45.3,0,0.0,3,0,0.643,Medium,1.0,0.9545454545454546,,synthetic
synth_emp_0078,2026-02-02,Design,Manager,Contractor,51.9,6,8.1,7.7,2,3,1,1,0,4,0,0,1.0,12.0,0,0,49.9,0,1.1,5,0,0,5,13,25.2,17,68.2,4.0,84.5,0,0.0,0,0,0.405,Medium,1.0,0.9545454545454546,,synthetic
synth_emp_0078,2026-02-09,Design,Manager,Contractor,51.9,6,7.7,9.1,2,1,1,2,0,5,0,0,1.0,18.0,1,0,43.0,2,3.1,39,7,7,7,3,27.0,13,35.0,4.6,70.5,0,0.0,3,0,0.896,High,1.0,0.9545454545454546,,synthetic
synth_emp_0078,2026-02-16,Design,Manager,Contractor,51.9,6,9.6,8.1,3,1,1,1,0,5,0,0,2.0,10.0,0,0,38.5,1,13.3,13,2,0,8,11,1.7,0,41.5,4.1,66.9,0,0.0,3,0,0.719,High,1.0,0.9545454545454546,,synthetic
synth_emp_0078,2026-02-23,Design,Manager,Contractor,51.9,6,,12.3,1,2,0,0,0,6,0,0,1.0,20.0,1,0,39.3,1,9.7,10,0,1,9,0,,15,28.0,2.1,90.3,0,0.0,2,0,0.439,Medium,1.0,0.9090909090909091,,synthetic
synth_emp_0078,2026-03-02,Design,Manager,Contractor,51.9,6,8.1,13.9,3,2,1,2,0,5,0,0,2.0,7.0,0,0,41.8,1,26.0,45,16,2,5,14,5.7,2,38.9,3.3,78.9,0,0.0,2,0,0.734,High,1.0,0.9545454545454546,,synthetic
synth_emp_0078,2026-03-09,Design,Manager,Contractor,51.9,6,6.2,5.4,1,3,1,1,0,7,0,0,0.0,12.0,0,0,45.5,2,5.9,2,0,0,1,8,13.3,3,52.9,2.4,78.0,0,0.0,0,0,0.511,Medium,1.0,0.9545454545454546,,synthetic
synth_emp_0078,2026-03-16,Design,Manager,Contractor,51.9,6,7.6,7.4,1,1,0,0,0,5,0,0,1.0,11.0,0,0,42.7,0,11.5,10,2,1,0,12,31.9,0,56.6,3.5,51.7,0,0.0,1,0,0.48,Medium,1.0,0.9545454545454546,,synthetic
synth_emp_0078,2026-03-23,Design,Manager,Contractor,51.9,6,9.1,9.8,2,0,1,1,0,4,0,0,2.0,13.0,1,0,37.8,2,28.8,27,1,3,5,14,17.8,13,49.2,4.7,55.3,0,0.0,3,0,0.791,High,1.0,0.9545454545454546,,synthetic
synth_emp_0079,2026-01-05,Sales,Lead,Full-Time,22.4,7,7.5,10.9,1,2,0,1,0,5,0,0,2.0,16.0,1,0,42.6,1,25.0,17,2,1,3,13,17.3,13,70.5,4.5,71.1,0,0.0,1,0,0.562,Medium,1.0,0.9545454545454546,,synthetic
synth_emp_0079,2026-01-12,Sales,Lead,Full-Time,22.4,7,9.4,7.1,3,1,1,1,0,5,0,0,2.0,18.0,1,0,47.3,0,10.7,33,6,6,4,9,12.1,10,57.8,3.1,83.2,0,0.0,1,0,1.0,High,1.0,0.9545454545454546,,synthetic
synth_emp_0079,2026-01-19,Sales,Lead,Full-Time,22.4,7,7.6,12.3,3,1,1,0,0,6,0,0,1.0,16.0,0,0,34.8,0,1.9,3,0,0,2,6,27.4,10,40.7,3.1,61.3,0,0.0,1,0,0.509,Medium,1.0,0.9545454545454546,,synthetic
synth_emp_0079,2026-01-26,Sales,Lead,Full-Time,22.4,7,8.5,5.2,0,1,1,2,0,6,0,0,2.0,12.0,0,0,45.0,2,25.8,42,3,4,5,9,10.5,6,6.6,4.2,94.3,0,0.0,0,0,0.518,Medium,1.0,0.9545454545454546,,synthetic
synth_emp_0079,2026-02-02,Sales,Lead,Full-Time,22.4,7,8.6,4.1,3,3,0,2,0,6,0,0,0.0,6.0,1,0,39.9,2,5.8,10,1,0,10,14,39.3,11,25.7,3.0,44.8,0,0.0,3,0,0.345,Low,1.0,0.9545454545454546,,synthetic
synth_emp_0079,2026-02-09,Sales,Lead,Full-Time,22.4,7,9.2,9.4,2,2,1,2,0,5,0,0,2.0,19.0,0,0,48.5,1,4.1,37,3,0,2,15,32.1,17,61.0,3.2,52.0,0,0.0,3,0,0.777,High,1.0,0.9545454545454546,,synthetic
synth_emp_0079,2026-02-16,Sales,Lead,Full-Time,22.4,7,6.4,12.7,1,3,1,0,0,5,0,0,1.0,5.0,1,0,40.5,2,29.3,42,5,3,10,13,34.7,14,28.9,2.0,77.3,0,0.0,0,0,0.679,Medium,1.0,0.9545454545454546,,synthetic
synth_emp_0079,2026-02-23,Sales,Lead,Full-Time,22.4,7,6.9,6.5,3,0,1,1,0,4,0,0,2.0,15.0,0,0,48.4,0,27.4,1,0,0,6,10,45.6,14,17.2,4.4,96.9,0,0.0,1,0,0.431,Medium,1.0,0.9545454545454546,,synthetic
synth_emp_0079,2026-03-02,Sales,Lead,Full-Time,22.4,7,6.9,13.8,2,1,0,0,0,6,0,0,2.0,12.0,1,0,36.0,0,25.8,33,12,2,2,11,40.9,17,13.5,4.2,46.4,0,0.0,2,0,0.477,Medium,1.0,0.9545454545454546,,synthetic
synth_emp_0079,2026-03-09,Sales,Lead,Full-Time,22.4,7,7.4,5.7,2,2,0,0,0,5,0,0,2.0,14.0,0,0,38.7,2,11.2,11,2,0,1,10,14.4,1,49.7,4.6,79.9,0,0.0,3,0,0.307,Low,1.0,0.9545454545454546,,synthetic
synth_emp_0079,2026-03-16,Sales,Lead,Full-Time,22.4,7,8.7,0.2,2,0,1,0,0,5,0,0,2.0,8.0,1,0,32.8,2,2.5,9,2,0,0,14,29.2,16,35.7,4.5,49.3,0,0.0,0,0,0.417,Medium,1.0,0.9545454545454546,,synthetic
synth_emp_0079,2026-03-23,Sales,Lead,Full-Time,22.4,7,7.0,1.1,0,2,0,2,0,7,0,0,1.0,5.0,1,0,42.9,1,25.5,20,3,2,9,13,37.5,2,27.5,2.6,55.3,0,0.0,2,0,0.134,Low,1.0,0.9545454545454546,,synthetic
synth_emp_0080,2026-01-05,Engineering,Junior,Full-Time,1.3,9,8.1,8.3,1,2,1,1,0,7,0,0,0.0,12.0,0,0,35.4,2,23.4,2,0,0,3,9,30.8,8,30.0,4.1,80.8,0,0.0,2,0,0.564,Medium,1.0,0.9545454545454546,,synthetic
synth_emp_0080,2026-01-12,Engineering,Junior,Full-Time,1.3,9,8.1,3.6,1,3,0,0,0,4,0,0,1.0,8.0,0,0,34.9,1,1.8,27,5,0,8,2,42.7,9,12.3,2.0,54.1,0,0.0,1,0,0.349,Low,1.0,0.9545454545454546,,synthetic
synth_emp_0080,2026-01-19,Engineering,Junior,Full-Time,1.3,9,6.9,,0,3,0,1,0,4,0,0,0.0,7.0,1,0,49.8,2,11.4,35,10,4,0,2,42.4,14,54.2,3.8,58.4,0,0.0,3,0,0.602,Medium,1.0,0.9318181818181818,,synthetic
synth_emp_0080,2026-01-26,Engineering,Junior,Full-Time,1.3,9,6.7,,0,3,0,1,0,5,0,0,1.0,16.0,0,0,45.9,2,16.0,22,1,1,9,3,37.6,10,8.4,2.7,40.4,0,0.0,2,0,0.39,Low,1.0,0.9318181818181818,,synthetic
synth_emp_0080,2026-02-02,Engineering,Junior,Full-Time,1.3,9,,11.7,3,3,0,2,0,7,0,0,1.0,15.0,1,0,46.5,2,5.6,48,1,2,6,9,17.7,15,6.6,3.3,84.1,0,0.0,0,0,0.58,Medium,1.0,0.9318181818181818,,synthetic
synth_emp_0080,2026-02-09,Engineering,Junior,Full-Time,1.3,9,8.7,11.3,3,3,0,0,0,6,0,0,1.0,20.0,0,0,39.2,0,16.3,27,2,1,8,3,6.9,15,54.1,4.5,42.8,0,0.0,1,0,0.621,Medium,1.0,0.9545454545454546,,synthetic
synth_emp_0080,2026-02-16,Engineering,Junior,Full-Time,1.3,9,8.6,14.3,1,3,1,0,0,5,0,0,0.0,14.0,0,0,31.4,1,12.5,42,6,0,1,9,37.9,9,13.4,4.0,62.5,0,0.0,2,0,0.916,High,1.0,0.9545454545454546,,synthetic
synth_emp_0080,2026-02-23,Engineering,Junior,Full-Time,1.3,9,6.5,8.0,3,2,1,2,0,7,0,0,2.0,20.0,0,0,34.3,2,16.8,26,2,4,3,8,23.3,0,3.0,3.6,69.2,0,0.0,1,0,0.703,High,1.0,0.9545454545454546,,synthetic
synth_emp_0080,2026-03-02,Engineering,Junior,Full-Time,1.3,9,6.9,11.5,0,1,1,0,0,7,0,0,1.0,12.0,1,0,31.3,1,1.5,36,14,5,10,4,37.5,4,42.1,2.2,67.1,0,0.0,1,0,0.812,High,1.0,0.9545454545454546,,synthetic
synth_emp_0080,2026-03-09,Engineering,Junior,Full-Time,1.3,9,7.1,2.9,3,2,1,2,0,6,0,0,2.0,20.0,1,0,41.6,1,18.7,5,1,0,0,12,31.5,10,12.4,4.6,46.4,0,0.0,0,0,0.354,Low,1.0,0.9545454545454546,,synthetic
synth_emp_0080,2026-03-16,Engineering,Junior,Full-Time,1.3,9,8.2,5.0,0,3,0,1,0,5,0,0,2.0,15.0,1,0,47.2,0,29.8,26,3,3,3,3,47.8,3,12.9,3.4,97.3,0,0.0,2,0,0.517,Medium,1.0,0.9545454545454546,,synthetic
synth_emp_0080,2026-03-23,Engineering,Junior,Full-Time,1.3,9,6.7,6.2,0,0,0,2,0,4,0,0,1.0,10.0,0,0,32.3,0,19.3,26,6,3,0,6,23.7,15,6.5,5.0,60.9,0,0.0,1,0,0.768,High,1.0,0.9545454545454546,,synthetic
synth_emp_0081,2026-01-05,Engineering,Lead,Full-Time,48.3,6,6.5,1.2,0,1,1,2,0,5,0,0,2.0,16.0,1,0,37.4,1,15.1,39,13,2,5,1,36.3,13,65.2,4.5,54.1,0,0.0,0,0,0.264,Low,1.0,0.9545454545454546,,synthetic
synth_emp_0081,2026-01-12,Engineering,Lead,Full-Time,48.3,6,9.4,3.3,0,1,1,2,0,4,0,0,2.0,13.0,1,0,47.4,0,27.1,40,2,7,1,10,5.5,5,51.2,3.2,42.2,0,0.0,3,0,0.693,Medium,1.0,0.9545454545454546,,synthetic
synth_emp_0081,2026-01-19,Engineering,Lead,Full-Time,48.3,6,8.4,1.5,1,0,0,0,0,7,0,0,2.0,17.0,1,0,45.5,2,1.4,13,3,1,9,10,11.6,13,50.4,2.9,92.9,0,0.0,3,0,0.194,Low,1.0,0.9545454545454546,,synthetic
synth_emp_0081,2026-01-26,Engineering,Lead,Full-Time,48.3,6,7.1,8.4,1,2,0,1,0,7,0,0,2.0,7.0,0,0,47.5,0,28.9,47,11,8,7,3,22.4,6,67.3,3.4,68.7,0,0.0,1,0,0.791,High,1.0,0.9545454545454546,,synthetic
synth_emp_0081,2026-02-02,Engineering,Lead,Full-Time,48.3,6,8.6,14.6,2,0,0,0,0,7,0,0,2.0,12.0,0,0,44.7,1,9.4,45,16,2,0,5,31.2,3,64.3,2.3,87.5,0,0.0,2,0,0.87,High,1.0,0.9545454545454546,,synthetic
synth_emp_0081,2026-02-09,Engineering,Lead,Full-Time,48.3,6,7.2,13.1,2,1,1,0,0,6,0,0,1.0,18.0,1,0,44.0,0,3.5,17,1,3,8,0,,13,47.7,4.9,65.0,0,0.0,2,0,0.497,Medium,1.0,0.9318181818181818,,synthetic
synth_emp_0081,2026-02-16,Engineering,Lead,Full-Time,48.3,6,,4.3,2,2,0,1,0,6,0,0,0.0,6.0,0,0,37.7,0,20.0,19,3,0,1,2,43.1,0,46.7,3.0,59.2,0,0.0,2,0,0.24,Low,1.0,0.9318181818181818,,synthetic
synth_emp_0081,2026-02-23,Engineering,Lead,Full-Time,48.3,6,8.3,0.5,3,1,0,2,0,6,0,0,0.0,12.0,1,0,31.9,1,2.8,11,1,0,1,12,21.1,20,59.4,4.3,51.5,0,0.0,0,0,0.299,Low,1.0,0.9545454545454546,,synthetic
synth_emp_0081,2026-03-02,Engineering,Lead,Full-Time,48.3,6,9.2,4.6,1,1,1,1,0,5,0,0,0.0,14.0,0,0,49.0,1,6.3,17,4,2,5,9,0.6,3,67.7,4.2,62.9,0,0.0,2,0,0.427,Medium,1.0,0.9545454545454546,,synthetic
synth_emp_0081,2026-03-09,Engineering,Lead,Full-Time,48.3,6,8.0,5.4,1,2,1,0,0,7,0,0,1.0,11.0,1,0,46.4,0,17.3,18,1,0,5,5,18.7,5,70.2,4.6,78.0,0,0.0,2,0,0.486,Medium,1.0,0.9545454545454546,,synthetic
synth_emp_0081,2026-03-16,Engineering,Lead,Full-Time,48.3,6,9.5,12.7,0,3,1,1,0,4,0,0,1.0,19.0,0,0,46.1,2,6.0,0,0,0,0,13,14.0,18,57.7,3.0,48.2,0,0.0,3,0,0.563,Medium,1.0,0.9545454545454546,,synthetic
synth_emp_0081,2026-03-23,Engineering,Lead,Full-Time,48.3,6,7.1,10.9,2,3,0,1,0,4,0,0,1.0,5.0,1,0,41.7,0,25.4,41,6,3,9,13,20.9,14,65.5,2.2,97.8,0,0.0,1,0,0.777,High,1.0,0.9545454545454546,,synthetic
synth_emp_0082,2026-01-05,Sales,Senior,Contractor,7.1,9,7.4,4.9,3,3,1,1,0,5,0,0,0.0,14.0,0,0,49.4,1,18.3,41,5,4,10,13,45.3,13,41.9,3.0,93.0,0,0.0,2,0,0.456,Medium,1.0,0.9545454545454546,,synthetic
synth_emp_0082,2026-01-12,Sales,Senior,Contractor,7.1,9,9.6,11.7,1,2,0,2,0,7,0,0,0.0,20.0,0,0,48.0,1,3.7,26,8,2,0,7,23.5,4,24.5,4.9,80.9,0,0.0,1,0,0.743,High,1.0,0.9545454545454546,,synthetic
synth_emp_0082,2026-01-19,Sales,Senior,Contractor,7.1,9,9.5,6.4,3,1,1,2,0,5,0,0,2.0,18.0,0,0,43.4,0,9.7,11,3,1,5,9,24.9,7,2.3,4.5,41.3,0,0.0,0,0,0.737,High,1.0,0.9545454545454546,,synthetic
synth_emp_0082,2026-01-26,Sales,Senior,Contractor,7.1,9,6.6,5.7,2,1,1,1,0,6,0,0,2.0,17.0,1,0,31.0,0,11.6,21,0,3,6,6,0.6,4,4.7,2.6,65.3,0,0.0,2,0,0.538,Medium,1.0,0.9545454545454546,,synthetic
synth_emp_0082,2026-02-02,Sales,Senior,Contractor,7.1,9,7.1,3.9,1,1,0,1,0,7,0,0,2.0,18.0,0,0,39.5,2,27.1,32,9,2,7,7,11.5,7,60.5,4.7,58.1,0,0.0,2,0,0.411,Medium,1.0,0.9545454545454546,,synthetic
synth_emp_0082,2026-02-09,Sales,Senior,Contractor,7.1,9,9.5,6.2,3,3,1,1,0,6,0,0,2.0,13.0,1,0,43.0,1,25.2,8,1,1,5,14,26.1,4,42.7,4.5,66.8,0,0.0,3,0,0.709,High,1.0,0.9545454545454546,,synthetic
synth_emp_0082,2026-02-16,Sales,Senior,Contractor,7.1,9,9.5,14.4,2,1,0,1,0,7,0,0,1.0,16.0,0,0,36.2,1,10.5,50,4,3,4,13,27.0,2,6.4,4.3,86.0,0,0.0,1,0,0.734,High,1.0,0.9545454545454546,,synthetic
synth_emp_0082,2026-02-23,Sales,Senior,Contractor,7.1,9,,11.8,2,3,1,2,0,5,0,0,0.0,14.0,1,0,36.9,2,29.5,41,11,4,5,8,35.6,20,47.7,3.1,60.5,0,0.0,1,0,0.839,High,1.0,0.9318181818181818,,synthetic
synth_emp_0082,2026-03-02,Sales,Senior,Contractor,7.1,9,9.5,6.2,0,2,1,0,0,4,0,0,0.0,6.0,0,0,46.3,2,29.7,2,0,0,10,0,,11,59.5,2.2,76.0,0,0.0,3,0,0.759,High,1.0,0.9318181818181818,,synthetic
synth_emp_0082,2026-03-09,Sales,Senior,Contractor,7.1,9,10.0,,2,3,1,0,0,6,0,0,2.0,14.0,1,0,39.0,0,15.3,6,1,0,10,6,36.1,13,37.3,4.0,56.8,0,0.0,3,0,0.434,Medium,1.0,0.9318181818181818,,synthetic
synth_emp_0082,2026-03-16,Sales,Senior,Contractor,7.1,9,7.6,12.9,1,2,1,1,0,6,0,0,0.0,7.0,1,0,44.4,2,7.0,24,5,0,3,0,,0,52.8,3.7,51.2,0,0.0,3,0,0.522,Medium,1.0,0.9318181818181818,,synthetic
synth_emp_0082,2026-03-23,Sales,Senior,Contractor,7.1,9,9.4,12.6,0,2,0,0,0,4,0,0,2.0,17.0,1,0,30.6,1,9.2,43,4,4,3,5,43.9,6,40.2,4.5,55.2,0,0.0,2,0,0.67,Medium,1.0,0.9545454545454546,,synthetic
synth_emp_0083,2026-01-05,Product,Senior,Contractor,18.7,7,6.0,3.9,3,1,1,0,0,7,0,0,1.0,14.0,1,0,39.6,0,6.1,6,0,1,3,5,44.0,11,6.4,4.0,40.5,0,0.0,2,0,0.168,Low,1.0,0.9545454545454546,,synthetic
synth_emp_0083,2026-01-12,Product,Senior,Contractor,18.7,7,6.8,14.6,2,1,0,1,0,6,0,0,1.0,6.0,1,0,44.1,2,23.8,49,6,7,1,11,10.5,5,69.9,3.7,62.5,0,0.0,2,0,0.787,High,1.0,0.9545454545454546,,synthetic
synth_emp_0083,2026-01-19,Product,Senior,Contractor,18.7,7,9.4,1.7,0,1,1,2,0,4,0,0,2.0,6.0,0,0,49.9,2,2.0,29,4,3,4,6,26.1,12,14.4,2.4,76.4,0,0.0,1,0,0.733,High,1.0,0.9545454545454546,,synthetic
synth_emp_0083,2026-01-26,Product,Senior,Contractor,18.7,7,6.6,13.1,0,1,0,2,0,6,0,0,0.0,20.0,0,0,35.9,0,8.9,36,6,6,6,1,40.4,2,15.0,2.3,93.0,0,0.0,2,0,0.821,High,1.0,0.9545454545454546,,synthetic
synth_emp_0083,2026-02-02,Product,Senior,Contractor,18.7,7,9.4,4.8,0,0,0,2,0,7,0,0,1.0,14.0,1,0,36.4,1,22.2,2,0,0,6,9,1.0,7,54.2,2.9,99.3,0,0.0,2,0,0.432,Medium,1.0,0.9545454545454546,,synthetic
synth_emp_0083,2026-02-09,Product,Senior,Contractor,18.7,7,8.2,9.0,2,0,0,0,0,7,0,0,0.0,17.0,1,0,43.8,0,0.5,6,0,1,8,8,16.7,20,10.4,4.0,48.0,0,0.0,0,0,0.317,Low,1.0,0.9545454545454546,,synthetic
synth_emp_0083,2026-02-16,Product,Senior,Contractor,18.7,7,6.6,13.9,1,3,1,0,0,4,0,0,2.0,11.0,1,0,39.9,2,2.6,9,2,1,0,15,17.4,0,25.5,2.7,79.7,0,0.0,2,0,0.491,Medium,1.0,0.9545454545454546,,synthetic
synth_emp_0083,2026-02-23,Product,Senior,Contractor,18.7,7,9.0,6.8,2,2,1,2,0,5,0,0,1.0,11.0,1,0,48.8,0,18.3,45,3,1,1,1,46.1,9,24.8,4.7,88.7,0,0.0,2,0,0.698,Medium,1.0,0.9545454545454546,,synthetic
synth_emp_0083,2026-03-02,Product,Senior,Contractor,18.7,7,8.0,9.6,2,0,0,0,0,6,0,0,0.0,18.0,1,0,46.9,1,7.9,45,16,8,6,12,1.3,19,69.6,2.1,74.8,0,0.0,2,0,0.714,High,1.0,0.9545454545454546,,synthetic
synth_emp_0083,2026-03-09,Product,Senior,Contractor,18.7,7,8.5,8.8,3,2,1,1,0,5,0,0,0.0,20.0,1,0,44.6,1,10.4,21,3,4,9,8,10.2,19,59.9,2.2,63.4,0,0.0,0,0,0.478,Medium,1.0,0.9545454545454546,,synthetic
synth_emp_0083,2026-03-16,Product,Senior,Contractor,18.7,7,6.5,12.7,2,3,1,2,0,7,0,0,0.0,5.0,0,0,40.2,0,9.9,1,0,0,4,6,26.9,16,42.7,5.0,59.4,0,0.0,1,0,0.303,Low,1.0,0.9545454545454546,,synthetic
synth_emp_0083,2026-03-23,Product,Senior,Contractor,18.7,7,9.8,4.6,2,1,1,1,0,5,0,0,2.0,12.0,1,0,47.7,2,12.3,37,10,0,3,14,38.9,20,5.0,3.7,83.7,0,0.0,1,0,0.669,Medium,1.0,0.9545454545454546,,synthetic
synth_emp_0084,2026-01-05,Marketing,Lead,Full-Time,48.7,7,9.0,9.4,1,2,0,0,0,5,0,0,2.0,5.0,0,0,40.5,0,7.4,47,14,7,3,10,18.5,1,32.0,3.5,60.6,0,0.0,2,0,0.998,High,1.0,0.9545454545454546,,synthetic
synth_emp_0084,2026-01-12,Marketing,Lead,Full-Time,48.7,7,9.3,6.1,1,3,1,2,0,6,0,0,2.0,15.0,1,0,36.7,0,6.9,31,6,3,10,12,13.7,6,6.8,3.4,93.8,0,0.0,2,0,1.0,High,1.0,0.9545454545454546,,synthetic
synth_emp_0084,2026-01-19,Marketing,Lead,Full-Time,48.7,7,6.6,9.3,2,3,0,1,0,7,0,0,1.0,8.0,0,0,45.8,2,14.8,17,3,1,4,8,4.6,10,16.9,3.8,61.3,0,0.0,2,0,0.506,Medium,1.0,0.9545454545454546,,synthetic
synth_emp_0084,2026-01-26,Marketing,Lead,Full-Time,48.7,7,,9.6,0,0,0,1,0,5,0,0,0.0,8.0,1,0,45.7,0,2.6,19,6,2,5,14,25.6,18,34.8,3.9,50.4,0,0.0,2,0,0.578,Medium,1.0,0.9318181818181818,,synthetic
synth_emp_0084,2026-02-02,Marketing,Lead,Full-Time,48.7,7,8.1,11.9,0,2,1,2,0,4,0,0,0.0,6.0,1,0,30.2,0,5.9,13,1,1,4,5,23.3,17,1.4,4.5,60.0,0,0.0,1,0,0.423,Medium,1.0,0.9545454545454546,,synthetic
synth_emp_0084,2026-02-09,Marketing,Lead,Full-Time,48.7,7,7.0,7.9,0,2,0,2,0,5,0,0,1.0,6.0,1,0,39.7,1,27.9,25,9,2,6,11,16.0,20,50.7,3.5,42.9,0,0.0,2,0,0.532,Medium,1.0,0.9545454545454546,,synthetic
synth_emp_0084,2026-02-16,Marketing,Lead,Full-Time,48.7,7,7.6,11.9,2,3,1,2,0,5,0,0,2.0,16.0,0,0,33.4,0,26.4,39,8,0,5,4,34.3,10,52.3,4.5,78.9,0,0.0,1,0,0.696,Medium,1.0,0.9545454545454546,,synthetic
synth_emp_0084,2026-02-23,Marketing,Lead,Full-Time,48.7,7,9.4,6.8,1,2,1,1,0,6,0,0,1.0,17.0,0,0,38.9,2,23.3,20,4,0,0,5,18.8,15,59.9,2.2,86.9,0,0.0,0,0,0.625,Medium,1.0,0.9545454545454546,,synthetic
synth_emp_0084,2026-03-02,Marketing,Lead,Full-Time,48.7,7,6.3,5.6,1,2,0,2,0,4,0,0,1.0,13.0,0,0,40.4,2,22.8,9,2,1,8,9,5.1,20,24.9,3.7,56.3,0,0.0,3,0,0.392,Low,1.0,0.9545454545454546,,synthetic
synth_emp_0084,2026-03-09,Marketing,Lead,Full-Time,48.7,7,7.5,13.5,2,1,1,2,0,7,0,0,2.0,20.0,0,0,36.7,1,24.0,30,0,1,2,8,31.3,4,52.5,4.5,55.9,0,0.0,0,0,0.513,Medium,1.0,0.9545454545454546,,synthetic
synth_emp_0084,2026-03-16,Marketing,Lead,Full-Time,48.7,7,9.8,4.5,0,0,0,1,0,6,0,0,1.0,19.0,0,0,45.3,2,28.8,7,0,0,3,14,22.7,2,59.1,4.0,81.7,0,0.0,3,0,0.598,Medium,1.0,0.9545454545454546,,synthetic
synth_emp_0084,2026-03-23,Marketing,Lead,Full-Time,48.7,7,7.4,14.4,3,2,0,1,0,6,0,0,2.0,16.0,1,0,34.3,2,9.4,21,3,0,3,10,13.3,4,39.1,4.9,61.0,0,0.0,0,0,0.59,Medium,1.0,0.9545454545454546,,synthetic
synth_emp_0085,2026-01-05,Sales,Senior,Contractor,45.1,7,7.4,9.8,1,3,0,0,0,5,0,0,2.0,14.0,1,0,30.0,0,14.0,25,0,3,4,8,30.3,12,58.3,5.0,66.7,0,0.0,0,0,0.485,Medium,1.0,0.9545454545454546,,synthetic
synth_emp_0085,2026-01-12,Sales,Senior,Contractor,45.1,7,9.9,7.3,0,1,1,1,0,6,0,0,2.0,17.0,0,0,32.5,0,5.7,44,4,2,6,11,34.4,3,2.4,3.4,76.9,0,0.0,0,0,0.672,Medium,1.0,0.9545454545454546,,synthetic
synth_emp_0085,2026-01-19,Sales,Senior,Contractor,45.1,7,6.2,11.2,3,1,1,1,0,4,0,0,1.0,9.0,0,0,45.0,1,17.3,24,4,3,3,8,27.8,17,55.7,4.8,65.5,0,0.0,3,0,0.597,Medium,1.0,0.9545454545454546,,synthetic
synth_emp_0085,2026-01-26,Sales,Senior,Contractor,45.1,7,7.4,6.4,0,3,0,1,0,5,0,0,0.0,11.0,1,0,45.6,0,6.9,15,2,2,5,11,33.9,3,54.5,3.8,44.5,0,0.0,1,0,0.478,Medium,1.0,0.9545454545454546,,synthetic
synth_emp_0085,2026-02-02,Sales,Senior,Contractor,45.1,7,,12.9,1,2,1,2,0,7,0,0,1.0,7.0,1,0,40.4,0,5.9,10,1,0,10,7,21.0,0,48.2,4.7,80.4,0,0.0,1,0,0.555,Medium,1.0,0.9318181818181818,,synthetic
synth_emp_0085,2026-02-09,Sales,Senior,Contractor,45.1,7,9.1,5.5,3,1,1,2,0,6,0,0,2.0,7.0,0,0,47.7,2,11.7,9,1,0,9,5,46.8,3,7.3,2.4,47.7,0,0.0,1,0,0.603,Medium,1.0,0.9545454545454546,,synthetic
synth_emp_0085,2026-02-16,Sales,Senior,Contractor,45.1,7,6.7,9.9,1,2,1,1,0,6,0,0,1.0,13.0,1,0,37.6,1,21.0,20,6,3,2,2,44.4,11,49.7,3.0,57.2,0,0.0,0,0,0.776,High,1.0,0.9545454545454546,,synthetic
synth_emp_0085,2026-02-23,Sales,Senior,Contractor,45.1,7,6.4,8.0,0,2,0,0,0,5,0,0,2.0,8.0,0,0,38.9,2,12.9,48,17,3,4,6,18.6,3,39.1,4.7,91.7,0,0.0,0,0,0.735,High,1.0,0.9545454545454546,,synthetic
synth_emp_0085,2026-03-02,Sales,Senior,Contractor,45.1,7,8.7,14.2,0,0,0,1,0,5,0,0,2.0,11.0,1,0,30.2,0,15.2,16,4,0,6,7,15.9,9,34.3,3.4,83.9,0,0.0,0,0,0.792,High,1.0,0.9545454545454546,,synthetic
synth_emp_0085,2026-03-09,Sales,Senior,Contractor,45.1,7,8.6,1.6,3,3,1,2,0,4,0,0,2.0,18.0,0,0,49.2,1,4.4,34,3,3,4,4,35.7,17,38.2,3.5,73.7,0,0.0,2,0,0.562,Medium,1.0,0.9545454545454546,,synthetic
synth_emp_0085,2026-03-16,Sales,Senior,Contractor,45.1,7,7.6,0.7,3,3,1,0,0,4,0,0,1.0,6.0,1,0,44.4,2,22.6,42,2,7,9,10,38.3,0,28.5,4.7,87.8,0,0.0,0,0,0.327,Low,1.0,0.9545454545454546,,synthetic
synth_emp_0085,2026-03-23,Sales,Senior,Contractor,45.1,7,8.9,9.7,0,0,0,2,0,6,0,0,2.0,8.0,0,0,37.9,2,4.3,14,1,0,6,3,34.0,14,68.8,3.4,50.5,0,0.0,2,0,0.679,Medium,1.0,0.9545454545454546,,synthetic
synth_emp_0086,2026-01-05,Product,Junior,Full-Time,38.6,9,9.1,2.6,0,3,1,1,0,4,0,0,0.0,12.0,0,0,45.5,1,16.4,50,0,1,8,13,27.6,9,14.6,4.5,78.3,0,0.0,0,0,0.579,Medium,1.0,0.9545454545454546,,synthetic
synth_emp_0086,2026-01-12,Product,Junior,Full-Time,38.6,9,7.8,4.9,2,0,0,0,0,4,0,0,1.0,6.0,0,0,33.0,2,7.3,5,0,0,1,8,18.4,18,24.5,3.5,78.1,0,0.0,3,0,0.165,Low,1.0,0.9545454545454546,,synthetic
synth_emp_0086,2026-01-19,Product,Junior,Full-Time,38.6,9,6.0,12.1,0,1,0,1,0,7,0,0,2.0,19.0,0,0,47.9,1,2.2,38,6,3,4,15,4.4,12,1.3,2.3,63.5,0,0.0,1,0,0.746,High,1.0,0.9545454545454546,,synthetic
synth_emp_0086,2026-01-26,Product,Junior,Full-Time,38.6,9,8.5,3.1,3,3,0,0,0,7,0,0,1.0,12.0,1,0,36.5,2,25.3,28,4,1,9,14,36.8,14,49.0,4.0,54.0,0,0.0,0,0,0.221,Low,1.0,0.9545454545454546,,synthetic
synth_emp_0086,2026-02-02,Product,Junior,Full-Time,38.6,9,7.9,3.4,3,2,1,0,0,4,0,0,1.0,13.0,0,0,41.7,2,26.2,11,1,1,7,14,16.3,6,60.9,3.6,99.4,0,0.0,3,0,0.326,Low,1.0,0.9545454545454546,,synthetic
synth_emp_0086,2026-02-09,Product,Junior,Full-Time,38.6,9,,4.3,2,3,1,0,0,4,0,0,0.0,6.0,1,0,49.1,2,14.2,30,0,3,4,11,39.3,14,26.7,4.0,61.1,0,0.0,2,0,0.465,Medium,1.0,0.9318181818181818,,synthetic
synth_emp_0086,2026-02-16,Product,Junior,Full-Time,38.6,9,8.0,2.3,0,1,0,2,0,6,0,0,2.0,17.0,1,0,44.8,0,25.3,24,6,1,6,10,13.2,18,52.8,2.5,91.9,0,0.0,3,0,0.547,Medium,1.0,0.9545454545454546,,synthetic
synth_emp_0086,2026-02-23,Product,Junior,Full-Time,38.6,9,,14.0,3,2,1,0,0,5,0,0,2.0,18.0,0,0,37.5,1,14.1,50,10,0,2,14,42.4,14,6.0,4.4,43.3,0,0.0,3,0,0.717,High,1.0,0.9318181818181818,,synthetic
synth_emp_0086,2026-03-02,Product,Junior,Full-Time,38.6,9,10.0,8.3,1,2,0,0,0,5,0,0,0.0,12.0,0,0,45.8,0,18.5,26,1,3,3,1,19.8,8,20.9,2.1,64.1,0,0.0,0,0,0.94,High,1.0,0.9545454545454546,,synthetic
synth_emp_0086,2026-03-09,Product,Junior,Full-Time,38.6,9,9.8,14.8,2,1,0,1,0,7,0,0,2.0,17.0,1,0,45.6,2,9.2,16,4,2,2,0,,16,25.4,3.4,90.1,0,0.0,0,0,0.62,Medium,1.0,0.9318181818181818,,synthetic
synth_emp_0086,2026-03-16,Product,Junior,Full-Time,38.6,9,9.4,8.0,0,2,0,1,0,6,0,0,1.0,9.0,0,0,36.5,1,12.3,35,4,3,4,10,12.2,4,26.9,4.4,68.8,0,0.0,3,0,0.685,Medium,1.0,0.9545454545454546,,synthetic
synth_emp_0086,2026-03-23,Product,Junior,Full-Time,38.6,9,8.6,6.0,0,3,0,0,0,6,0,0,2.0,17.0,1,0,48.5,2,23.3,43,3,1,10,4,8.5,4,39.3,3.4,71.5,0,0.0,3,0,0.575,Medium,1.0,0.9545454545454546,,synthetic
synth_emp_0087,2026-01-05,Product,Manager,Contractor,13.0,4,6.6,5.4,2,2,0,1,0,4,0,0,0.0,11.0,0,0,40.8,2,0.2,26,1,4,0,15,44.0,0,24.0,4.1,50.7,0,0.0,3,0,0.623,Medium,1.0,0.9545454545454546,,synthetic
synth_emp_0087,2026-01-12,Product,Manager,Contractor,13.0,4,8.7,0.3,3,2,1,1,0,6,0,0,0.0,17.0,1,0,40.6,2,4.1,43,2,6,1,0,,1,62.7,2.8,64.9,0,0.0,3,0,0.475,Medium,1.0,0.9318181818181818,,synthetic
synth_emp_0087,2026-01-19,Product,Manager,Contractor,13.0,4,9.0,5.3,1,3,0,1,0,6,0,0,1.0,11.0,0,0,30.3,1,15.2,25,6,2,7,8,13.6,4,65.0,4.1,53.0,0,0.0,0,0,0.898,High,1.0,0.9545454545454546,,synthetic
synth_emp_0087,2026-01-26,Product,Manager,Contractor,13.0,4,9.2,5.0,2,0,1,0,0,4,0,0,1.0,6.0,0,0,41.3,1,18.3,38,2,1,7,15,4.1,4,3.0,2.4,44.4,0,0.0,1,0,0.522,Medium,1.0,0.9545454545454546,,synthetic
synth_emp_0087,2026-02-02,Product,Manager,Contractor,13.0,4,,2.3,3,0,1,2,0,5,0,0,1.0,15.0,0,0,41.9,0,10.3,46,13,1,10,7,34.0,11,65.9,4.4,44.6,0,0.0,1,0,0.541,Medium,1.0,0.9318181818181818,,synthetic
synth_emp_0087,2026-02-09,Product,Manager,Contractor,13.0,4,8.6,,2,0,1,0,0,6,0,0,2.0,19.0,0,0,41.7,0,11.6,38,2,0,5,14,16.4,19,6.7,4.8,54.3,0,0.0,0,0,0.581,Medium,1.0,0.9318181818181818,,synthetic
synth_emp_0087,2026-02-16,Product,Manager,Contractor,13.0,4,8.6,14.5,1,2,1,0,0,6,0,0,0.0,15.0,1,0,42.5,1,15.6,30,8,1,2,13,34.1,19,70.2,3.1,68.6,0,0.0,2,0,0.788,High,1.0,0.9545454545454546,,synthetic
synth_emp_0087,2026-02-23,Product,Manager,Contractor,13.0,4,9.0,3.3,1,2,0,2,0,6,0,0,0.0,14.0,1,0,41.6,1,28.8,33,11,4,10,5,29.6,0,52.2,3.7,40.6,0,0.0,0,0,0.771,High,1.0,0.9545454545454546,,synthetic
synth_emp_0087,2026-03-02,Product,Manager,Contractor,13.0,4,7.4,6.2,1,0,0,1,0,5,0,0,0.0,7.0,1,0,48.5,2,29.2,18,6,1,1,4,6.5,10,11.5,2.7,96.7,0,0.0,0,0,0.529,Medium,1.0,0.9545454545454546,,synthetic
synth_emp_0087,2026-03-09,Product,Manager,Contractor,13.0,4,6.7,4.7,0,0,0,2,0,6,0,0,0.0,12.0,0,0,49.6,2,15.8,4,0,0,4,10,20.5,14,57.9,2.5,74.5,0,0.0,1,0,0.391,Low,1.0,0.9545454545454546,,synthetic
synth_emp_0087,2026-03-16,Product,Manager,Contractor,13.0,4,9.9,4.8,0,2,0,2,0,4,0,0,0.0,10.0,1,0,45.4,0,22.3,26,7,4,7,15,37.9,7,29.6,2.0,83.2,0,0.0,1,0,0.839,High,1.0,0.9545454545454546,,synthetic
synth_emp_0087,2026-03-23,Product,Manager,Contractor,13.0,4,6.1,,2,2,0,1,0,7,0,0,0.0,15.0,1,0,35.2,0,21.4,40,0,2,4,14,19.8,5,46.5,2.4,77.2,0,0.0,1,0,0.359,Low,1.0,0.9318181818181818,,synthetic
synth_emp_0088,2026-01-05,Engineering,Lead,Contractor,57.1,7,6.9,14.3,1,2,0,2,0,7,0,0,2.0,12.0,1,0,39.1,0,24.8,43,9,5,8,8,15.7,3,64.3,2.7,96.1,0,0.0,1,0,0.664,Medium,1.0,0.9545454545454546,,synthetic
synth_emp_0088,2026-01-12,Engineering,Lead,Contractor,57.1,7,7.0,10.2,2,3,1,0,0,6,0,0,0.0,19.0,0,0,31.1,0,10.4,3,0,0,5,9,5.3,2,29.4,2.4,89.3,0,0.0,2,0,0.354,Low,1.0,0.9545454545454546,,synthetic
synth_emp_0088,2026-01-19,Engineering,Lead,Contractor,57.1,7,,,2,0,1,0,0,5,0,0,2.0,14.0,1,0,37.9,0,2.4,45,1,8,9,10,25.9,5,27.4,3.1,45.3,0,0.0,2,0,0.4,Low,1.0,0.9090909090909091,,synthetic
synth_emp_0088,2026-01-26,Engineering,Lead,Contractor,57.1,7,9.2,,2,0,1,2,0,5,0,0,2.0,14.0,1,0,48.6,0,18.5,31,9,0,7,2,40.6,3,24.7,3.5,85.4,0,0.0,2,0,0.697,Medium,1.0,0.9318181818181818,,synthetic
synth_emp_0088,2026-02-02,Engineering,Lead,Contractor,57.1,7,6.5,6.5,0,3,0,2,0,7,0,0,0.0,7.0,1,0,47.8,2,13.0,14,0,1,5,4,47.1,4,1.7,4.3,67.5,0,0.0,0,0,0.423,Medium,1.0,0.9545454545454546,,synthetic
synth_emp_0088,2026-02-09,Engineering,Lead,Contractor,57.1,7,7.2,,3,3,0,1,0,5,0,0,2.0,11.0,1,0,30.5,2,1.3,38,8,2,9,11,32.2,1,8.8,2.2,57.1,0,0.0,3,0,0.376,Low,1.0,0.9318181818181818,,synthetic
synth_emp_0088,2026-02-16,Engineering,Lead,Contractor,57.1,7,9.4,9.0,2,3,0,1,0,5,0,0,2.0,8.0,1,0,49.3,1,21.2,31,10,3,5,3,26.1,2,38.4,4.1,96.0,0,0.0,0,0,0.862,High,1.0,0.9545454545454546,,synthetic
synth_emp_0088,2026-02-23,Engineering,Lead,Contractor,57.1,7,8.5,5.7,0,0,1,0,0,7,0,0,0.0,5.0,0,0,43.5,1,13.4,25,7,2,10,5,18.6,6,33.5,3.1,57.0,0,0.0,3,0,0.503,Medium,1.0,0.9545454545454546,,synthetic
synth_emp_0088,2026-03-02,Engineering,Lead,Contractor,57.1,7,8.9,0.4,2,0,1,1,0,6,0,0,2.0,11.0,1,0,39.2,0,7.8,34,3,5,7,14,45.7,8,41.1,4.8,62.7,0,0.0,3,0,0.606,Medium,1.0,0.9545454545454546,,synthetic
synth_emp_0088,2026-03-09,Engineering,Lead,Contractor,57.1,7,6.3,11.4,2,3,0,1,0,5,0,0,0.0,6.0,1,0,34.2,0,0.5,6,0,0,0,13,2.7,4,25.8,4.5,60.8,0,0.0,2,0,0.501,Medium,1.0,0.9545454545454546,,synthetic
synth_emp_0088,2026-03-16,Engineering,Lead,Contractor,57.1,7,6.9,10.6,3,0,0,1,0,4,0,0,1.0,14.0,1,0,43.5,0,25.6,30,9,0,2,6,5.2,8,48.2,2.4,62.5,0,0.0,2,0,0.599,Medium,1.0,0.9545454545454546,,synthetic
synth_emp_0088,2026-03-23,Engineering,Lead,Contractor,57.1,7,6.1,,1,3,1,2,0,7,0,0,0.0,20.0,0,0,36.2,0,11.8,21,2,4,0,1,32.1,6,57.7,4.3,54.9,0,0.0,1,0,0.426,Medium,1.0,0.9318181818181818,,synthetic
synth_emp_0089,2026-01-05,Engineering,Junior,Full-Time,35.2,7,6.6,14.1,3,2,1,1,0,7,0,0,0.0,20.0,0,0,37.2,2,18.2,1,0,0,6,8,5.6,5,11.3,2.5,86.7,0,0.0,3,0,0.597,Medium,1.0,0.9545454545454546,,synthetic
synth_emp_0089,2026-01-12,Engineering,Junior,Full-Time,35.2,7,,3.7,3,0,0,1,0,4,0,0,2.0,16.0,0,0,46.5,0,27.7,8,0,1,10,1,18.2,5,55.8,3.5,94.5,0,0.0,2,0,0.323,Low,1.0,0.9318181818181818,,synthetic
synth_emp_0089,2026-01-19,Engineering,Junior,Full-Time,35.2,7,,0.7,2,2,1,2,0,4,0,0,2.0,17.0,0,0,38.3,1,4.2,34,10,5,6,6,28.0,19,23.9,3.7,88.7,0,0.0,2,0,0.546,Medium,1.0,0.9318181818181818,,synthetic
synth_emp_0089,2026-01-26,Engineering,Junior,Full-Time,35.2,7,6.6,12.0,3,1,1,0,0,6,0,0,1.0,6.0,0,0,48.9,0,27.4,16,4,0,0,12,9.6,4,28.0,3.1,75.2,0,0.0,0,0,0.321,Low,1.0,0.9545454545454546,,synthetic
synth_emp_0089,2026-02-02,Engineering,Junior,Full-Time,35.2,7,9.2,3.7,0,0,0,2,0,5,0,0,2.0,15.0,1,0,49.1,2,18.0,36,5,2,4,0,,15,30.1,3.7,86.6,0,0.0,2,0,0.379,Low,1.0,0.9318181818181818,,synthetic
synth_emp_0089,2026-02-09,Engineering,Junior,Full-Time,35.2,7,,,0,2,0,1,0,4,0,0,2.0,12.0,0,0,36.3,0,13.3,16,0,0,9,2,25.0,0,23.0,3.4,70.1,0,0.0,3,0,0.133,Low,1.0,0.9090909090909091,,synthetic
synth_emp_0089,2026-02-16,Engineering,Junior,Full-Time,35.2,7,,11.9,1,0,1,1,0,7,0,0,1.0,15.0,1,0,32.5,0,13.7,24,4,1,10,14,25.5,15,43.6,4.4,67.3,0,0.0,2,0,0.321,Low,1.0,0.9318181818181818,,synthetic
synth_emp_0089,2026-02-23,Engineering,Junior,Full-Time,35.2,7,,14.9,1,0,0,1,0,6,0,0,0.0,10.0,1,0,49.3,0,0.1,28,2,3,6,14,0.7,0,16.9,3.3,88.5,0,0.0,2,0,0.733,High,1.0,0.9318181818181818,,synthetic
synth_emp_0089,2026-03-02,Engineering,Junior,Full-Time,35.2,7,6.3,0.7,0,3,1,1,0,7,0,0,0.0,10.0,1,0,34.5,0,11.7,31,11,2,4,2,33.1,0,5.4,3.3,97.0,0,0.0,3,0,0.261,Low,1.0,0.9545454545454546,,synthetic
synth_emp_0089,2026-03-09,Engineering,Junior,Full-Time,35.2,7,7.2,11.6,3,0,0,1,0,4,0,0,0.0,6.0,1,0,46.0,0,22.6,40,9,4,7,8,24.7,15,68.4,4.3,53.3,0,0.0,3,0,0.755,High,1.0,0.9545454545454546,,synthetic
synth_emp_0089,2026-03-16,Engineering,Junior,Full-Time,35.2,7,9.6,12.1,3,0,0,1,0,4,0,0,0.0,7.0,1,0,35.7,0,28.3,2,0,0,5,2,21.5,10,61.3,3.3,56.8,0,0.0,1,0,0.672,Medium,1.0,0.9545454545454546,,synthetic
synth_emp_0089,2026-03-23,Engineering,Junior,Full-Time,35.2,7,8.6,8.5,0,3,0,0,0,5,0,0,1.0,12.0,0,0,47.5,0,9.3,26,10,4,9,11,45.2,18,13.8,3.9,98.8,0,0.0,1,0,0.869,High,1.0,0.9545454545454546,,synthetic
synth_emp_0090,2026-01-05,Marketing,Junior,Contractor,39.2,10,10.0,8.5,1,1,1,2,0,7,0,0,1.0,12.0,0,0,47.3,2,24.4,19,5,2,8,4,13.5,14,48.1,2.8,44.7,0,0.0,1,0,0.649,Medium,1.0,0.9545454545454546,,synthetic
synth_emp_0090,2026-01-12,Marketing,Junior,Contractor,39.2,10,6.8,11.5,0,3,0,1,0,7,0,0,2.0,9.0,0,0,47.6,0,11.7,38,5,7,5,13,0.8,0,28.9,4.4,73.4,0,0.0,1,0,0.559,Medium,1.0,0.9545454545454546,,synthetic
synth_emp_0090,2026-01-19,Marketing,Junior,Contractor,39.2,10,7.5,4.5,2,2,1,0,0,5,0,0,2.0,12.0,1,0,43.2,1,20.9,13,4,1,1,14,1.2,17,71.0,3.2,84.8,0,0.0,1,0,0.382,Low,1.0,0.9545454545454546,,synthetic
synth_emp_0090,2026-01-26,Marketing,Junior,Contractor,39.2,10,6.5,9.7,0,0,0,0,0,6,0,0,1.0,7.0,1,0,31.4,2,13.8,21,0,3,8,12,47.3,8,56.9,4.9,84.8,0,0.0,0,0,0.452,Medium,1.0,0.9545454545454546,,synthetic
synth_emp_0090,2026-02-02,Marketing,Junior,Contractor,39.2,10,6.4,0.7,3,0,1,1,0,5,0,0,0.0,11.0,0,0,31.2,2,7.9,47,10,1,1,6,25.7,15,49.0,4.8,68.0,0,0.0,1,0,0.341,Low,1.0,0.9545454545454546,,synthetic
synth_emp_0090,2026-02-09,Marketing,Junior,Contractor,39.2,10,7.7,5.4,1,1,0,1,0,5,0,0,0.0,17.0,1,0,32.4,1,1.9,20,5,0,10,4,6.5,20,70.2,2.7,41.7,0,0.0,1,0,0.322,Low,1.0,0.9545454545454546,,synthetic
synth_emp_0090,2026-02-16,Marketing,Junior,Contractor,39.2,10,9.1,6.5,2,0,0,0,0,5,0,0,2.0,7.0,0,0,43.2,1,4.2,15,2,0,8,2,20.2,4,63.9,3.9,64.1,0,0.0,3,0,0.639,Medium,1.0,0.9545454545454546,,synthetic
synth_emp_0090,2026-02-23,Marketing,Junior,Contractor,39.2,10,6.7,3.6,1,2,0,2,0,7,0,0,1.0,13.0,1,0,43.7,1,22.8,37,3,6,3,10,40.7,20,31.5,4.1,72.5,0,0.0,0,0,0.3,Low,1.0,0.9545454545454546,,synthetic
synth_emp_0090,2026-03-02,Marketing,Junior,Contractor,39.2,10,9.5,,0,2,1,1,0,4,0,0,1.0,15.0,1,0,41.9,2,23.5,50,19,2,0,13,12.7,20,65.6,4.1,50.0,0,0.0,3,0,0.631,Medium,1.0,0.9318181818181818,,synthetic
synth_emp_0090,2026-03-09,Marketing,Junior,Contractor,39.2,10,9.7,,2,3,0,1,0,5,0,0,0.0,18.0,0,0,47.7,1,11.9,22,5,3,0,0,,6,11.3,3.0,57.8,0,0.0,0,0,0.664,Medium,1.0,0.9090909090909091,,synthetic
synth_emp_0090,2026-03-16,Marketing,Junior,Contractor,39.2,10,7.3,8.8,1,2,1,2,0,6,0,0,1.0,7.0,0,0,35.1,1,8.1,31,5,1,1,14,46.6,2,5.6,4.0,99.3,0,0.0,3,0,0.539,Medium,1.0,0.9545454545454546,,synthetic
synth_emp_0090,2026-03-23,Marketing,Junior,Contractor,39.2,10,,6.4,2,1,0,0,0,4,0,0,0.0,6.0,1,0,38.0,0,1.0,22,3,2,8,13,5.4,4,42.0,2.5,55.2,0,0.0,1,0,0.348,Low,1.0,0.9318181818181818,,synthetic
synth_emp_0091,2026-01-05,Sales,Lead,Full-Time,57.7,5,6.2,10.7,2,2,1,0,0,5,0,0,0.0,20.0,0,0,30.1,2,13.5,33,2,1,0,14,11.4,17,21.9,3.6,55.2,0,0.0,0,0,0.428,Medium,1.0,0.9545454545454546,,synthetic
synth_emp_0091,2026-01-12,Sales,Lead,Full-Time,57.7,5,8.9,10.5,2,2,1,0,0,4,0,0,0.0,16.0,0,0,30.6,0,18.6,48,17,6,8,10,3.6,8,51.4,2.4,92.6,0,0.0,1,0,0.987,High,1.0,0.9545454545454546,,synthetic
synth_emp_0091,2026-01-19,Sales,Lead,Full-Time,57.7,5,6.1,14.9,0,1,1,2,0,5,0,0,2.0,13.0,0,0,49.9,1,24.2,8,0,0,9,4,35.9,3,70.6,4.3,48.5,0,0.0,0,0,0.459,Medium,1.0,0.9545454545454546,,synthetic
synth_emp_0091,2026-01-26,Sales,Lead,Full-Time,57.7,5,6.4,5.9,3,2,0,0,0,5,0,0,0.0,13.0,1,0,35.6,1,1.9,7,1,1,0,13,29.6,12,8.1,3.2,74.8,0,0.0,0,0,0.551,Medium,1.0,0.9545454545454546,,synthetic
synth_emp_0091,2026-02-02,Sales,Lead,Full-Time,57.7,5,,4.4,3,2,0,2,0,7,0,0,2.0,10.0,0,0,41.7,1,2.9,47,6,0,5,10,35.1,0,23.6,2.1,76.6,0,0.0,3,0,0.278,Low,1.0,0.9318181818181818,,synthetic
synth_emp_0091,2026-02-09,Sales,Lead,Full-Time,57.7,5,9.9,11.0,1,1,0,2,0,4,0,0,1.0,11.0,1,0,43.0,2,9.1,49,3,3,5,5,34.1,8,53.6,4.9,91.0,0,0.0,2,0,0.762,High,1.0,0.9545454545454546,,synthetic
synth_emp_0091,2026-02-16,Sales,Lead,Full-Time,57.7,5,7.6,11.2,1,2,1,2,0,7,0,0,0.0,19.0,1,0,44.1,2,16.1,43,3,3,6,3,4.6,1,16.7,4.9,56.6,0,0.0,0,0,0.724,High,1.0,0.9545454545454546,,synthetic
synth_emp_0091,2026-02-23,Sales,Lead,Full-Time,57.7,5,6.1,5.4,0,2,0,0,0,5,0,0,1.0,15.0,1,0,43.2,1,17.9,34,12,3,2,15,6.1,1,24.1,4.4,73.8,0,0.0,3,0,0.763,High,1.0,0.9545454545454546,,synthetic
synth_emp_0091,2026-03-02,Sales,Lead,Full-Time,57.7,5,8.0,12.8,2,3,1,0,0,7,0,0,1.0,15.0,0,0,31.8,1,0.0,6,1,0,9,7,1.4,11,69.7,3.7,94.7,0,0.0,0,0,0.392,Low,1.0,0.9545454545454546,,synthetic
synth_emp_0091,2026-03-09,Sales,Lead,Full-Time,57.7,5,6.4,13.9,3,0,0,2,0,5,0,0,1.0,19.0,1,0,43.6,0,3.9,10,0,1,8,6,18.5,20,42.0,3.5,77.0,0,0.0,1,0,0.457,Medium,1.0,0.9545454545454546,,synthetic
synth_emp_0091,2026-03-16,Sales,Lead,Full-Time,57.7,5,,7.4,3,1,1,0,0,6,0,0,2.0,17.0,0,0,48.2,0,6.3,24,8,3,10,7,35.2,15,54.1,4.6,80.6,0,0.0,1,0,0.772,High,1.0,0.9318181818181818,,synthetic
synth_emp_0091,2026-03-23,Sales,Lead,Full-Time,57.7,5,8.9,8.4,1,3,1,2,0,5,0,0,0.0,5.0,0,0,39.4,1,17.6,39,7,3,9,3,26.4,18,70.6,4.5,96.6,0,0.0,2,0,1.0,High,1.0,0.9545454545454546,,synthetic
synth_emp_0092,2026-01-05,Design,Senior,Contractor,41.4,7,7.2,14.4,2,2,0,1,0,7,0,0,1.0,8.0,1,0,30.6,2,7.8,28,4,5,5,5,35.8,18,47.3,3.5,95.3,0,0.0,2,0,0.491,Medium,1.0,0.9545454545454546,,synthetic
synth_emp_0092,2026-01-12,Design,Senior,Contractor,41.4,7,8.5,11.1,3,1,1,1,0,7,0,0,2.0,7.0,1,0,39.5,1,29.9,29,9,4,3,13,17.8,9,49.1,3.5,97.3,0,0.0,1,0,0.857,High,1.0,0.9545454545454546,,synthetic
synth_emp_0092,2026-01-19,Design,Senior,Contractor,41.4,7,,10.0,1,2,0,2,0,4,0,0,1.0,11.0,1,0,41.7,0,5.7,43,14,4,8,12,5.0,10,21.1,2.7,51.3,0,0.0,2,0,0.876,High,1.0,0.9318181818181818,,synthetic
synth_emp_0092,2026-01-26,Design,Senior,Contractor,41.4,7,8.2,0.6,3,2,0,0,0,7,0,0,0.0,15.0,1,0,46.2,1,18.7,11,0,1,2,4,44.7,8,43.2,2.2,48.4,0,0.0,1,0,0.305,Low,1.0,0.9545454545454546,,synthetic
synth_emp_0092,2026-02-02,Design,Senior,Contractor,41.4,7,7.9,,2,2,1,2,0,7,0,0,0.0,9.0,0,0,30.8,0,14.1,27,8,1,1,1,28.3,6,30.7,2.9,96.2,0,0.0,2,0,0.463,Medium,1.0,0.9318181818181818,,synthetic
synth_emp_0092,2026-02-09,Design,Senior,Contractor,41.4,7,9.2,1.7,0,3,1,0,0,7,0,0,2.0,17.0,0,0,48.1,0,26.1,10,0,1,8,2,45.9,20,17.8,4.1,41.6,0,0.0,3,0,0.344,Low,1.0,0.9545454545454546,,synthetic
synth_emp_0092,2026-02-16,Design,Senior,Contractor,41.4,7,7.7,3.7,2,0,0,1,0,5,0,0,2.0,15.0,1,0,30.1,1,14.6,0,0,0,8,10,39.0,19,57.9,2.9,87.6,0,0.0,1,0,0.202,Low,1.0,0.9545454545454546,,synthetic
synth_emp_0092,2026-02-23,Design,Senior,Contractor,41.4,7,8.0,2.9,1,3,1,2,0,5,0,0,1.0,5.0,0,0,48.9,0,4.5,46,11,2,9,13,2.2,14,27.6,3.0,41.4,0,0.0,0,0,0.406,Medium,1.0,0.9545454545454546,,synthetic
synth_emp_0092,2026-03-02,Design,Senior,Contractor,41.4,7,8.4,14.1,0,1,0,1,0,6,0,0,2.0,6.0,1,0,38.7,1,26.8,29,0,4,1,10,32.7,12,13.9,2.2,78.9,0,0.0,1,0,0.502,Medium,1.0,0.9545454545454546,,synthetic
synth_emp_0092,2026-03-09,Design,Senior,Contractor,41.4,7,9.3,9.5,0,0,1,0,0,4,0,0,1.0,7.0,0,0,33.5,1,1.3,4,1,0,0,12,37.7,17,9.9,2.4,54.0,0,0.0,3,0,0.683,Medium,1.0,0.9545454545454546,,synthetic
synth_emp_0092,2026-03-16,Design,Senior,Contractor,41.4,7,7.1,0.8,1,0,1,0,0,5,0,0,0.0,5.0,0,0,49.6,0,12.6,18,4,1,9,14,38.0,17,4.8,2.9,65.0,0,0.0,3,0,0.367,Low,1.0,0.9545454545454546,,synthetic
synth_emp_0092,2026-03-23,Design,Senior,Contractor,41.4,7,8.3,13.2,3,2,1,0,0,6,0,0,1.0,10.0,1,0,39.2,1,16.5,31,5,5,4,13,39.4,15,36.1,4.7,55.7,0,0.0,3,0,0.697,Medium,1.0,0.9545454545454546,,synthetic
synth_emp_0093,2026-01-05,Engineering,Manager,Contractor,25.6,10,9.1,,2,1,1,2,0,4,0,0,2.0,9.0,0,0,47.9,2,21.6,27,0,4,10,14,45.8,12,19.3,3.3,40.1,0,0.0,1,0,0.496,Medium,1.0,0.9318181818181818,,synthetic
synth_emp_0093,2026-01-12,Engineering,Manager,Contractor,25.6,10,6.3,6.4,0,3,1,1,0,7,0,0,2.0,16.0,0,0,32.9,2,15.7,21,3,3,1,0,,5,55.0,5.0,48.0,0,0.0,2,0,0.688,Medium,1.0,0.9318181818181818,,synthetic
synth_emp_0093,2026-01-19,Engineering,Manager,Contractor,25.6,10,7.5,1.2,2,0,1,0,0,4,0,0,1.0,5.0,1,0,39.7,0,11.0,25,7,0,0,2,46.9,15,34.2,2.3,96.9,0,0.0,3,0,0.417,Medium,1.0,0.9545454545454546,,synthetic
synth_emp_0093,2026-01-26,Engineering,Manager,Contractor,25.6,10,6.2,6.4,2,3,0,2,0,4,0,0,1.0,7.0,0,0,30.7,2,27.8,35,8,5,0,12,22.0,15,4.6,2.3,73.3,0,0.0,2,0,0.645,Medium,1.0,0.9545454545454546,,synthetic
synth_emp_0093,2026-02-02,Engineering,Manager,Contractor,25.6,10,,5.6,1,1,0,0,0,4,0,0,2.0,10.0,1,0,37.3,2,23.7,9,1,0,7,15,8.3,8,47.0,4.0,79.2,0,0.0,2,0,0.529,Medium,1.0,0.9318181818181818,,synthetic
synth_emp_0093,2026-02-09,Engineering,Manager,Contractor,25.6,10,9.5,8.9,1,3,1,2,0,5,0,0,0.0,14.0,0,0,38.1,0,10.5,47,18,7,3,8,40.0,14,21.7,4.8,87.2,0,0.0,2,0,0.85,High,1.0,0.9545454545454546,,synthetic
synth_emp_0093,2026-02-16,Engineering,Manager,Contractor,25.6,10,,2.8,3,3,1,2,0,4,0,0,2.0,17.0,0,0,46.7,1,10.3,29,10,5,1,7,41.7,14,22.4,4.0,88.0,0,0.0,2,0,0.637,Medium,1.0,0.9318181818181818,,synthetic
synth_emp_0093,2026-02-23,Engineering,Manager,Contractor,25.6,10,7.6,4.1,3,1,1,2,0,4,0,0,2.0,16.0,1,0,35.1,1,0.8,37,9,3,9,6,45.9,18,40.6,2.6,55.5,0,0.0,1,0,0.639,Medium,1.0,0.9545454545454546,,synthetic
synth_emp_0093,2026-03-02,Engineering,Manager,Contractor,25.6,10,9.9,1.6,2,3,1,2,0,6,0,0,2.0,12.0,0,0,31.5,1,24.8,7,0,1,6,11,38.5,3,36.5,2.6,89.1,0,0.0,3,0,0.558,Medium,1.0,0.9545454545454546,,synthetic
synth_emp_0093,2026-03-09,Engineering,Manager,Contractor,25.6,10,6.8,14.1,2,1,1,2,0,7,0,0,2.0,9.0,0,0,36.7,1,8.9,34,0,5,2,4,7.5,18,37.7,4.7,69.1,0,0.0,0,0,0.708,High,1.0,0.9545454545454546,,synthetic
synth_emp_0093,2026-03-16,Engineering,Manager,Contractor,25.6,10,6.6,,3,2,1,0,0,6,0,0,0.0,12.0,1,0,49.2,1,21.6,48,15,4,4,8,29.4,15,71.1,4.6,44.8,0,0.0,3,0,0.562,Medium,1.0,0.9318181818181818,,synthetic
synth_emp_0093,2026-03-23,Engineering,Manager,Contractor,25.6,10,,5.0,3,3,1,2,0,7,0,0,2.0,19.0,1,0,36.6,1,9.9,3,0,0,4,4,30.0,14,54.9,4.9,54.1,0,0.0,0,0,0.369,Low,1.0,0.9318181818181818,,synthetic
synth_emp_0094,2026-01-05,Engineering,Manager,Full-Time,43.6,12,9.9,13.4,0,1,1,1,0,5,0,0,2.0,5.0,0,0,33.1,1,25.2,0,0,0,8,13,9.1,9,56.9,3.4,54.5,0,0.0,2,0,0.636,Medium,1.0,0.9545454545454546,,synthetic
synth_emp_0094,2026-01-12,Engineering,Manager,Full-Time,43.6,12,9.7,,1,0,1,0,0,7,0,0,1.0,13.0,0,0,47.3,0,3.1,23,3,3,0,4,34.0,4,51.2,3.3,95.4,0,0.0,1,0,0.66,Medium,1.0,0.9318181818181818,,synthetic
synth_emp_0094,2026-01-19,Engineering,Manager,Full-Time,43.6,12,6.9,10.1,1,2,1,1,0,6,0,0,1.0,11.0,0,0,46.0,0,3.9,41,11,7,1,2,26.0,6,39.6,2.0,72.7,0,0.0,1,0,0.791,High,1.0,0.9545454545454546,,synthetic
synth_emp_0094,2026-01-26,Engineering,Manager,Full-Time,43.6,12,8.0,0.7,2,3,1,0,0,6,0,0,1.0,15.0,1,0,31.6,0,5.0,25,4,1,8,9,17.0,16,13.5,2.4,96.3,0,0.0,3,0,0.359,Low,1.0,0.9545454545454546,,synthetic
synth_emp_0094,2026-02-02,Engineering,Manager,Full-Time,43.6,12,6.2,12.5,1,2,1,0,0,6,0,0,0.0,6.0,0,0,31.6,0,25.2,39,4,4,2,9,8.8,19,39.4,4.6,67.6,0,0.0,1,0,0.6,Medium,1.0,0.9545454545454546,,synthetic
synth_emp_0094,2026-02-09,Engineering,Manager,Full-Time,43.6,12,6.6,,3,3,0,1,0,6,0,0,0.0,20.0,0,0,40.6,2,11.4,27,10,2,0,9,6.5,7,11.6,3.5,94.8,0,0.0,3,0,0.383,Low,1.0,0.9318181818181818,,synthetic
synth_emp_0094,2026-02-16,Engineering,Manager,Full-Time,43.6,12,9.3,1.2,2,2,1,0,0,6,0,0,1.0,10.0,0,0,49.1,0,25.8,47,0,1,7,7,39.6,15,46.7,4.3,43.4,0,0.0,2,0,0.38,Low,1.0,0.9545454545454546,,synthetic
synth_emp_0094,2026-02-23,Engineering,Manager,Full-Time,43.6,12,8.1,7.0,1,1,1,1,0,4,0,0,1.0,10.0,1,0,30.8,2,29.1,3,1,0,5,7,35.9,10,25.0,4.7,71.3,0,0.0,1,0,0.501,Medium,1.0,0.9545454545454546,,synthetic
synth_emp_0094,2026-03-02,Engineering,Manager,Full-Time,43.6,12,9.2,14.7,0,2,1,2,0,6,0,0,1.0,19.0,0,0,40.6,1,11.4,41,0,0,0,13,23.1,9,69.4,2.8,80.3,0,0.0,2,0,0.667,Medium,1.0,0.9545454545454546,,synthetic
synth_emp_0094,2026-03-09,Engineering,Manager,Full-Time,43.6,12,7.7,3.1,2,3,1,0,0,4,0,0,2.0,18.0,0,0,34.8,2,7.9,45,3,7,5,5,14.0,18,60.7,4.0,56.7,0,0.0,1,0,0.431,Medium,1.0,0.9545454545454546,,synthetic
synth_emp_0094,2026-03-16,Engineering,Manager,Full-Time,43.6,12,6.1,9.5,1,0,0,0,0,7,0,0,0.0,17.0,0,0,40.9,0,10.7,38,4,0,8,4,45.3,19,4.8,4.7,72.9,0,0.0,0,0,0.314,Low,1.0,0.9545454545454546,,synthetic
synth_emp_0094,2026-03-23,Engineering,Manager,Full-Time,43.6,12,,14.2,3,3,0,0,0,7,0,0,1.0,10.0,1,0,31.4,1,27.8,23,7,0,5,8,40.3,19,31.6,3.9,67.8,0,0.0,2,0,0.509,Medium,1.0,0.9318181818181818,,synthetic
synth_emp_0095,2026-01-05,Design,Lead,Contractor,34.5,12,9.9,,0,3,0,1,0,6,0,0,1.0,7.0,0,0,42.5,0,20.7,21,2,2,2,12,6.9,11,11.2,4.8,96.5,0,0.0,1,0,0.513,Medium,1.0,0.9318181818181818,,synthetic
synth_emp_0095,2026-01-12,Design,Lead,Contractor,34.5,12,6.3,1.4,3,2,1,1,0,5,0,0,0.0,11.0,0,0,45.8,2,4.1,4,0,0,10,2,14.7,12,55.3,4.6,67.8,0,0.0,0,0,0.372,Low,1.0,0.9545454545454546,,synthetic
synth_emp_0095,2026-01-19,Design,Lead,Contractor,34.5,12,9.1,14.3,1,2,1,0,0,5,0,0,2.0,11.0,1,0,34.7,2,25.1,12,3,0,0,7,8.7,18,18.8,2.5,83.0,0,0.0,0,0,0.781,High,1.0,0.9545454545454546,,synthetic
synth_emp_0095,2026-01-26,Design,Lead,Contractor,34.5,12,9.3,7.2,3,2,0,0,0,5,0,0,0.0,15.0,1,0,38.1,0,16.6,20,4,0,9,0,,2,68.8,4.3,52.2,0,0.0,2,0,0.585,Medium,1.0,0.9318181818181818,,synthetic
synth_emp_0095,2026-02-02,Design,Lead,Contractor,34.5,12,8.9,12.0,3,1,1,1,0,7,0,0,0.0,10.0,1,0,34.8,0,3.5,45,6,0,1,6,29.0,4,2.8,2.5,45.2,0,0.0,1,0,0.856,High,1.0,0.9545454545454546,,synthetic
synth_emp_0095,2026-02-09,Design,Lead,Contractor,34.5,12,10.0,,0,0,1,2,0,7,0,0,1.0,16.0,0,0,33.8,2,3.2,18,4,1,9,1,8.2,18,3.6,2.5,80.2,0,0.0,1,0,0.458,Medium,1.0,0.9318181818181818,,synthetic
synth_emp_0095,2026-02-16,Design,Lead,Contractor,34.5,12,9.9,10.4,3,0,1,2,0,4,0,0,1.0,7.0,0,0,47.2,0,20.7,6,1,0,9,13,42.3,2,44.9,4.7,87.6,0,0.0,3,0,0.688,Medium,1.0,0.9545454545454546,,synthetic
synth_emp_0095,2026-02-23,Design,Lead,Contractor,34.5,12,7.3,1.7,2,3,0,1,0,4,0,0,1.0,20.0,1,0,36.9,2,14.9,46,3,1,5,7,13.4,4,26.4,4.6,67.6,0,0.0,1,0,0.34,Low,1.0,0.9545454545454546,,synthetic
synth_emp_0095,2026-03-02,Design,Lead,Contractor,34.5,12,,11.2,0,0,0,1,0,7,0,0,0.0,11.0,1,0,47.2,0,1.8,7,1,1,6,15,46.1,14,2.6,3.0,76.5,0,0.0,3,0,0.451,Medium,1.0,0.9318181818181818,,synthetic
synth_emp_0095,2026-03-09,Design,Lead,Contractor,34.5,12,9.5,6.0,0,3,0,2,0,6,0,0,2.0,5.0,0,0,41.6,0,8.2,38,3,5,0,7,10.9,17,30.9,2.7,53.0,0,0.0,1,0,0.788,High,1.0,0.9545454545454546,,synthetic
synth_emp_0095,2026-03-16,Design,Lead,Contractor,34.5,12,9.2,13.3,1,3,1,2,0,4,0,0,2.0,20.0,0,0,32.8,1,27.4,49,9,2,2,6,30.1,11,40.1,3.0,56.5,0,0.0,2,0,0.845,High,1.0,0.9545454545454546,,synthetic
synth_emp_0095,2026-03-23,Design,Lead,Contractor,34.5,12,6.5,1.7,1,1,1,1,0,5,0,0,2.0,20.0,0,0,37.9,2,25.2,36,13,5,3,6,44.2,4,68.7,3.6,42.0,0,0.0,1,0,0.556,Medium,1.0,0.9545454545454546,,synthetic
synth_emp_0096,2026-01-05,Marketing,Senior,Contractor,22.5,7,9.6,6.5,1,0,1,0,0,4,0,0,1.0,15.0,1,0,47.8,2,13.3,30,11,1,6,12,11.5,1,9.6,3.1,58.1,0,0.0,0,0,0.88,High,1.0,0.9545454545454546,,synthetic
synth_emp_0096,2026-01-12,Marketing,Senior,Contractor,22.5,7,9.1,1.2,0,0,1,2,0,7,0,0,0.0,8.0,1,0,37.7,0,25.8,28,1,0,6,9,34.3,2,7.3,3.8,64.0,0,0.0,0,0,0.511,Medium,1.0,0.9545454545454546,,synthetic
synth_emp_0096,2026-01-19,Marketing,Senior,Contractor,22.5,7,7.4,4.0,2,1,1,1,0,4,0,0,1.0,5.0,0,0,35.8,2,8.2,22,8,0,10,12,24.3,10,20.9,3.0,74.0,0,0.0,3,0,0.324,Low,1.0,0.9545454545454546,,synthetic
synth_emp_0096,2026-01-26,Marketing,Senior,Contractor,22.5,7,6.1,0.1,1,3,1,1,0,5,0,0,2.0,8.0,1,0,44.9,0,11.7,5,0,0,8,4,7.7,7,39.0,4.0,92.5,0,0.0,2,0,0.333,Low,1.0,0.9545454545454546,,synthetic
synth_emp_0096,2026-02-02,Marketing,Senior,Contractor,22.5,7,8.5,,2,0,0,0,0,5,0,0,1.0,13.0,0,0,34.8,2,18.9,50,11,2,8,2,19.8,8,14.4,4.2,68.4,0,0.0,3,0,0.526,Medium,1.0,0.9318181818181818,,synthetic
synth_emp_0096,2026-02-09,Marketing,Senior,Contractor,22.5,7,,2.6,1,2,1,1,0,7,0,0,1.0,15.0,1,0,32.8,0,29.4,31,11,2,7,10,42.1,11,61.0,2.4,60.6,0,0.0,0,0,0.287,Low,1.0,0.9318181818181818,,synthetic
synth_emp_0096,2026-02-16,Marketing,Senior,Contractor,22.5,7,6.4,11.1,2,2,0,0,0,6,0,0,2.0,8.0,1,0,44.2,2,6.8,45,15,5,2,14,10.2,13,20.8,4.2,76.4,0,0.0,0,0,0.692,Medium,1.0,0.9545454545454546,,synthetic
synth_emp_0096,2026-02-23,Marketing,Senior,Contractor,22.5,7,8.7,,2,2,1,1,0,4,0,0,2.0,12.0,0,0,47.1,2,9.1,5,0,0,4,3,6.5,2,50.6,4.6,50.4,0,0.0,1,0,0.514,Medium,1.0,0.9318181818181818,,synthetic
synth_emp_0096,2026-03-02,Marketing,Senior,Contractor,22.5,7,7.4,14.9,2,3,1,2,0,4,0,0,2.0,11.0,0,0,48.4,1,26.6,34,2,1,6,5,32.5,8,46.2,4.9,68.3,0,0.0,0,0,0.543,Medium,1.0,0.9545454545454546,,synthetic
synth_emp_0096,2026-03-09,Marketing,Senior,Contractor,22.5,7,8.2,10.9,2,0,0,1,0,4,0,0,0.0,18.0,0,0,31.5,1,7.7,4,1,0,6,14,46.1,20,6.8,2.3,75.0,0,0.0,1,0,0.503,Medium,1.0,0.9545454545454546,,synthetic
synth_emp_0096,2026-03-16,Marketing,Senior,Contractor,22.5,7,,5.4,2,1,0,1,0,7,0,0,1.0,20.0,1,0,30.1,1,16.8,19,1,2,1,15,10.6,20,11.4,2.7,60.1,0,0.0,0,0,0.52,Medium,1.0,0.9318181818181818,,synthetic
synth_emp_0096,2026-03-23,Marketing,Senior,Contractor,22.5,7,9.0,8.3,0,3,1,1,0,4,0,0,0.0,18.0,1,0,48.2,0,16.5,1,0,0,3,5,19.8,18,46.9,3.1,43.8,0,0.0,2,0,0.672,Medium,1.0,0.9545454545454546,,synthetic
synth_emp_0097,2026-01-05,Marketing,Manager,Full-Time,58.5,3,6.8,7.1,1,3,0,2,0,7,0,0,2.0,18.0,0,0,33.3,1,24.0,48,14,8,0,0,,18,69.4,4.7,54.1,0,0.0,2,0,0.734,High,1.0,0.9318181818181818,,synthetic
synth_emp_0097,2026-01-12,Marketing,Manager,Full-Time,58.5,3,8.7,7.4,3,2,1,1,0,7,0,0,1.0,19.0,0,0,38.5,1,10.8,19,4,3,4,5,29.7,2,55.9,3.5,70.1,0,0.0,3,0,0.754,High,1.0,0.9545454545454546,,synthetic
synth_emp_0097,2026-01-19,Marketing,Manager,Full-Time,58.5,3,7.1,5.3,3,1,1,2,0,5,0,0,0.0,11.0,0,0,46.9,1,19.9,2,0,0,4,4,36.4,11,13.2,4.8,97.1,0,0.0,1,0,0.318,Low,1.0,0.9545454545454546,,synthetic
synth_emp_0097,2026-01-26,Marketing,Manager,Full-Time,58.5,3,8.4,0.5,0,3,1,0,0,5,0,0,1.0,19.0,1,0,44.9,1,3.7,29,8,4,5,1,35.3,17,15.2,4.3,74.5,0,0.0,0,0,0.468,Medium,1.0,0.9545454545454546,,synthetic
synth_emp_0097,2026-02-02,Marketing,Manager,Full-Time,58.5,3,,12.6,1,3,1,0,0,5,0,0,1.0,9.0,0,0,40.7,1,20.9,13,2,2,2,13,29.0,16,17.4,2.4,87.2,0,0.0,1,0,0.363,Low,1.0,0.9318181818181818,,synthetic
synth_emp_0097,2026-02-09,Marketing,Manager,Full-Time,58.5,3,6.7,8.7,0,0,1,0,0,5,0,0,1.0,6.0,0,0,44.9,0,8.0,6,0,0,3,15,39.7,7,64.0,2.6,47.4,0,0.0,1,0,0.52,Medium,1.0,0.9545454545454546,,synthetic
synth_emp_0097,2026-02-16,Marketing,Manager,Full-Time,58.5,3,7.5,14.5,1,3,0,2,0,6,0,0,2.0,8.0,1,0,49.0,2,19.8,8,1,0,8,0,,0,64.4,4.0,63.2,0,0.0,2,0,0.381,Low,1.0,0.9318181818181818,,synthetic
synth_emp_0097,2026-02-23,Marketing,Manager,Full-Time,58.5,3,7.4,12.5,3,2,0,1,0,5,0,0,2.0,9.0,1,0,34.0,2,12.9,9,0,0,8,7,22.5,11,44.8,2.8,97.7,0,0.0,1,0,0.501,Medium,1.0,0.9545454545454546,,synthetic
synth_emp_0097,2026-03-02,Marketing,Manager,Full-Time,58.5,3,8.3,6.9,2,0,0,0,0,4,0,0,2.0,16.0,1,0,49.3,1,23.4,38,7,6,10,6,32.7,0,10.1,2.0,66.2,0,0.0,3,0,0.624,Medium,1.0,0.9545454545454546,,synthetic
synth_emp_0097,2026-03-09,Marketing,Manager,Full-Time,58.5,3,9.1,6.9,3,1,0,2,0,6,0,0,2.0,7.0,0,0,34.6,1,5.6,19,3,1,2,9,39.9,15,28.1,2.5,59.5,0,0.0,3,0,0.673,Medium,1.0,0.9545454545454546,,synthetic
synth_emp_0097,2026-03-16,Marketing,Manager,Full-Time,58.5,3,8.7,8.6,1,2,1,2,0,6,0,0,1.0,16.0,1,0,45.6,2,11.0,26,2,3,1,10,44.1,15,5.1,3.5,41.9,0,0.0,1,0,0.737,High,1.0,0.9545454545454546,,synthetic
synth_emp_0097,2026-03-23,Marketing,Manager,Full-Time,58.5,3,6.4,11.0,1,2,1,2,0,7,0,0,0.0,10.0,0,0,48.9,0,8.6,29,10,2,8,12,11.0,14,20.0,2.6,98.8,0,0.0,3,0,0.673,Medium,1.0,0.9545454545454546,,synthetic
synth_emp_0098,2026-01-05,Marketing,Junior,Full-Time,35.2,3,7.2,5.9,3,1,1,2,0,6,0,0,2.0,16.0,1,0,31.8,1,23.8,46,0,4,9,4,20.1,0,43.6,3.5,95.1,0,0.0,2,0,0.541,Medium,1.0,0.9545454545454546,,synthetic
synth_emp_0098,2026-01-12,Marketing,Junior,Full-Time,35.2,3,9.1,5.5,3,3,1,1,0,7,0,0,0.0,12.0,1,0,45.4,0,22.3,35,1,1,5,15,39.2,4,36.6,3.7,79.6,0,0.0,3,0,0.715,High,1.0,0.9545454545454546,,synthetic
synth_emp_0098,2026-01-19,Marketing,Junior,Full-Time,35.2,3,9.7,,1,3,1,0,0,6,0,0,1.0,6.0,1,0,40.2,2,6.4,12,2,1,0,9,35.7,12,12.2,3.0,49.0,0,0.0,0,0,0.433,Medium,1.0,0.9318181818181818,,synthetic
synth_emp_0098,2026-01-26,Marketing,Junior,Full-Time,35.2,3,8.3,10.1,1,2,1,2,0,7,0,0,2.0,15.0,0,0,49.9,0,24.6,17,2,2,10,5,13.1,11,28.6,4.5,70.3,0,0.0,0,0,0.367,Low,1.0,0.9545454545454546,,synthetic
synth_emp_0098,2026-02-02,Marketing,Junior,Full-Time,35.2,3,,3.1,0,1,1,1,0,6,0,0,1.0,13.0,1,0,38.6,2,3.7,19,3,1,1,13,0.5,13,6.8,2.5,88.7,0,0.0,0,0,0.19,Low,1.0,0.9318181818181818,,synthetic
synth_emp_0098,2026-02-09,Marketing,Junior,Full-Time,35.2,3,7.0,10.2,0,0,0,1,0,4,0,0,1.0,12.0,0,0,34.3,0,25.4,44,5,3,6,13,34.2,12,1.1,4.4,70.9,0,0.0,2,0,0.663,Medium,1.0,0.9545454545454546,,synthetic
synth_emp_0098,2026-02-16,Marketing,Junior,Full-Time,35.2,3,9.1,,0,0,0,1,0,6,0,0,1.0,8.0,0,0,48.2,2,1.6,37,5,6,10,6,38.0,2,43.4,3.8,86.2,0,0.0,0,0,0.453,Medium,1.0,0.9318181818181818,,synthetic
synth_emp_0098,2026-02-23,Marketing,Junior,Full-Time,35.2,3,7.6,5.6,3,0,1,2,0,7,0,0,0.0,20.0,0,0,40.7,2,9.3,22,2,2,2,7,40.1,19,61.4,4.1,85.1,0,0.0,2,0,0.473,Medium,1.0,0.9545454545454546,,synthetic
synth_emp_0098,2026-03-02,Marketing,Junior,Full-Time,35.2,3,,10.5,1,2,1,0,0,5,0,0,0.0,13.0,0,0,43.3,0,14.3,38,6,1,10,7,10.4,2,67.4,3.4,61.8,0,0.0,2,0,0.492,Medium,1.0,0.9318181818181818,,synthetic
synth_emp_0098,2026-03-09,Marketing,Junior,Full-Time,35.2,3,8.9,0.1,1,0,0,0,0,7,0,0,2.0,16.0,0,0,38.6,1,20.2,25,1,3,2,5,43.5,3,9.4,3.3,89.9,0,0.0,0,0,0.687,Medium,1.0,0.9545454545454546,,synthetic
synth_emp_0098,2026-03-16,Marketing,Junior,Full-Time,35.2,3,9.6,2.0,2,3,0,0,0,7,0,0,0.0,12.0,0,0,45.8,2,10.2,42,11,6,6,7,9.8,17,47.7,3.5,76.3,0,0.0,0,0,0.655,Medium,1.0,0.9545454545454546,,synthetic
synth_emp_0098,2026-03-23,Marketing,Junior,Full-Time,35.2,3,9.5,9.5,2,1,0,0,0,5,0,0,0.0,11.0,1,0,30.1,0,12.1,36,10,6,4,1,46.4,3,67.8,4.7,86.1,0,0.0,2,0,0.908,High,1.0,0.9545454545454546,,synthetic
synth_emp_0099,2026-01-05,Design,Lead,Full-Time,52.7,4,8.0,0.6,2,0,1,0,0,6,0,0,2.0,6.0,1,0,46.6,2,28.3,49,10,2,4,13,27.3,10,29.3,3.8,53.2,0,0.0,2,0,0.329,Low,1.0,0.9545454545454546,,synthetic
synth_emp_0099,2026-01-12,Design,Lead,Full-Time,52.7,4,6.2,9.1,2,3,1,1,0,5,0,0,1.0,11.0,1,0,39.1,1,18.1,17,0,0,9,0,,11,14.9,2.3,96.3,0,0.0,2,0,0.387,Low,1.0,0.9318181818181818,,synthetic
synth_emp_0099,2026-01-19,Design,Lead,Full-Time,52.7,4,8.1,1.9,3,1,1,1,0,4,0,0,0.0,17.0,1,0,32.7,2,16.2,18,4,1,6,10,28.2,0,55.5,2.9,71.3,0,0.0,2,0,0.104,Low,1.0,0.9545454545454546,,synthetic
synth_emp_0099,2026-01-26,Design,Lead,Full-Time,52.7,4,7.6,13.8,1,3,1,2,0,6,0,0,0.0,10.0,0,0,47.9,1,28.6,50,13,4,3,1,6.4,2,51.9,2.4,48.9,0,0.0,1,0,0.711,High,1.0,0.9545454545454546,,synthetic
synth_emp_0099,2026-02-02,Design,Lead,Full-Time,52.7,4,7.4,11.1,3,1,0,1,0,4,0,0,1.0,9.0,0,0,42.5,2,26.9,2,0,0,5,9,29.0,6,55.5,2.6,47.1,0,0.0,2,0,0.564,Medium,1.0,0.9545454545454546,,synthetic
synth_emp_0099,2026-02-09,Design,Lead,Full-Time,52.7,4,7.7,14.4,0,0,0,0,0,6,0,0,1.0,12.0,0,0,45.9,1,27.3,39,3,5,10,7,7.6,2,21.0,2.1,94.2,0,0.0,3,0,0.668,Medium,1.0,0.9545454545454546,,synthetic
synth_emp_0099,2026-02-16,Design,Lead,Full-Time,52.7,4,7.1,12.9,2,0,0,0,0,4,0,0,1.0,9.0,0,0,31.9,1,18.7,43,14,4,9,15,28.6,16,6.7,2.3,40.9,0,0.0,0,0,0.763,High,1.0,0.9545454545454546,,synthetic
synth_emp_0099,2026-02-23,Design,Lead,Full-Time,52.7,4,8.3,4.7,2,3,1,1,0,6,0,0,0.0,18.0,0,0,45.3,1,15.1,26,3,2,8,13,39.0,4,14.9,4.3,69.6,0,0.0,1,0,0.304,Low,1.0,0.9545454545454546,,synthetic
synth_emp_0099,2026-03-02,Design,Lead,Full-Time,52.7,4,7.2,9.6,1,0,1,0,0,5,0,0,1.0,15.0,1,0,34.6,2,15.8,12,1,0,8,14,46.6,15,12.3,5.0,66.5,0,0.0,3,0,0.504,Medium,1.0,0.9545454545454546,,synthetic
synth_emp_0099,2026-03-09,Design,Lead,Full-Time,52.7,4,9.7,8.0,3,0,0,0,0,7,0,0,1.0,11.0,0,0,43.7,0,21.5,34,7,3,6,10,34.1,17,26.6,2.6,62.3,0,0.0,1,0,1.0,High,1.0,0.9545454545454546,,synthetic
synth_emp_0099,2026-03-16,Design,Lead,Full-Time,52.7,4,6.4,7.2,0,0,0,1,0,4,0,0,1.0,14.0,1,0,32.8,2,11.5,18,5,3,4,8,38.0,11,51.3,2.9,95.9,0,0.0,1,0,0.529,Medium,1.0,0.9545454545454546,,synthetic
synth_emp_0099,2026-03-23,Design,Lead,Full-Time,52.7,4,,12.8,2,3,0,2,0,7,0,0,2.0,19.0,0,0,31.8,0,22.4,6,1,0,10,11,11.3,9,17.1,2.9,76.0,0,0.0,2,0,0.546,Medium,1.0,0.9318181818181818,,synthetic
synth_emp_0100,2026-01-05,Sales,Senior,Contractor,38.0,11,6.4,7.7,1,3,1,0,0,7,0,0,1.0,12.0,0,0,39.8,1,17.5,3,1,0,0,4,6.0,6,16.2,2.5,51.2,0,0.0,2,0,0.472,Medium,1.0,0.9545454545454546,,synthetic
synth_emp_0100,2026-01-12,Sales,Senior,Contractor,38.0,11,6.2,0.2,1,3,1,1,0,7,0,0,1.0,20.0,1,0,30.1,0,6.6,28,2,0,6,9,35.3,13,62.0,4.9,61.2,0,0.0,0,0,0.364,Low,1.0,0.9545454545454546,,synthetic
synth_emp_0100,2026-01-19,Sales,Senior,Contractor,38.0,11,,5.7,1,0,0,2,0,7,0,0,2.0,10.0,1,0,41.1,1,22.9,45,2,7,2,4,6.2,13,19.6,4.4,75.9,0,0.0,1,0,0.74,High,1.0,0.9318181818181818,,synthetic
synth_emp_0100,2026-01-26,Sales,Senior,Contractor,38.0,11,9.6,5.4,3,3,1,0,0,6,0,0,2.0,16.0,0,0,31.9,0,7.6,37,14,3,4,5,32.0,6,71.9,3.6,83.6,0,0.0,0,0,0.811,High,1.0,0.9545454545454546,,synthetic
synth_emp_0100,2026-02-02,Sales,Senior,Contractor,38.0,11,8.1,12.9,3,1,1,2,0,4,0,0,1.0,5.0,1,0,41.2,2,28.1,27,3,0,6,8,9.1,8,45.4,3.6,45.0,0,0.0,3,0,0.309,Low,1.0,0.9545454545454546,,synthetic
synth_emp_0100,2026-02-09,Sales,Senior,Contractor,38.0,11,8.3,11.1,3,1,0,0,0,7,0,0,0.0,17.0,1,0,41.5,0,14.7,35,11,4,7,8,8.4,13,37.9,3.4,62.0,0,0.0,1,0,0.787,High,1.0,0.9545454545454546,,synthetic
synth_emp_0100,2026-02-16,Sales,Senior,Contractor,38.0,11,8.2,,0,2,0,1,0,7,0,0,0.0,11.0,0,0,42.2,0,20.4,49,6,4,7,2,28.3,12,9.2,4.6,42.0,0,0.0,0,0,0.466,Medium,1.0,0.9318181818181818,,synthetic
synth_emp_0100,2026-02-23,Sales,Senior,Contractor,38.0,11,,5.0,2,3,0,0,0,6,0,0,2.0,5.0,0,0,30.1,2,15.7,33,12,2,6,5,36.1,3,57.8,3.2,89.2,0,0.0,2,0,0.374,Low,1.0,0.9318181818181818,,synthetic
synth_emp_0100,2026-03-02,Sales,Senior,Contractor,38.0,11,8.8,,1,0,1,1,0,7,0,0,1.0,12.0,1,0,39.0,0,17.5,40,15,5,6,2,16.8,3,4.2,2.5,51.6,0,0.0,1,0,0.872,High,1.0,0.9318181818181818,,synthetic
synth_emp_0100,2026-03-09,Sales,Senior,Contractor,38.0,11,6.9,5.5,3,0,1,1,0,7,0,0,2.0,11.0,0,0,45.4,1,14.0,24,5,2,1,5,43.1,3,49.4,2.9,77.1,0,0.0,3,0,0.573,Medium,1.0,0.9545454545454546,,synthetic
synth_emp_0100,2026-03-16,Sales,Senior,Contractor,38.0,11,6.8,11.0,3,0,0,2,0,6,0,0,2.0,20.0,0,0,48.8,2,11.4,26,0,5,7,13,24.6,18,21.8,2.6,81.8,0,0.0,1,0,0.572,Medium,1.0,0.9545454545454546,,synthetic
synth_emp_0100,2026-03-23,Sales,Senior,Contractor,38.0,11,7.6,7.4,2,3,1,2,0,6,0,0,2.0,19.0,1,0,37.7,1,24.6,10,1,0,10,12,40.4,8,70.0,4.2,60.9,0,0.0,1,0,0.497,Medium,1.0,0.9545454545454546,,synthetic
synth_emp_0101,2026-01-05,Design,Lead,Contractor,51.9,3,6.5,,2,3,1,0,0,6,0,0,1.0,5.0,0,0,38.8,1,8.4,23,2,2,0,0,,15,38.3,3.1,71.9,0,0.0,1,0,0.268,Low,1.0,0.9090909090909091,,synthetic
synth_emp_0101,2026-01-12,Design,Lead,Contractor,51.9,3,7.5,2.8,0,2,0,1,0,5,0,0,1.0,11.0,0,0,49.4,1,2.6,46,11,2,0,12,14.9,12,16.5,4.4,82.4,0,0.0,0,0,0.472,Medium,1.0,0.9545454545454546,,synthetic
synth_emp_0101,2026-01-19,Design,Lead,Contractor,51.9,3,6.2,2.1,1,2,1,1,0,6,0,0,2.0,18.0,1,0,43.8,1,25.9,23,4,3,0,14,30.5,7,16.5,4.6,48.2,0,0.0,3,0,0.38,Low,1.0,0.9545454545454546,,synthetic
synth_emp_0101,2026-01-26,Design,Lead,Contractor,51.9,3,9.1,4.0,0,0,0,2,0,7,0,0,1.0,6.0,1,0,46.1,0,20.5,21,4,3,9,9,39.4,10,9.2,2.9,71.1,0,0.0,3,0,0.471,Medium,1.0,0.9545454545454546,,synthetic
synth_emp_0101,2026-02-02,Design,Lead,Contractor,51.9,3,8.5,2.9,2,3,1,1,0,7,0,0,2.0,11.0,1,0,30.5,1,20.1,15,5,0,10,2,13.0,5,30.1,2.6,68.0,0,0.0,3,0,0.164,Low,1.0,0.9545454545454546,,synthetic
synth_emp_0101,2026-02-09,Design,Lead,Contractor,51.9,3,7.9,7.1,1,3,0,0,0,4,0,0,0.0,11.0,1,0,39.2,1,17.9,30,1,5,9,3,45.2,16,69.5,4.9,46.1,0,0.0,1,0,0.63,Medium,1.0,0.9545454545454546,,synthetic
synth_emp_0101,2026-02-16,Design,Lead,Contractor,51.9,3,7.0,7.5,0,0,1,2,0,6,0,0,0.0,5.0,1,0,35.3,1,1.1,0,0,0,7,0,,16,15.6,3.6,78.7,0,0.0,3,0,0.447,Medium,1.0,0.9318181818181818,,synthetic
synth_emp_0101,2026-02-23,Design,Lead,Contractor,51.9,3,7.1,12.1,2,2,0,1,0,6,0,0,2.0,9.0,1,0,33.7,0,18.4,14,1,2,3,11,22.5,3,62.5,3.7,89.2,0,0.0,1,0,0.43,Medium,1.0,0.9545454545454546,,synthetic
synth_emp_0101,2026-03-02,Design,Lead,Contractor,51.9,3,9.1,3.8,2,2,1,0,0,6,0,0,2.0,11.0,0,0,34.0,0,29.2,47,17,4,0,10,35.9,14,45.5,3.1,40.3,0,0.0,2,0,0.751,High,1.0,0.9545454545454546,,synthetic
synth_emp_0101,2026-03-09,Design,Lead,Contractor,51.9,3,8.5,1.9,3,3,0,0,0,4,0,0,2.0,10.0,0,0,37.2,1,10.6,23,1,3,0,1,43.2,7,3.1,3.8,75.6,0,0.0,2,0,0.432,Medium,1.0,0.9545454545454546,,synthetic
synth_emp_0101,2026-03-16,Design,Lead,Contractor,51.9,3,9.2,,2,1,0,2,0,6,0,0,0.0,5.0,1,0,32.6,0,19.9,11,3,0,8,5,1.7,4,50.7,4.3,81.6,0,0.0,3,0,0.344,Low,1.0,0.9318181818181818,,synthetic
synth_emp_0101,2026-03-23,Design,Lead,Contractor,51.9,3,6.5,4.5,2,2,1,2,0,7,0,0,0.0,16.0,1,0,45.1,1,18.0,7,2,0,3,7,43.7,18,58.6,4.8,49.0,0,0.0,2,0,0.117,Low,1.0,0.9545454545454546,,synthetic
synth_emp_0102,2026-01-05,Design,Mid,Full-Time,23.1,4,7.9,2.8,0,2,0,1,0,6,0,0,2.0,19.0,1,0,45.5,2,19.8,32,11,2,1,8,41.0,10,65.3,3.8,54.6,0,0.0,0,0,0.426,Medium,1.0,0.9545454545454546,,synthetic
synth_emp_0102,2026-01-12,Design,Mid,Full-Time,23.1,4,8.9,9.3,0,2,1,2,0,4,0,0,2.0,15.0,0,0,40.2,0,19.6,19,1,1,4,12,5.4,13,51.5,2.1,95.0,0,0.0,0,0,0.74,High,1.0,0.9545454545454546,,synthetic
synth_emp_0102,2026-01-19,Design,Mid,Full-Time,23.1,4,9.4,5.4,0,0,0,2,0,5,0,0,1.0,19.0,1,0,36.0,1,18.8,50,7,6,7,6,18.0,8,27.4,4.6,62.2,0,0.0,0,0,0.9,High,1.0,0.9545454545454546,,synthetic
synth_emp_0102,2026-01-26,Design,Mid,Full-Time,23.1,4,8.1,4.3,0,2,1,1,0,6,0,0,2.0,14.0,1,0,39.2,1,27.7,37,12,1,1,15,29.7,13,31.3,2.6,73.8,0,0.0,3,0,0.255,Low,1.0,0.9545454545454546,,synthetic
synth_emp_0102,2026-02-02,Design,Mid,Full-Time,23.1,4,8.0,5.5,2,0,1,1,0,4,0,0,0.0,9.0,1,0,33.0,1,11.9,14,1,0,3,5,37.4,2,67.9,4.5,96.9,0,0.0,1,0,0.429,Medium,1.0,0.9545454545454546,,synthetic
synth_emp_0102,2026-02-09,Design,Mid,Full-Time,23.1,4,8.0,12.3,2,2,1,1,0,7,0,0,0.0,8.0,1,0,49.8,2,6.4,3,0,0,5,10,26.9,15,50.7,4.6,64.9,0,0.0,0,0,0.537,Medium,1.0,0.9545454545454546,,synthetic
synth_emp_0102,2026-02-16,Design,Mid,Full-Time,23.1,4,9.1,0.1,1,0,1,0,0,6,0,0,1.0,20.0,1,0,45.3,0,18.8,47,10,0,9,13,36.6,14,42.4,2.7,73.4,0,0.0,0,0,0.465,Medium,1.0,0.9545454545454546,,synthetic
synth_emp_0102,2026-02-23,Design,Mid,Full-Time,23.1,4,8.5,13.1,0,0,1,1,0,5,0,0,2.0,7.0,0,0,32.2,0,5.2,42,11,0,2,11,31.2,12,21.2,2.1,82.5,0,0.0,1,0,0.457,Medium,1.0,0.9545454545454546,,synthetic
synth_emp_0102,2026-03-02,Design,Mid,Full-Time,23.1,4,9.8,7.5,1,0,0,2,0,6,0,0,1.0,19.0,0,0,45.1,1,23.2,2,0,0,6,7,26.3,12,18.6,4.6,92.8,0,0.0,1,0,0.691,Medium,1.0,0.9545454545454546,,synthetic
synth_emp_0102,2026-03-09,Design,Mid,Full-Time,23.1,4,8.2,10.5,1,3,1,1,0,4,0,0,1.0,19.0,0,0,45.3,0,22.8,11,1,1,9,12,21.2,13,29.9,3.3,87.1,0,0.0,2,0,0.444,Medium,1.0,0.9545454545454546,,synthetic
synth_emp_0102,2026-03-16,Design,Mid,Full-Time,23.1,4,8.7,6.7,0,2,1,1,0,5,0,0,2.0,15.0,0,0,31.8,1,9.9,19,2,2,6,9,18.9,12,23.1,2.4,76.9,0,0.0,0,0,0.634,Medium,1.0,0.9545454545454546,,synthetic
synth_emp_0102,2026-03-23,Design,Mid,Full-Time,23.1,4,8.5,8.8,3,3,1,2,0,4,0,0,0.0,10.0,0,0,41.5,0,7.3,0,0,0,10,12,13.2,20,70.2,3.9,56.0,0,0.0,3,0,0.587,Medium,1.0,0.9545454545454546,,synthetic
synth_emp_0103,2026-01-05,Product,Mid,Full-Time,14.4,6,8.8,0.8,2,3,0,0,0,6,0,0,1.0,15.0,1,0,43.7,1,20.3,24,6,0,7,13,23.9,12,47.3,4.0,87.4,0,0.0,2,0,0.54,Medium,1.0,0.9545454545454546,,synthetic
synth_emp_0103,2026-01-12,Product,Mid,Full-Time,14.4,6,7.8,10.2,3,3,1,2,0,6,0,0,2.0,13.0,0,0,49.4,0,5.0,3,1,0,0,4,44.0,11,30.2,2.8,66.1,0,0.0,1,0,0.491,Medium,1.0,0.9545454545454546,,synthetic
synth_emp_0103,2026-01-19,Product,Mid,Full-Time,14.4,6,9.2,0.9,0,2,0,0,0,5,0,0,1.0,7.0,0,0,41.4,2,10.4,9,0,1,10,13,21.5,0,58.1,3.2,77.6,0,0.0,1,0,0.437,Medium,1.0,0.9545454545454546,,synthetic
synth_emp_0103,2026-01-26,Product,Mid,Full-Time,14.4,6,9.5,0.7,3,3,1,2,0,5,0,0,0.0,20.0,0,0,45.6,0,6.2,5,1,0,8,5,40.1,3,1.1,2.1,98.9,0,0.0,0,0,0.513,Medium,1.0,0.9545454545454546,,synthetic
synth_emp_0103,2026-02-02,Product,Mid,Full-Time,14.4,6,8.0,,2,3,1,2,0,4,0,0,1.0,9.0,1,0,30.4,0,10.5,9,0,0,9,8,17.1,13,7.8,2.3,57.4,0,0.0,2,0,0.37,Low,1.0,0.9318181818181818,,synthetic
synth_emp_0103,2026-02-09,Product,Mid,Full-Time,14.4,6,8.0,4.7,0,0,0,0,0,4,0,0,1.0,19.0,1,0,36.8,0,24.7,0,0,0,1,11,6.4,9,71.9,2.7,90.1,0,0.0,0,0,0.112,Low,1.0,0.9545454545454546,,synthetic
synth_emp_0103,2026-02-16,Product,Mid,Full-Time,14.4,6,6.3,4.2,1,1,1,0,0,7,0,0,1.0,15.0,0,0,38.4,0,7.5,5,0,0,5,11,19.4,10,25.0,3.3,96.4,0,0.0,0,0,0.113,Low,1.0,0.9545454545454546,,synthetic
synth_emp_0103,2026-02-23,Product,Mid,Full-Time,14.4,6,7.6,11.2,2,3,1,0,0,7,0,0,2.0,5.0,1,0,39.2,0,23.2,9,1,0,2,0,,2,50.5,2.3,63.0,0,0.0,1,0,0.302,Low,1.0,0.9318181818181818,,synthetic
synth_emp_0103,2026-03-02,Product,Mid,Full-Time,14.4,6,9.9,11.9,2,2,1,0,0,7,0,0,1.0,20.0,0,0,47.9,2,8.9,36,11,5,2,7,1.3,3,51.1,2.7,48.9,0,0.0,1,0,1.0,High,1.0,0.9545454545454546,,synthetic
synth_emp_0103,2026-03-09,Product,Mid,Full-Time,14.4,6,7.1,11.8,0,2,0,2,0,4,0,0,1.0,14.0,0,0,45.6,0,1.5,40,14,2,3,3,27.7,6,21.2,4.3,83.4,0,0.0,1,0,0.493,Medium,1.0,0.9545454545454546,,synthetic
synth_emp_0103,2026-03-16,Product,Mid,Full-Time,14.4,6,6.8,4.7,0,2,0,1,0,6,0,0,0.0,19.0,1,0,30.7,2,4.4,45,13,6,7,6,22.6,0,59.8,4.2,66.5,0,0.0,0,0,0.661,Medium,1.0,0.9545454545454546,,synthetic
synth_emp_0103,2026-03-23,Product,Mid,Full-Time,14.4,6,7.4,9.3,3,0,1,2,0,6,0,0,1.0,8.0,1,0,37.6,1,11.2,35,12,5,5,7,41.5,19,7.7,4.9,54.2,0,0.0,1,0,0.876,High,1.0,0.9545454545454546,,synthetic
synth_emp_0104,2026-01-05,Engineering,Junior,Full-Time,41.5,8,8.4,9.1,3,2,1,0,0,6,0,0,2.0,14.0,0,0,37.7,2,21.5,35,2,5,10,2,23.7,9,66.9,4.6,89.7,0,0.0,2,0,0.514,Medium,1.0,0.9545454545454546,,synthetic
synth_emp_0104,2026-01-12,Engineering,Junior,Full-Time,41.5,8,9.7,0.3,1,0,1,2,0,6,0,0,1.0,9.0,0,0,39.0,2,19.8,31,10,6,2,11,0.8,13,2.9,2.4,95.9,0,0.0,3,0,0.678,Medium,1.0,0.9545454545454546,,synthetic
synth_emp_0104,2026-01-19,Engineering,Junior,Full-Time,41.5,8,9.3,,0,1,1,0,0,4,0,0,2.0,13.0,0,0,46.3,0,19.6,35,6,6,0,0,,1,62.9,5.0,70.0,0,0.0,3,0,0.822,High,1.0,0.9090909090909091,,synthetic
synth_emp_0104,2026-01-26,Engineering,Junior,Full-Time,41.5,8,8.1,12.7,0,0,1,2,0,7,0,0,0.0,17.0,0,0,47.6,0,3.2,42,11,4,5,14,39.6,13,47.0,4.3,76.0,0,0.0,3,0,0.855,High,1.0,0.9545454545454546,,synthetic
synth_emp_0104,2026-02-02,Engineering,Junior,Full-Time,41.5,8,6.1,3.0,1,0,1,0,0,5,0,0,1.0,17.0,0,0,47.1,2,25.0,20,7,1,10,3,47.5,14,57.6,4.2,86.9,0,0.0,1,0,0.495,Medium,1.0,0.9545454545454546,,synthetic
synth_emp_0104,2026-02-09,Engineering,Junior,Full-Time,41.5,8,6.2,6.4,0,1,0,1,0,7,0,0,1.0,19.0,1,0,40.0,2,7.2,47,4,7,9,13,30.9,19,48.3,4.8,79.3,0,0.0,2,0,0.507,Medium,1.0,0.9545454545454546,,synthetic
synth_emp_0104,2026-02-16,Engineering,Junior,Full-Time,41.5,8,6.9,8.7,1,0,1,1,0,7,0,0,2.0,8.0,0,0,37.6,1,3.4,30,9,1,1,4,37.2,18,30.8,3.8,51.3,0,0.0,2,0,0.703,High,1.0,0.9545454545454546,,synthetic
synth_emp_0104,2026-02-23,Engineering,Junior,Full-Time,41.5,8,6.2,3.7,3,2,0,0,0,6,0,0,1.0,10.0,1,0,43.8,0,4.1,35,6,1,10,10,31.0,8,56.1,4.9,55.2,0,0.0,0,0,0.409,Medium,1.0,0.9545454545454546,,synthetic
synth_emp_0104,2026-03-02,Engineering,Junior,Full-Time,41.5,8,8.2,12.8,1,1,0,2,0,5,0,0,0.0,19.0,1,0,40.2,1,27.2,37,2,5,0,3,22.0,7,41.3,2.8,83.3,0,0.0,3,0,0.621,Medium,1.0,0.9545454545454546,,synthetic
synth_emp_0104,2026-03-09,Engineering,Junior,Full-Time,41.5,8,9.0,4.7,3,2,0,0,0,5,0,0,2.0,14.0,0,0,36.0,1,6.2,30,8,2,3,15,37.6,16,66.7,2.2,81.4,0,0.0,3,0,0.619,Medium,1.0,0.9545454545454546,,synthetic
synth_emp_0104,2026-03-16,Engineering,Junior,Full-Time,41.5,8,9.4,14.5,2,3,1,1,0,5,0,0,2.0,13.0,0,0,34.0,0,12.2,10,0,0,6,1,35.3,14,70.3,4.4,72.2,0,0.0,2,0,0.556,Medium,1.0,0.9545454545454546,,synthetic
synth_emp_0104,2026-03-23,Engineering,Junior,Full-Time,41.5,8,,4.1,0,0,1,0,0,7,0,0,2.0,20.0,1,0,42.4,1,8.4,49,18,6,9,8,13.1,4,9.1,4.9,46.4,0,0.0,0,0,0.432,Medium,1.0,0.9318181818181818,,synthetic
synth_emp_0105,2026-01-05,Sales,Manager,Contractor,37.1,12,6.9,12.7,0,0,0,1,0,7,0,0,0.0,11.0,1,0,39.2,1,1.6,40,9,2,1,10,10.5,13,21.3,4.8,81.2,0,0.0,3,0,0.542,Medium,1.0,0.9545454545454546,,synthetic
synth_emp_0105,2026-01-12,Sales,Manager,Contractor,37.1,12,9.3,4.9,2,2,1,2,0,5,0,0,0.0,12.0,1,0,30.1,0,22.5,26,10,0,3,5,46.2,9,17.3,3.2,94.8,0,0.0,2,0,0.699,Medium,1.0,0.9545454545454546,,synthetic
synth_emp_0105,2026-01-19,Sales,Manager,Contractor,37.1,12,7.0,10.8,0,0,1,2,0,6,0,0,0.0,17.0,0,0,36.7,0,7.8,3,0,0,1,7,44.5,5,1.0,2.5,57.5,0,0.0,0,0,0.458,Medium,1.0,0.9545454545454546,,synthetic
synth_emp_0105,2026-01-26,Sales,Manager,Contractor,37.1,12,7.6,0.6,2,2,0,0,0,5,0,0,2.0,11.0,1,0,37.8,2,24.1,38,5,1,2,2,25.6,16,25.2,4.8,88.0,0,0.0,0,0,0.386,Low,1.0,0.9545454545454546,,synthetic
synth_emp_0105,2026-02-02,Sales,Manager,Contractor,37.1,12,7.7,4.8,0,2,0,2,0,6,0,0,2.0,10.0,0,0,31.7,2,25.9,7,1,0,10,11,35.0,3,47.2,2.5,75.0,0,0.0,2,0,0.265,Low,1.0,0.9545454545454546,,synthetic
synth_emp_0105,2026-02-09,Sales,Manager,Contractor,37.1,12,7.2,11.3,0,2,0,1,0,6,0,0,0.0,5.0,0,0,46.6,2,0.9,13,4,2,7,12,43.3,9,64.2,2.5,77.2,0,0.0,2,0,0.474,Medium,1.0,0.9545454545454546,,synthetic
synth_emp_0105,2026-02-16,Sales,Manager,Contractor,37.1,12,7.7,7.7,1,3,0,2,0,4,0,0,0.0,17.0,1,0,47.7,1,28.5,33,5,2,1,9,26.3,13,23.2,2.8,78.4,0,0.0,0,0,0.507,Medium,1.0,0.9545454545454546,,synthetic
synth_emp_0105,2026-02-23,Sales,Manager,Contractor,37.1,12,9.9,2.2,2,1,0,0,0,6,0,0,1.0,10.0,0,0,35.8,2,7.5,7,1,0,0,3,5.2,4,11.5,4.2,84.1,0,0.0,2,0,0.318,Low,1.0,0.9545454545454546,,synthetic
synth_emp_0105,2026-03-02,Sales,Manager,Contractor,37.1,12,9.8,1.2,2,1,0,2,0,7,0,0,1.0,6.0,1,0,39.5,0,9.3,15,5,0,2,4,15.4,19,66.2,2.6,99.6,0,0.0,3,0,0.581,Medium,1.0,0.9545454545454546,,synthetic
synth_emp_0105,2026-03-09,Sales,Manager,Contractor,37.1,12,9.6,5.9,0,3,1,0,0,6,0,0,2.0,6.0,0,0,34.8,0,21.0,30,3,5,5,15,23.6,2,2.3,4.0,88.2,0,0.0,3,0,0.69,Medium,1.0,0.9545454545454546,,synthetic
synth_emp_0105,2026-03-16,Sales,Manager,Contractor,37.1,12,6.6,12.1,1,1,1,1,0,5,0,0,2.0,15.0,0,0,34.4,2,3.1,8,1,0,8,11,14.2,5,57.4,3.5,51.4,0,0.0,3,0,0.319,Low,1.0,0.9545454545454546,,synthetic
synth_emp_0105,2026-03-23,Sales,Manager,Contractor,37.1,12,9.9,11.7,0,2,0,2,0,5,0,0,1.0,19.0,0,0,31.6,2,18.1,29,6,2,9,0,,7,6.0,2.2,65.6,0,0.0,1,0,0.793,High,1.0,0.9318181818181818,,synthetic
synth_emp_0106,2026-01-05,Engineering,Mid,Contractor,15.7,10,7.4,14.8,2,2,1,0,0,6,0,0,1.0,17.0,1,0,44.1,1,3.8,41,0,3,1,0,,7,39.8,2.0,59.5,0,0.0,2,0,0.667,Medium,1.0,0.9318181818181818,,synthetic
synth_emp_0106,2026-01-12,Engineering,Mid,Contractor,15.7,10,,3.9,2,2,0,0,0,5,0,0,2.0,6.0,1,0,42.2,1,8.8,17,5,0,9,5,8.2,13,15.8,4.1,46.6,0,0.0,0,0,0.211,Low,1.0,0.9318181818181818,,synthetic
synth_emp_0106,2026-01-19,Engineering,Mid,Contractor,15.7,10,,4.6,0,2,0,1,0,4,0,0,1.0,12.0,1,0,47.7,0,4.2,6,1,1,4,13,11.4,4,30.8,4.1,90.6,0,0.0,3,0,0.327,Low,1.0,0.9318181818181818,,synthetic
synth_emp_0106,2026-01-26,Engineering,Mid,Contractor,15.7,10,9.8,3.0,0,1,1,1,0,7,0,0,2.0,15.0,0,0,49.1,0,2.1,43,2,5,2,3,7.1,14,54.2,4.8,65.4,0,0.0,3,0,0.474,Medium,1.0,0.9545454545454546,,synthetic
synth_emp_0106,2026-02-02,Engineering,Mid,Contractor,15.7,10,6.9,,3,1,0,0,0,7,0,0,2.0,15.0,1,0,43.5,0,0.8,38,12,1,8,3,43.1,3,37.2,2.1,82.3,0,0.0,2,0,0.549,Medium,1.0,0.9318181818181818,,synthetic
synth_emp_0106,2026-02-09,Engineering,Mid,Contractor,15.7,10,7.5,,0,0,1,0,0,5,0,0,2.0,13.0,1,0,31.3,2,16.5,2,0,0,8,4,15.0,14,46.5,3.9,51.0,0,0.0,0,0,0.312,Low,1.0,0.9318181818181818,,synthetic
synth_emp_0106,2026-02-16,Engineering,Mid,Contractor,15.7,10,8.4,13.7,2,3,1,0,0,5,0,0,1.0,14.0,0,0,32.1,1,10.8,0,0,0,0,0,,0,21.9,3.2,43.9,0,0.0,2,0,0.384,Low,1.0,0.9318181818181818,,synthetic
synth_emp_0106,2026-02-23,Engineering,Mid,Contractor,15.7,10,6.5,5.0,1,1,0,2,0,6,0,0,1.0,19.0,0,0,43.1,1,11.3,47,8,2,1,1,34.7,16,57.9,3.8,85.5,0,0.0,3,0,0.478,Medium,1.0,0.9545454545454546,,synthetic
synth_emp_0106,2026-03-02,Engineering,Mid,Contractor,15.7,10,9.6,7.4,0,1,0,2,0,4,0,0,2.0,12.0,1,0,42.9,0,1.3,30,8,5,8,2,10.8,15,17.0,2.8,47.0,0,0.0,2,0,0.944,High,1.0,0.9545454545454546,,synthetic
synth_emp_0106,2026-03-09,Engineering,Mid,Contractor,15.7,10,9.0,7.6,0,3,1,1,0,4,0,0,0.0,8.0,1,0,47.5,1,15.3,5,1,0,9,7,13.8,6,65.4,2.3,99.1,0,0.0,2,0,0.662,Medium,1.0,0.9545454545454546,,synthetic
synth_emp_0106,2026-03-16,Engineering,Mid,Contractor,15.7,10,7.6,5.4,2,2,0,1,0,5,0,0,2.0,15.0,1,0,47.9,0,4.2,17,5,2,0,7,28.2,14,69.4,2.2,61.3,0,0.0,3,0,0.434,Medium,1.0,0.9545454545454546,,synthetic
synth_emp_0106,2026-03-23,Engineering,Mid,Contractor,15.7,10,7.1,,2,2,0,1,0,7,0,0,1.0,19.0,0,0,42.9,2,4.1,22,3,2,1,10,36.4,1,53.6,3.4,48.4,0,0.0,0,0,0.302,Low,1.0,0.9318181818181818,,synthetic
synth_emp_0107,2026-01-05,Design,Junior,Contractor,30.2,4,9.1,1.6,2,0,0,2,0,6,0,0,2.0,18.0,1,0,39.7,2,12.6,28,4,2,4,0,,4,69.2,2.4,57.5,0,0.0,3,0,0.568,Medium,1.0,0.9318181818181818,,synthetic
synth_emp_0107,2026-01-12,Design,Junior,Contractor,30.2,4,,8.2,0,1,0,0,0,6,0,0,1.0,6.0,1,0,43.2,0,23.6,30,0,4,0,3,24.3,14,18.3,2.9,62.6,0,0.0,3,0,0.59,Medium,1.0,0.9318181818181818,,synthetic
synth_emp_0107,2026-01-19,Design,Junior,Contractor,30.2,4,8.3,7.2,0,2,0,2,0,4,0,0,1.0,19.0,0,0,35.2,2,4.8,16,3,2,7,1,36.4,0,21.1,3.6,46.3,0,0.0,1,0,0.492,Medium,1.0,0.9545454545454546,,synthetic
synth_emp_0107,2026-01-26,Design,Junior,Contractor,30.2,4,,11.5,2,0,0,0,0,7,0,0,1.0,7.0,1,0,31.1,0,8.1,18,1,0,7,8,44.3,8,15.0,4.5,61.2,0,0.0,3,0,0.507,Medium,1.0,0.9318181818181818,,synthetic
synth_emp_0107,2026-02-02,Design,Junior,Contractor,30.2,4,7.9,,1,1,0,0,0,6,0,0,1.0,8.0,0,0,32.3,0,19.2,50,19,6,0,6,18.5,12,1.8,2.3,84.2,0,0.0,1,0,0.495,Medium,1.0,0.9318181818181818,,synthetic
synth_emp_0107,2026-02-09,Design,Junior,Contractor,30.2,4,,,3,3,0,2,0,6,0,0,0.0,13.0,0,0,36.3,1,3.6,8,0,1,6,9,13.1,3,69.4,2.9,85.9,0,0.0,2,0,0.294,Low,1.0,0.9090909090909091,,synthetic
synth_emp_0107,2026-02-16,Design,Junior,Contractor,30.2,4,6.6,1.3,2,1,1,2,0,5,0,0,2.0,16.0,0,0,40.7,1,25.5,17,5,1,9,6,21.3,9,69.7,2.5,51.5,0,0.0,1,0,0.332,Low,1.0,0.9545454545454546,,synthetic
synth_emp_0107,2026-02-23,Design,Junior,Contractor,30.2,4,7.5,5.2,0,2,0,1,0,6,0,0,0.0,20.0,0,0,41.7,2,24.6,3,0,0,3,10,42.1,11,19.4,4.4,57.7,0,0.0,1,0,0.351,Low,1.0,0.9545454545454546,,synthetic
synth_emp_0107,2026-03-02,Design,Junior,Contractor,30.2,4,7.1,7.4,1,0,1,1,0,6,0,0,0.0,6.0,1,0,30.2,2,16.0,30,3,4,8,8,27.4,4,28.7,3.6,47.6,0,0.0,3,0,0.529,Medium,1.0,0.9545454545454546,,synthetic
synth_emp_0107,2026-03-09,Design,Junior,Contractor,30.2,4,7.5,6.9,3,0,0,0,0,4,0,0,0.0,13.0,0,0,39.4,1,7.6,14,4,2,5,11,43.4,6,43.8,2.1,85.3,0,0.0,0,0,0.56,Medium,1.0,0.9545454545454546,,synthetic
synth_emp_0107,2026-03-16,Design,Junior,Contractor,30.2,4,10.0,12.2,3,1,1,2,0,4,0,0,2.0,20.0,1,0,34.0,2,11.8,9,3,1,0,14,2.0,6,10.4,2.2,89.5,0,0.0,2,0,0.669,Medium,1.0,0.9545454545454546,,synthetic
synth_emp_0107,2026-03-23,Design,Junior,Contractor,30.2,4,8.5,8.0,3,0,1,2,0,6,0,0,2.0,18.0,1,0,36.7,1,18.1,17,6,1,5,11,7.9,19,26.1,3.4,70.4,0,0.0,0,0,0.727,High,1.0,0.9545454545454546,,synthetic
synth_emp_0108,2026-01-05,Product,Lead,Full-Time,43.8,10,7.2,9.9,2,0,0,0,0,5,0,0,1.0,9.0,1,0,37.7,1,12.3,9,1,0,4,7,6.8,0,55.4,2.8,42.4,0,0.0,3,0,0.344,Low,1.0,0.9545454545454546,,synthetic
synth_emp_0108,2026-01-12,Product,Lead,Full-Time,43.8,10,7.5,,1,1,0,0,0,7,0,0,2.0,14.0,1,0,41.8,0,23.8,35,5,3,8,3,46.3,4,32.4,4.8,65.2,0,0.0,3,0,0.355,Low,1.0,0.9318181818181818,,synthetic
synth_emp_0108,2026-01-19,Product,Lead,Full-Time,43.8,10,6.7,4.8,3,1,1,2,0,5,0,0,0.0,16.0,0,0,30.8,0,11.4,16,1,2,7,14,9.7,14,54.7,2.2,51.6,0,0.0,2,0,0.336,Low,1.0,0.9545454545454546,,synthetic
synth_emp_0108,2026-01-26,Product,Lead,Full-Time,43.8,10,8.8,13.2,2,2,1,0,0,4,0,0,0.0,16.0,0,0,30.1,2,16.8,42,13,8,1,10,10.8,17,33.2,2.1,88.6,0,0.0,2,0,0.949,High,1.0,0.9545454545454546,,synthetic
synth_emp_0108,2026-02-02,Product,Lead,Full-Time,43.8,10,,12.6,3,1,1,0,0,6,0,0,2.0,15.0,0,0,47.9,0,20.5,29,5,4,7,7,5.5,11,44.1,4.5,81.8,0,0.0,1,0,0.489,Medium,1.0,0.9318181818181818,,synthetic
synth_emp_0108,2026-02-09,Product,Lead,Full-Time,43.8,10,8.9,,0,2,1,0,0,5,0,0,2.0,15.0,1,0,45.4,0,7.0,3,0,0,1,15,4.6,10,58.6,4.7,93.6,0,0.0,3,0,0.347,Low,1.0,0.9318181818181818,,synthetic
synth_emp_0108,2026-02-16,Product,Lead,Full-Time,43.8,10,6.5,11.8,2,0,1,1,0,4,0,0,0.0,13.0,0,0,48.9,0,1.4,1,0,0,8,1,38.2,20,39.8,3.5,61.0,0,0.0,3,0,0.559,Medium,1.0,0.9545454545454546,,synthetic
synth_emp_0108,2026-02-23,Product,Lead,Full-Time,43.8,10,8.7,14.9,3,1,0,1,0,7,0,0,2.0,14.0,1,0,32.6,0,15.1,37,5,5,5,9,16.4,3,39.4,2.4,86.0,0,0.0,1,0,0.739,High,1.0,0.9545454545454546,,synthetic
synth_emp_0108,2026-03-02,Product,Lead,Full-Time,43.8,10,,13.8,2,3,0,0,0,7,0,0,1.0,13.0,0,0,48.6,2,26.1,41,9,6,9,10,43.9,9,8.6,4.4,95.3,0,0.0,3,0,0.805,High,1.0,0.9318181818181818,,synthetic
synth_emp_0108,2026-03-09,Product,Lead,Full-Time,43.8,10,9.9,13.4,0,0,0,1,0,7,0,0,1.0,9.0,1,0,35.8,0,15.1,35,9,4,9,11,25.8,7,47.4,3.4,76.7,0,0.0,2,0,0.934,High,1.0,0.9545454545454546,,synthetic
synth_emp_0108,2026-03-16,Product,Lead,Full-Time,43.8,10,7.9,,1,2,0,1,0,4,0,0,1.0,19.0,0,0,35.9,1,18.8,10,1,0,3,3,21.0,12,25.5,4.4,90.3,0,0.0,2,0,0.18,Low,1.0,0.9318181818181818,,synthetic
synth_emp_0108,2026-03-23,Product,Lead,Full-Time,43.8,10,8.3,13.5,1,3,0,1,0,7,0,0,0.0,9.0,1,0,37.8,1,29.7,37,2,0,1,7,32.2,4,61.5,2.0,73.2,0,0.0,2,0,0.585,Medium,1.0,0.9545454545454546,,synthetic
synth_emp_0109,2026-01-05,Marketing,Manager,Contractor,47.5,4,6.6,5.1,2,3,0,1,0,4,0,0,2.0,11.0,0,0,34.0,1,2.2,24,3,0,3,0,,20,29.8,4.0,47.5,0,0.0,2,0,0.563,Medium,1.0,0.9318181818181818,,synthetic
synth_emp_0109,2026-01-12,Marketing,Manager,Contractor,47.5,4,9.7,13.4,3,0,1,0,0,4,0,0,1.0,13.0,1,0,32.0,1,23.6,38,15,3,3,14,39.3,14,3.2,2.2,56.7,0,0.0,0,0,0.808,High,1.0,0.9545454545454546,,synthetic
synth_emp_0109,2026-01-19,Marketing,Manager,Contractor,47.5,4,8.6,13.4,3,1,1,1,0,5,0,0,0.0,16.0,1,0,44.2,1,25.0,18,1,2,5,2,31.9,8,70.0,4.5,66.2,0,0.0,0,0,0.691,Medium,1.0,0.9545454545454546,,synthetic
synth_emp_0109,2026-01-26,Marketing,Manager,Contractor,47.5,4,7.2,7.5,2,0,1,0,0,7,0,0,0.0,13.0,0,0,31.6,0,4.1,4,0,0,3,11,42.4,18,62.7,4.5,71.4,0,0.0,1,0,0.488,Medium,1.0,0.9545454545454546,,synthetic
synth_emp_0109,2026-02-02,Marketing,Manager,Contractor,47.5,4,8.3,,2,2,1,1,0,7,0,0,1.0,7.0,1,0,46.6,2,8.0,29,8,0,7,4,31.9,20,50.4,3.2,57.8,0,0.0,3,0,0.252,Low,1.0,0.9318181818181818,,synthetic
synth_emp_0109,2026-02-09,Marketing,Manager,Contractor,47.5,4,9.4,13.4,3,3,1,1,0,7,0,0,1.0,17.0,1,0,39.6,1,1.4,25,6,3,5,11,21.4,4,1.6,4.0,95.7,0,0.0,1,0,0.92,High,1.0,0.9545454545454546,,synthetic
synth_emp_0109,2026-02-16,Marketing,Manager,Contractor,47.5,4,7.2,13.9,3,1,1,1,0,6,0,0,2.0,13.0,0,0,33.3,1,2.3,4,0,0,8,15,25.6,11,50.2,3.2,76.4,0,0.0,3,0,0.478,Medium,1.0,0.9545454545454546,,synthetic
synth_emp_0109,2026-02-23,Marketing,Manager,Contractor,47.5,4,6.9,11.8,3,1,0,0,0,5,0,0,0.0,13.0,0,0,31.1,0,16.3,17,0,1,3,15,7.1,18,59.3,2.7,89.2,0,0.0,0,0,0.424,Medium,1.0,0.9545454545454546,,synthetic
synth_emp_0109,2026-03-02,Marketing,Manager,Contractor,47.5,4,6.4,3.9,2,1,1,1,0,5,0,0,2.0,17.0,0,0,36.9,1,5.8,1,0,0,9,10,16.8,14,67.5,3.0,82.5,0,0.0,1,0,0.249,Low,1.0,0.9545454545454546,,synthetic
synth_emp_0109,2026-03-09,Marketing,Manager,Contractor,47.5,4,9.7,13.2,3,3,1,0,0,5,0,0,2.0,16.0,1,0,43.3,0,13.9,12,3,1,8,2,31.7,4,24.2,4.0,94.2,0,0.0,0,0,0.598,Medium,1.0,0.9545454545454546,,synthetic
synth_emp_0109,2026-03-16,Marketing,Manager,Contractor,47.5,4,9.0,11.6,3,3,0,2,0,5,0,0,1.0,14.0,0,0,38.6,1,25.1,47,8,2,7,13,44.9,18,33.5,3.3,73.9,0,0.0,0,0,0.742,High,1.0,0.9545454545454546,,synthetic
synth_emp_0109,2026-03-23,Marketing,Manager,Contractor,47.5,4,,2.0,2,1,0,0,0,7,0,0,0.0,8.0,0,0,32.5,1,19.1,31,10,3,9,1,32.8,1,46.0,4.7,83.9,0,0.0,3,0,0.699,Medium,1.0,0.9318181818181818,,synthetic
synth_emp_0110,2026-01-05,Product,Senior,Contractor,25.6,5,6.4,6.1,1,1,1,0,0,6,0,0,0.0,7.0,1,0,30.3,0,19.3,40,12,4,5,11,2.2,10,68.1,3.8,71.6,0,0.0,2,0,0.647,Medium,1.0,0.9545454545454546,,synthetic
synth_emp_0110,2026-01-12,Product,Senior,Contractor,25.6,5,,2.4,3,2,1,0,0,5,0,0,2.0,12.0,0,0,40.3,2,19.2,9,3,0,9,6,36.3,19,57.2,2.1,55.9,0,0.0,0,0,0.204,Low,1.0,0.9318181818181818,,synthetic
synth_emp_0110,2026-01-19,Product,Senior,Contractor,25.6,5,9.2,,1,1,1,1,0,5,0,0,1.0,18.0,1,0,36.9,1,11.9,39,0,3,7,5,11.7,4,32.5,3.4,53.5,0,0.0,2,0,0.549,Medium,1.0,0.9318181818181818,,synthetic
synth_emp_0110,2026-01-26,Product,Senior,Contractor,25.6,5,9.7,14.1,1,1,1,0,0,7,0,0,2.0,6.0,0,0,49.2,1,1.8,11,4,0,10,3,16.6,3,15.7,2.8,91.2,0,0.0,1,0,0.705,High,1.0,0.9545454545454546,,synthetic
synth_emp_0110,2026-02-02,Product,Senior,Contractor,25.6,5,7.7,12.8,3,3,0,0,0,4,0,0,0.0,6.0,0,0,39.0,0,20.7,34,13,4,1,10,24.5,4,71.0,3.0,54.5,0,0.0,2,0,0.867,High,1.0,0.9545454545454546,,synthetic
synth_emp_0110,2026-02-09,Product,Senior,Contractor,25.6,5,8.7,,1,0,1,2,0,6,0,0,2.0,7.0,0,0,30.1,1,25.0,18,5,0,3,2,20.5,12,18.8,2.6,56.0,0,0.0,2,0,0.502,Medium,1.0,0.9318181818181818,,synthetic
synth_emp_0110,2026-02-16,Product,Senior,Contractor,25.6,5,6.6,12.1,0,0,1,2,0,5,0,0,0.0,19.0,1,0,44.4,0,9.6,26,6,1,7,5,33.3,16,4.3,3.9,94.1,0,0.0,3,0,0.744,High,1.0,0.9545454545454546,,synthetic
synth_emp_0110,2026-02-23,Product,Senior,Contractor,25.6,5,7.3,0.8,0,0,1,0,0,5,0,0,1.0,18.0,1,0,48.6,1,8.5,13,0,1,5,6,2.4,17,30.3,3.4,73.2,0,0.0,2,0,0.113,Low,1.0,0.9545454545454546,,synthetic
synth_emp_0110,2026-03-02,Product,Senior,Contractor,25.6,5,8.6,4.1,3,2,0,1,0,6,0,0,2.0,18.0,0,0,36.7,1,9.4,26,6,1,3,9,39.5,10,70.1,4.3,89.1,0,0.0,2,0,0.556,Medium,1.0,0.9545454545454546,,synthetic
synth_emp_0110,2026-03-09,Product,Senior,Contractor,25.6,5,8.9,5.9,3,0,0,2,0,5,0,0,2.0,12.0,1,0,44.9,0,5.5,43,6,6,6,11,43.9,8,37.6,3.9,45.3,0,0.0,1,0,0.923,High,1.0,0.9545454545454546,,synthetic
synth_emp_0110,2026-03-16,Product,Senior,Contractor,25.6,5,9.5,11.0,1,1,1,1,0,7,0,0,0.0,13.0,0,0,35.7,1,9.2,21,2,3,0,11,40.4,5,44.9,3.4,72.7,0,0.0,1,0,0.709,High,1.0,0.9545454545454546,,synthetic
synth_emp_0110,2026-03-23,Product,Senior,Contractor,25.6,5,6.6,2.1,1,1,0,2,0,6,0,0,0.0,7.0,1,0,41.4,0,16.7,1,0,0,0,4,15.3,14,58.2,4.0,80.1,0,0.0,2,0,0.394,Low,1.0,0.9545454545454546,,synthetic
synth_emp_0111,2026-01-05,Product,Manager,Full-Time,55.3,10,6.8,4.4,3,1,1,1,0,7,0,0,1.0,17.0,1,0,42.2,2,16.9,31,4,4,6,0,,0,49.3,3.7,58.6,0,0.0,3,0,0.265,Low,1.0,0.9318181818181818,,synthetic
synth_emp_0111,2026-01-12,Product,Manager,Full-Time,55.3,10,9.5,13.6,1,3,0,1,0,7,0,0,2.0,9.0,0,0,46.1,0,9.8,1,0,0,2,5,16.4,15,18.4,4.8,83.1,0,0.0,3,0,0.69,Medium,1.0,0.9545454545454546,,synthetic
synth_emp_0111,2026-01-19,Product,Manager,Full-Time,55.3,10,9.3,2.5,1,2,1,1,0,7,0,0,1.0,8.0,0,0,37.1,1,18.0,3,0,0,6,5,9.6,2,39.8,4.9,92.2,0,0.0,3,0,0.502,Medium,1.0,0.9545454545454546,,synthetic
synth_emp_0111,2026-01-26,Product,Manager,Full-Time,55.3,10,9.3,11.1,2,0,0,2,0,6,0,0,0.0,18.0,1,0,38.3,0,6.9,33,9,6,4,5,13.4,8,4.3,3.7,72.4,0,0.0,1,0,0.875,High,1.0,0.9545454545454546,,synthetic
synth_emp_0111,2026-02-02,Product,Manager,Full-Time,55.3,10,8.2,1.8,1,3,1,2,0,5,0,0,2.0,5.0,0,0,45.5,0,4.8,37,10,1,0,13,28.3,2,28.4,2.3,85.9,0,0.0,1,0,0.491,Medium,1.0,0.9545454545454546,,synthetic
synth_emp_0111,2026-02-09,Product,Manager,Full-Time,55.3,10,,3.6,1,0,1,0,0,5,0,0,0.0,10.0,1,0,30.9,0,3.7,6,0,0,9,6,12.0,13,35.4,2.1,46.7,0,0.0,2,0,0.348,Low,1.0,0.9318181818181818,,synthetic
synth_emp_0111,2026-02-16,Product,Manager,Full-Time,55.3,10,9.6,1.5,0,0,0,2,0,4,0,0,2.0,7.0,1,0,37.5,1,25.3,49,8,6,3,12,43.4,5,67.7,4.5,71.8,0,0.0,2,0,0.809,High,1.0,0.9545454545454546,,synthetic
synth_emp_0111,2026-02-23,Product,Manager,Full-Time,55.3,10,9.1,11.7,0,0,1,2,0,4,0,0,2.0,19.0,0,0,32.7,0,16.0,7,1,0,2,9,34.6,1,60.9,2.2,77.4,0,0.0,0,0,0.591,Medium,1.0,0.9545454545454546,,synthetic
synth_emp_0111,2026-03-02,Product,Manager,Full-Time,55.3,10,8.2,4.2,0,0,1,2,0,5,0,0,0.0,13.0,0,0,40.9,0,20.5,45,10,1,5,6,8.5,5,51.5,3.2,61.7,0,0.0,0,0,0.364,Low,1.0,0.9545454545454546,,synthetic
synth_emp_0111,2026-03-09,Product,Manager,Full-Time,55.3,10,6.4,6.5,0,0,0,1,0,7,0,0,2.0,8.0,0,0,46.1,1,23.8,36,4,2,8,6,8.5,13,53.3,4.9,40.4,0,0.0,2,0,0.416,Medium,1.0,0.9545454545454546,,synthetic
synth_emp_0111,2026-03-16,Product,Manager,Full-Time,55.3,10,,6.0,0,2,0,1,0,6,0,0,0.0,5.0,1,0,48.9,0,10.8,16,4,1,3,7,37.5,2,44.2,2.8,44.5,0,0.0,2,0,0.351,Low,1.0,0.9318181818181818,,synthetic
synth_emp_0111,2026-03-23,Product,Manager,Full-Time,55.3,10,,4.8,0,1,1,2,0,6,0,0,1.0,19.0,1,0,31.0,0,16.8,33,3,2,3,9,20.1,0,47.2,3.2,79.6,0,0.0,0,0,0.247,Low,1.0,0.9318181818181818,,synthetic
synth_emp_0112,2026-01-05,Design,Manager,Full-Time,20.0,3,,6.6,1,0,0,2,0,5,0,0,0.0,5.0,1,0,32.2,0,1.9,29,7,5,3,7,44.7,8,3.0,4.7,91.0,0,0.0,0,0,0.641,Medium,1.0,0.9318181818181818,,synthetic
synth_emp_0112,2026-01-12,Design,Manager,Full-Time,20.0,3,,0.6,2,3,0,2,0,4,0,0,1.0,6.0,1,0,35.4,1,28.2,1,0,0,7,10,3.6,18,31.9,3.5,64.3,0,0.0,1,0,0.302,Low,1.0,0.9318181818181818,,synthetic
synth_emp_0112,2026-01-19,Design,Manager,Full-Time,20.0,3,6.4,11.8,2,0,0,2,0,4,0,0,2.0,6.0,0,0,32.0,1,24.6,16,5,1,5,0,,13,36.5,4.1,67.9,0,0.0,3,0,0.392,Low,1.0,0.9318181818181818,,synthetic
synth_emp_0112,2026-01-26,Design,Manager,Full-Time,20.0,3,8.3,4.0,3,3,1,1,0,4,0,0,1.0,19.0,0,0,32.6,0,20.0,25,7,0,8,1,27.5,0,18.9,5.0,97.4,0,0.0,2,0,0.487,Medium,1.0,0.9545454545454546,,synthetic
synth_emp_0112,2026-02-02,Design,Manager,Full-Time,20.0,3,9.5,9.9,1,2,1,0,0,6,0,0,2.0,20.0,0,0,49.6,0,18.6,20,6,2,3,1,29.8,6,45.6,3.0,68.4,0,0.0,0,0,0.756,High,1.0,0.9545454545454546,,synthetic
synth_emp_0112,2026-02-09,Design,Manager,Full-Time,20.0,3,9.6,,2,3,1,2,0,6,0,0,1.0,9.0,1,0,35.0,2,7.0,39,3,3,6,13,9.8,11,10.3,2.7,44.6,0,0.0,3,0,0.632,Medium,1.0,0.9318181818181818,,synthetic
synth_emp_0112,2026-02-16,Design,Manager,Full-Time,20.0,3,7.6,2.3,0,3,0,0,0,4,0,0,1.0,18.0,0,0,34.9,0,3.5,15,2,2,2,7,39.9,2,27.6,4.1,55.3,0,0.0,2,0,0.357,Low,1.0,0.9545454545454546,,synthetic
synth_emp_0112,2026-02-23,Design,Manager,Full-Time,20.0,3,9.5,2.6,2,2,1,1,0,6,0,0,2.0,8.0,1,0,34.1,1,28.0,33,7,1,1,6,9.8,2,8.5,3.0,93.4,0,0.0,2,0,0.588,Medium,1.0,0.9545454545454546,,synthetic
synth_emp_0112,2026-03-02,Design,Manager,Full-Time,20.0,3,8.3,4.3,2,3,0,2,0,4,0,0,1.0,7.0,0,0,42.5,0,29.4,48,15,6,6,9,9.0,8,54.4,3.9,50.4,0,0.0,2,0,0.588,Medium,1.0,0.9545454545454546,,synthetic
synth_emp_0112,2026-03-09,Design,Manager,Full-Time,20.0,3,7.2,13.2,3,2,0,1,0,5,0,0,0.0,6.0,1,0,36.3,0,7.8,28,1,2,10,6,15.9,2,57.6,2.7,56.7,0,0.0,1,0,0.496,Medium,1.0,0.9545454545454546,,synthetic
synth_emp_0112,2026-03-16,Design,Manager,Full-Time,20.0,3,9.6,,0,0,0,0,0,6,0,0,1.0,14.0,0,0,44.9,2,19.2,29,9,3,6,8,15.9,5,22.9,4.2,99.3,0,0.0,0,0,0.659,Medium,1.0,0.9318181818181818,,synthetic
synth_emp_0112,2026-03-23,Design,Manager,Full-Time,20.0,3,8.5,,3,1,1,1,0,4,0,0,0.0,7.0,1,0,42.0,2,18.9,26,7,3,6,3,35.0,10,1.6,2.2,86.4,0,0.0,3,0,0.513,Medium,1.0,0.9318181818181818,,synthetic
synth_emp_0113,2026-01-05,Engineering,Senior,Full-Time,7.0,5,6.6,1.2,1,3,0,2,0,5,0,0,0.0,10.0,0,0,41.1,0,7.9,2,0,0,9,1,9.4,17,22.0,3.1,91.0,0,0.0,3,0,0.395,Low,1.0,0.9545454545454546,,synthetic
synth_emp_0113,2026-01-12,Engineering,Senior,Full-Time,7.0,5,8.5,11.3,2,0,1,1,0,5,0,0,1.0,17.0,0,0,42.8,0,25.3,28,5,1,2,1,44.7,7,51.1,3.6,65.4,0,0.0,2,0,0.494,Medium,1.0,0.9545454545454546,,synthetic
synth_emp_0113,2026-01-19,Engineering,Senior,Full-Time,7.0,5,6.7,12.6,3,3,0,1,0,5,0,0,2.0,12.0,0,0,36.8,1,14.3,47,11,8,7,8,22.2,19,46.5,4.5,52.5,0,0.0,3,0,0.697,Medium,1.0,0.9545454545454546,,synthetic
synth_emp_0113,2026-01-26,Engineering,Senior,Full-Time,7.0,5,7.9,1.5,1,0,0,1,0,7,0,0,2.0,5.0,0,0,40.6,2,19.0,23,5,2,9,3,15.5,20,69.4,3.3,40.9,0,0.0,3,0,0.332,Low,1.0,0.9545454545454546,,synthetic
synth_emp_0113,2026-02-02,Engineering,Senior,Full-Time,7.0,5,7.2,13.8,0,2,0,1,0,5,0,0,2.0,9.0,1,0,36.2,2,8.6,1,0,0,1,2,38.4,16,2.7,4.4,91.3,0,0.0,2,0,0.326,Low,1.0,0.9545454545454546,,synthetic
synth_emp_0113,2026-02-09,Engineering,Senior,Full-Time,7.0,5,6.2,11.8,1,3,1,2,0,6,0,0,0.0,19.0,1,0,48.4,1,23.2,40,3,3,5,7,16.5,14,64.6,3.5,91.6,0,0.0,2,0,0.69,Medium,1.0,0.9545454545454546,,synthetic
synth_emp_0113,2026-02-16,Engineering,Senior,Full-Time,7.0,5,9.0,2.6,0,0,1,1,0,5,0,0,0.0,20.0,0,0,42.4,2,20.6,21,7,3,6,9,20.4,10,63.3,2.6,77.5,0,0.0,3,0,0.838,High,1.0,0.9545454545454546,,synthetic
synth_emp_0113,2026-02-23,Engineering,Senior,Full-Time,7.0,5,9.5,8.5,0,2,0,1,0,4,0,0,0.0,14.0,0,0,38.3,2,9.6,3,0,0,5,10,13.3,7,60.4,3.6,44.2,0,0.0,1,0,0.631,Medium,1.0,0.9545454545454546,,synthetic
synth_emp_0113,2026-03-02,Engineering,Senior,Full-Time,7.0,5,8.4,10.6,1,0,1,0,0,6,0,0,0.0,5.0,1,0,45.8,0,7.9,21,1,1,6,2,15.3,2,5.9,3.8,71.5,0,0.0,1,0,0.517,Medium,1.0,0.9545454545454546,,synthetic
synth_emp_0113,2026-03-09,Engineering,Senior,Full-Time,7.0,5,8.1,13.5,0,0,1,0,0,7,0,0,0.0,12.0,0,0,49.7,2,24.1,38,13,1,3,6,33.3,1,36.8,3.1,56.9,0,0.0,2,0,0.462,Medium,1.0,0.9545454545454546,,synthetic
synth_emp_0113,2026-03-16,Engineering,Senior,Full-Time,7.0,5,8.6,0.8,0,1,0,0,0,5,0,0,1.0,20.0,1,0,40.0,1,23.5,11,2,1,7,6,4.6,7,61.6,3.0,97.2,0,0.0,3,0,0.441,Medium,1.0,0.9545454545454546,,synthetic
synth_emp_0113,2026-03-23,Engineering,Senior,Full-Time,7.0,5,7.4,13.3,2,1,1,2,0,4,0,0,0.0,6.0,0,0,37.6,0,17.2,13,1,2,5,3,29.6,6,17.7,2.1,77.1,0,0.0,1,0,0.542,Medium,1.0,0.9545454545454546,,synthetic
synth_emp_0114,2026-01-05,Product,Mid,Full-Time,39.5,4,8.7,4.7,1,3,1,0,0,7,0,0,0.0,18.0,0,0,37.7,1,21.5,41,8,2,5,0,,20,71.9,4.2,57.8,0,0.0,3,0,0.589,Medium,1.0,0.9318181818181818,,synthetic
synth_emp_0114,2026-01-12,Product,Mid,Full-Time,39.5,4,6.4,14.7,3,1,0,0,0,6,0,0,0.0,18.0,1,0,46.5,0,10.3,18,4,0,10,8,31.9,1,12.2,4.2,86.5,0,0.0,2,0,0.436,Medium,1.0,0.9545454545454546,,synthetic
synth_emp_0114,2026-01-19,Product,Mid,Full-Time,39.5,4,6.8,1.7,2,2,0,1,0,6,0,0,2.0,7.0,1,0,36.3,1,19.7,23,5,2,4,2,28.6,9,31.7,4.3,48.7,0,0.0,0,0,0.367,Low,1.0,0.9545454545454546,,synthetic
synth_emp_0114,2026-01-26,Product,Mid,Full-Time,39.5,4,,,2,3,0,0,0,7,0,0,1.0,16.0,0,0,32.5,2,9.0,23,1,4,7,12,24.0,1,54.2,3.8,85.2,0,0.0,3,0,0.36,Low,1.0,0.9090909090909091,,synthetic
synth_emp_0114,2026-02-02,Product,Mid,Full-Time,39.5,4,9.0,13.6,2,0,1,1,0,4,0,0,2.0,20.0,0,0,35.4,1,1.3,47,2,4,3,0,,3,30.4,2.7,57.9,0,0.0,3,0,0.667,Medium,1.0,0.9318181818181818,,synthetic
synth_emp_0114,2026-02-09,Product,Mid,Full-Time,39.5,4,6.5,1.3,1,1,0,2,0,7,0,0,1.0,15.0,0,0,49.2,2,1.6,17,2,1,6,5,23.7,16,67.4,2.2,61.5,0,0.0,3,0,0.187,Low,1.0,0.9545454545454546,,synthetic
synth_emp_0114,2026-02-16,Product,Mid,Full-Time,39.5,4,7.3,10.2,3,1,1,1,0,7,0,0,2.0,5.0,1,0,41.4,1,9.4,5,1,0,6,9,47.1,3,62.3,2.2,52.4,0,0.0,2,0,0.47,Medium,1.0,0.9545454545454546,,synthetic
synth_emp_0114,2026-02-23,Product,Mid,Full-Time,39.5,4,6.8,13.6,1,3,1,2,0,6,0,0,2.0,17.0,1,0,41.1,2,14.5,4,0,0,8,12,3.7,20,44.1,3.2,51.9,0,0.0,3,0,0.339,Low,1.0,0.9545454545454546,,synthetic
synth_emp_0114,2026-03-02,Product,Mid,Full-Time,39.5,4,6.2,9.4,0,3,1,0,0,5,0,0,0.0,8.0,0,0,39.7,1,17.6,16,4,1,0,5,9.1,3,35.6,2.6,46.5,0,0.0,0,0,0.404,Medium,1.0,0.9545454545454546,,synthetic
synth_emp_0114,2026-03-09,Product,Mid,Full-Time,39.5,4,8.0,7.0,3,0,1,0,0,5,0,0,0.0,5.0,1,0,33.8,1,14.1,43,11,7,10,11,32.2,11,35.8,3.1,77.2,0,0.0,2,0,0.668,Medium,1.0,0.9545454545454546,,synthetic
synth_emp_0114,2026-03-16,Product,Mid,Full-Time,39.5,4,8.4,1.0,3,1,0,0,0,5,0,0,1.0,10.0,1,0,36.1,2,29.6,19,6,3,3,1,10.8,10,10.0,4.2,87.2,0,0.0,3,0,0.623,Medium,1.0,0.9545454545454546,,synthetic
synth_emp_0114,2026-03-23,Product,Mid,Full-Time,39.5,4,,10.4,3,2,1,0,0,4,0,0,2.0,15.0,0,0,48.4,2,26.2,9,0,0,1,0,,3,47.6,2.5,85.7,0,0.0,3,0,0.506,Medium,1.0,0.9090909090909091,,synthetic
synth_emp_0115,2026-01-05,Marketing,Manager,Full-Time,48.8,6,7.7,5.9,1,3,1,2,0,6,0,0,1.0,5.0,0,0,34.0,2,14.7,46,17,2,0,5,24.6,5,48.4,3.8,99.3,0,0.0,0,0,0.645,Medium,1.0,0.9545454545454546,,synthetic
synth_emp_0115,2026-01-12,Marketing,Manager,Full-Time,48.8,6,8.0,9.5,2,1,1,2,0,6,0,0,1.0,19.0,0,0,41.6,1,1.4,12,3,0,3,6,7.9,1,27.2,3.5,73.3,0,0.0,3,0,0.375,Low,1.0,0.9545454545454546,,synthetic
synth_emp_0115,2026-01-19,Marketing,Manager,Full-Time,48.8,6,6.5,6.0,2,1,0,2,0,5,0,0,0.0,7.0,1,0,32.4,2,14.0,9,1,1,7,9,38.3,13,20.0,2.3,64.0,0,0.0,0,0,0.481,Medium,1.0,0.9545454545454546,,synthetic
synth_emp_0115,2026-01-26,Marketing,Manager,Full-Time,48.8,6,7.4,5.2,3,0,1,2,0,6,0,0,2.0,5.0,0,0,41.3,2,25.7,32,11,1,9,4,33.9,9,14.5,4.6,88.9,0,0.0,2,0,0.691,Medium,1.0,0.9545454545454546,,synthetic
synth_emp_0115,2026-02-02,Marketing,Manager,Full-Time,48.8,6,9.3,13.0,0,0,1,2,0,6,0,0,2.0,17.0,1,0,40.3,0,28.4,4,1,0,9,13,16.8,20,70.1,4.4,61.9,0,0.0,1,0,0.602,Medium,1.0,0.9545454545454546,,synthetic
synth_emp_0115,2026-02-09,Marketing,Manager,Full-Time,48.8,6,6.1,11.7,2,1,1,0,0,7,0,0,2.0,6.0,1,0,32.7,2,4.2,5,0,0,3,13,18.7,20,51.5,3.7,72.9,0,0.0,0,0,0.469,Medium,1.0,0.9545454545454546,,synthetic
synth_emp_0115,2026-02-16,Marketing,Manager,Full-Time,48.8,6,9.0,6.4,3,1,1,1,0,5,0,0,1.0,16.0,1,0,39.7,1,19.2,30,5,1,9,5,45.4,20,50.5,3.0,79.6,0,0.0,2,0,0.56,Medium,1.0,0.9545454545454546,,synthetic
synth_emp_0115,2026-02-23,Marketing,Manager,Full-Time,48.8,6,7.1,2.9,1,0,1,1,0,4,0,0,2.0,15.0,1,0,49.8,2,19.6,26,5,0,7,8,19.1,7,52.0,2.2,61.2,0,0.0,3,0,0.235,Low,1.0,0.9545454545454546,,synthetic
synth_emp_0115,2026-03-02,Marketing,Manager,Full-Time,48.8,6,6.2,3.2,1,2,1,1,0,4,0,0,2.0,6.0,1,0,40.3,1,0.4,6,0,0,1,5,20.6,9,28.4,4.5,76.5,0,0.0,3,0,0.365,Low,1.0,0.9545454545454546,,synthetic
synth_emp_0115,2026-03-09,Marketing,Manager,Full-Time,48.8,6,6.1,,2,2,1,1,0,5,0,0,2.0,14.0,1,0,35.7,1,22.6,37,9,7,3,1,21.9,18,46.2,2.1,76.3,0,0.0,0,0,0.556,Medium,1.0,0.9318181818181818,,synthetic
synth_emp_0115,2026-03-16,Marketing,Manager,Full-Time,48.8,6,8.3,8.6,2,1,1,2,0,5,0,0,1.0,7.0,0,0,31.7,2,19.7,31,0,1,3,3,10.1,11,43.7,4.6,40.9,0,0.0,2,0,0.304,Low,1.0,0.9545454545454546,,synthetic
synth_emp_0115,2026-03-23,Marketing,Manager,Full-Time,48.8,6,8.3,,1,1,1,2,0,7,0,0,1.0,17.0,1,0,30.7,2,11.6,11,1,0,2,1,35.1,16,42.0,3.0,99.7,0,0.0,0,0,0.168,Low,1.0,0.9318181818181818,,synthetic
synth_emp_0116,2026-01-05,Product,Senior,Full-Time,39.2,12,9.9,8.0,1,3,0,0,0,5,0,0,2.0,19.0,0,0,33.6,1,7.3,18,2,2,2,6,1.5,0,34.5,3.0,58.5,0,0.0,0,0,0.53,Medium,1.0,0.9545454545454546,,synthetic
synth_emp_0116,2026-01-12,Product,Senior,Full-Time,39.2,12,6.5,13.0,3,3,1,0,0,5,0,0,2.0,9.0,0,0,47.5,0,27.7,4,1,0,8,1,16.7,14,23.7,3.3,42.0,0,0.0,1,0,0.549,Medium,1.0,0.9545454545454546,,synthetic
synth_emp_0116,2026-01-19,Product,Senior,Full-Time,39.2,12,9.3,0.2,1,3,1,1,0,7,0,0,0.0,11.0,1,0,35.6,1,14.3,28,5,2,4,5,13.1,11,7.7,4.2,59.0,0,0.0,3,0,0.479,Medium,1.0,0.9545454545454546,,synthetic
synth_emp_0116,2026-01-26,Product,Senior,Full-Time,39.2,12,6.7,4.5,3,0,0,2,0,6,0,0,0.0,8.0,0,0,36.3,1,14.3,19,5,3,3,4,47.2,7,39.6,3.0,59.2,0,0.0,3,0,0.347,Low,1.0,0.9545454545454546,,synthetic
synth_emp_0116,2026-02-02,Product,Senior,Full-Time,39.2,12,7.7,9.7,1,1,0,2,0,5,0,0,1.0,18.0,1,0,44.1,0,22.8,3,0,0,5,0,,16,68.7,2.2,95.3,0,0.0,2,0,0.591,Medium,1.0,0.9318181818181818,,synthetic
synth_emp_0116,2026-02-09,Product,Senior,Full-Time,39.2,12,9.6,10.3,2,1,1,1,0,7,0,0,0.0,15.0,0,0,36.3,1,21.7,13,4,1,8,7,14.8,20,10.5,2.6,72.6,0,0.0,1,0,0.791,High,1.0,0.9545454545454546,,synthetic
synth_emp_0116,2026-02-16,Product,Senior,Full-Time,39.2,12,9.8,11.1,3,3,1,1,0,7,0,0,2.0,10.0,0,0,42.7,0,6.3,9,1,0,8,12,37.2,11,47.3,2.8,73.6,0,0.0,3,0,0.715,High,1.0,0.9545454545454546,,synthetic
synth_emp_0116,2026-02-23,Product,Senior,Full-Time,39.2,12,8.8,1.4,2,0,0,2,0,5,0,0,0.0,5.0,1,0,33.7,0,20.6,12,4,1,4,4,9.0,3,65.7,3.1,60.5,0,0.0,2,0,0.472,Medium,1.0,0.9545454545454546,,synthetic
synth_emp_0116,2026-03-02,Product,Senior,Full-Time,39.2,12,,2.5,0,1,1,1,0,5,0,0,0.0,11.0,0,0,40.1,1,14.2,34,12,6,5,7,4.6,9,62.8,2.0,99.0,0,0.0,3,0,0.63,Medium,1.0,0.9318181818181818,,synthetic
synth_emp_0116,2026-03-09,Product,Senior,Full-Time,39.2,12,6.4,7.6,2,0,1,0,0,7,0,0,2.0,15.0,1,0,35.8,2,6.3,45,7,1,7,6,7.5,12,4.6,4.0,89.4,0,0.0,1,0,0.672,Medium,1.0,0.9545454545454546,,synthetic
synth_emp_0116,2026-03-16,Product,Senior,Full-Time,39.2,12,8.3,8.2,1,3,0,0,0,7,0,0,0.0,12.0,0,0,47.0,1,11.6,11,2,1,1,9,19.3,15,12.2,3.2,93.5,0,0.0,0,0,0.58,Medium,1.0,0.9545454545454546,,synthetic
synth_emp_0116,2026-03-23,Product,Senior,Full-Time,39.2,12,6.8,4.7,0,3,0,1,0,5,0,0,2.0,6.0,0,0,48.9,0,21.4,3,0,0,1,15,13.9,12,30.3,4.3,65.9,0,0.0,1,0,0.124,Low,1.0,0.9545454545454546,,synthetic
synth_emp_0117,2026-01-05,Sales,Senior,Contractor,50.4,7,,8.0,2,0,0,2,0,4,0,0,2.0,14.0,1,0,31.6,1,21.9,21,3,3,6,12,7.7,1,53.5,4.4,51.0,0,0.0,3,0,0.719,High,1.0,0.9318181818181818,,synthetic
synth_emp_0117,2026-01-12,Sales,Senior,Contractor,50.4,7,7.2,9.6,0,3,0,1,0,6,0,0,0.0,5.0,1,0,37.8,1,16.4,28,2,3,4,6,24.8,10,71.1,4.6,53.3,0,0.0,1,0,0.64,Medium,1.0,0.9545454545454546,,synthetic
synth_emp_0117,2026-01-19,Sales,Senior,Contractor,50.4,7,7.7,,2,2,1,0,0,7,0,0,0.0,7.0,0,0,43.7,0,18.5,11,4,0,5,6,37.3,0,13.0,4.0,41.5,0,0.0,2,0,0.272,Low,1.0,0.9318181818181818,,synthetic
synth_emp_0117,2026-01-26,Sales,Senior,Contractor,50.4,7,9.0,6.5,3,0,1,1,0,6,0,0,1.0,13.0,0,0,33.4,2,20.9,6,0,0,4,7,31.7,18,13.6,2.0,87.0,0,0.0,0,0,0.733,High,1.0,0.9545454545454546,,synthetic
synth_emp_0117,2026-02-02,Sales,Senior,Contractor,50.4,7,8.6,,3,0,0,0,0,7,0,0,2.0,18.0,0,0,36.7,0,25.5,37,12,5,0,4,5.8,15,53.3,5.0,48.2,0,0.0,0,0,0.732,High,1.0,0.9318181818181818,,synthetic
synth_emp_0117,2026-02-09,Sales,Senior,Contractor,50.4,7,8.4,3.7,1,1,0,2,0,6,0,0,1.0,6.0,0,0,39.6,1,10.6,44,13,3,3,5,23.6,19,42.5,2.8,90.6,0,0.0,2,0,0.58,Medium,1.0,0.9545454545454546,,synthetic
synth_emp_0117,2026-02-16,Sales,Senior,Contractor,50.4,7,6.1,0.4,1,0,1,0,0,6,0,0,0.0,13.0,1,0,43.2,1,17.5,26,6,4,5,9,26.9,3,40.6,4.7,68.0,0,0.0,1,0,0.597,Medium,1.0,0.9545454545454546,,synthetic
synth_emp_0117,2026-02-23,Sales,Senior,Contractor,50.4,7,8.5,4.3,3,2,0,0,0,5,0,0,2.0,13.0,1,0,37.9,2,26.7,30,6,1,4,3,33.4,16,29.1,4.0,69.2,0,0.0,1,0,0.391,Low,1.0,0.9545454545454546,,synthetic
synth_emp_0117,2026-03-02,Sales,Senior,Contractor,50.4,7,9.1,6.1,3,2,0,0,0,4,0,0,2.0,8.0,0,0,33.9,2,17.8,0,0,0,8,12,35.2,20,11.9,4.5,48.0,0,0.0,2,0,0.73,High,1.0,0.9545454545454546,,synthetic
synth_emp_0117,2026-03-09,Sales,Senior,Contractor,50.4,7,,3.7,3,3,1,0,0,7,0,0,1.0,14.0,0,0,34.3,2,3.0,23,1,0,3,12,29.4,12,34.4,2.2,58.9,0,0.0,2,0,0.313,Low,1.0,0.9318181818181818,,synthetic
synth_emp_0117,2026-03-16,Sales,Senior,Contractor,50.4,7,8.2,3.7,1,2,0,2,0,6,0,0,0.0,17.0,0,0,40.4,2,29.5,24,8,0,3,7,36.4,5,43.6,3.7,68.1,0,0.0,1,0,0.316,Low,1.0,0.9545454545454546,,synthetic
synth_emp_0117,2026-03-23,Sales,Senior,Contractor,50.4,7,9.5,,3,1,1,1,0,4,0,0,1.0,6.0,1,0,39.2,0,18.1,16,3,1,5,9,22.1,12,70.3,3.0,68.8,0,0.0,3,0,0.399,Low,1.0,0.9318181818181818,,synthetic
synth_emp_0118,2026-01-05,Product,Manager,Contractor,6.6,3,9.1,5.1,0,2,0,2,0,7,0,0,1.0,18.0,1,0,47.8,0,14.2,13,4,1,2,3,44.3,3,64.7,3.5,87.6,0,0.0,3,0,0.656,Medium,1.0,0.9545454545454546,,synthetic
synth_emp_0118,2026-01-12,Product,Manager,Contractor,6.6,3,9.2,6.4,2,0,0,0,0,6,0,0,2.0,15.0,1,0,49.9,2,12.6,36,8,2,1,14,9.1,4,28.3,4.4,81.7,0,0.0,0,0,0.773,High,1.0,0.9545454545454546,,synthetic
synth_emp_0118,2026-01-19,Product,Manager,Contractor,6.6,3,6.6,12.6,0,3,0,2,0,6,0,0,0.0,16.0,1,0,47.5,0,14.0,10,3,1,3,11,43.8,1,51.1,2.8,67.3,0,0.0,3,0,0.349,Low,1.0,0.9545454545454546,,synthetic
synth_emp_0118,2026-01-26,Product,Manager,Contractor,6.6,3,8.1,6.1,2,0,1,2,0,6,0,0,0.0,5.0,0,0,44.9,1,1.1,31,0,5,7,13,36.2,11,30.1,2.4,86.5,0,0.0,0,0,0.7,High,1.0,0.9545454545454546,,synthetic
synth_emp_0118,2026-02-02,Product,Manager,Contractor,6.6,3,,14.5,1,1,1,2,0,6,0,0,0.0,19.0,0,0,44.9,1,29.8,2,0,0,7,15,8.0,18,59.4,3.8,93.8,0,0.0,2,0,0.423,Medium,1.0,0.9318181818181818,,synthetic
synth_emp_0118,2026-02-09,Product,Manager,Contractor,6.6,3,9.4,7.2,2,3,0,2,0,7,0,0,0.0,6.0,1,0,33.8,2,22.3,12,3,0,2,10,47.6,11,47.0,3.8,87.8,0,0.0,3,0,0.634,Medium,1.0,0.9545454545454546,,synthetic
synth_emp_0118,2026-02-16,Product,Manager,Contractor,6.6,3,8.2,6.0,1,2,1,0,0,4,0,0,1.0,8.0,0,0,48.0,1,20.5,49,12,4,7,7,33.8,14,26.0,3.4,100.0,0,0.0,3,0,0.677,Medium,1.0,0.9545454545454546,,synthetic
synth_emp_0118,2026-02-23,Product,Manager,Contractor,6.6,3,6.6,14.9,0,3,1,0,0,7,0,0,0.0,5.0,1,0,34.2,2,18.9,47,12,0,7,13,10.6,13,33.8,2.4,91.9,0,0.0,3,0,0.737,High,1.0,0.9545454545454546,,synthetic
synth_emp_0118,2026-03-02,Product,Manager,Contractor,6.6,3,,4.7,2,3,1,1,0,5,0,0,1.0,18.0,0,0,46.5,1,24.2,4,0,0,8,7,27.8,5,70.7,2.1,52.2,0,0.0,0,0,0.196,Low,1.0,0.9318181818181818,,synthetic
synth_emp_0118,2026-03-09,Product,Manager,Contractor,6.6,3,9.6,11.9,0,3,0,0,0,5,0,0,0.0,6.0,1,0,37.7,1,12.2,22,0,3,5,12,43.7,9,47.6,3.0,84.2,0,0.0,1,0,0.721,High,1.0,0.9545454545454546,,synthetic
synth_emp_0118,2026-03-16,Product,Manager,Contractor,6.6,3,8.5,10.4,3,0,1,2,0,4,0,0,1.0,7.0,0,0,49.5,2,1.0,26,10,1,5,10,11.1,14,16.9,2.3,62.7,0,0.0,3,0,0.5,Medium,1.0,0.9545454545454546,,synthetic
synth_emp_0118,2026-03-23,Product,Manager,Contractor,6.6,3,9.0,8.4,0,3,0,2,0,6,0,0,2.0,16.0,1,0,30.2,0,18.7,18,2,2,5,4,19.9,1,40.9,3.6,93.4,0,0.0,2,0,0.595,Medium,1.0,0.9545454545454546,,synthetic
synth_emp_0119,2026-01-05,Design,Junior,Full-Time,46.6,8,8.3,14.5,3,1,1,1,0,4,0,0,0.0,17.0,0,0,36.7,1,1.9,34,8,4,1,10,27.2,15,57.8,4.9,92.4,0,0.0,3,0,0.779,High,1.0,0.9545454545454546,,synthetic
synth_emp_0119,2026-01-12,Design,Junior,Full-Time,46.6,8,7.5,3.0,1,2,1,1,0,4,0,0,2.0,7.0,1,0,38.5,0,3.4,33,3,2,4,2,40.2,13,55.2,3.2,81.0,0,0.0,0,0,0.152,Low,1.0,0.9545454545454546,,synthetic
synth_emp_0119,2026-01-19,Design,Junior,Full-Time,46.6,8,9.8,6.5,3,0,0,0,0,4,0,0,1.0,8.0,0,0,41.7,1,2.2,21,2,3,8,4,40.7,17,20.3,4.3,73.3,0,0.0,2,0,0.887,High,1.0,0.9545454545454546,,synthetic
synth_emp_0119,2026-01-26,Design,Junior,Full-Time,46.6,8,9.1,8.3,0,3,0,0,0,4,0,0,2.0,5.0,1,0,40.3,2,18.2,48,17,6,0,3,39.0,10,61.5,4.7,70.5,0,0.0,0,0,1.0,High,1.0,0.9545454545454546,,synthetic
synth_emp_0119,2026-02-02,Design,Junior,Full-Time,46.6,8,6.8,12.6,2,3,0,1,0,7,0,0,2.0,6.0,0,0,49.2,0,30.0,21,8,2,1,3,33.5,13,50.8,3.7,65.1,0,0.0,1,0,0.718,High,1.0,0.9545454545454546,,synthetic
synth_emp_0119,2026-02-09,Design,Junior,Full-Time,46.6,8,6.3,13.2,2,1,1,0,0,4,0,0,1.0,13.0,1,0,41.7,2,21.7,27,10,4,9,8,7.3,2,61.2,3.2,91.7,0,0.0,1,0,0.634,Medium,1.0,0.9545454545454546,,synthetic
synth_emp_0119,2026-02-16,Design,Junior,Full-Time,46.6,8,,10.9,0,3,1,1,0,7,0,0,2.0,8.0,0,0,30.5,2,18.7,16,4,1,0,11,24.0,9,17.7,3.5,80.5,0,0.0,3,0,0.57,Medium,1.0,0.9318181818181818,,synthetic
synth_emp_0119,2026-02-23,Design,Junior,Full-Time,46.6,8,6.4,0.6,1,1,0,1,0,5,0,0,1.0,20.0,1,0,35.1,0,12.4,24,1,3,3,10,9.5,18,26.8,4.5,86.8,0,0.0,3,0,0.516,Medium,1.0,0.9545454545454546,,synthetic
synth_emp_0119,2026-03-02,Design,Junior,Full-Time,46.6,8,8.2,11.2,1,2,1,2,0,6,0,0,0.0,20.0,1,0,41.3,2,3.7,44,5,4,2,7,15.3,0,31.8,3.1,62.9,0,0.0,1,0,0.739,High,1.0,0.9545454545454546,,synthetic
synth_emp_0119,2026-03-09,Design,Junior,Full-Time,46.6,8,8.7,12.2,1,3,1,0,0,6,0,0,0.0,11.0,1,0,49.3,2,29.7,29,5,0,8,7,20.2,1,12.4,4.9,95.7,0,0.0,1,0,0.571,Medium,1.0,0.9545454545454546,,synthetic
synth_emp_0119,2026-03-16,Design,Junior,Full-Time,46.6,8,6.1,7.5,1,3,1,1,0,7,0,0,0.0,16.0,0,0,35.6,2,8.5,43,16,3,3,9,17.7,19,6.2,4.2,51.2,0,0.0,1,0,0.874,High,1.0,0.9545454545454546,,synthetic
synth_emp_0119,2026-03-23,Design,Junior,Full-Time,46.6,8,6.5,12.6,3,2,1,1,0,5,0,0,0.0,8.0,0,0,43.2,0,8.9,47,8,4,8,1,42.7,7,37.2,2.7,68.1,0,0.0,1,0,0.727,High,1.0,0.9545454545454546,,synthetic
synth_emp_0120,2026-01-05,Marketing,Junior,Full-Time,38.9,10,7.9,5.2,1,1,0,1,0,5,0,0,1.0,20.0,1,0,39.0,0,13.7,14,1,2,4,9,7.3,11,32.7,3.0,49.9,0,0.0,0,0,0.397,Low,1.0,0.9545454545454546,,synthetic
synth_emp_0120,2026-01-12,Marketing,Junior,Full-Time,38.9,10,8.1,2.8,3,1,0,2,0,7,0,0,2.0,20.0,1,0,33.5,0,22.7,6,2,0,10,9,21.0,9,33.8,4.7,77.6,0,0.0,1,0,0.11,Low,1.0,0.9545454545454546,,synthetic
synth_emp_0120,2026-01-19,Marketing,Junior,Full-Time,38.9,10,8.0,6.7,2,1,0,2,0,4,0,0,0.0,15.0,1,0,38.1,1,21.4,30,0,2,10,7,32.9,15,43.0,2.9,84.8,0,0.0,3,0,0.353,Low,1.0,0.9545454545454546,,synthetic
synth_emp_0120,2026-01-26,Marketing,Junior,Full-Time,38.9,10,8.1,7.8,0,1,1,2,0,6,0,0,2.0,15.0,0,0,44.1,0,3.4,48,10,7,8,6,34.6,10,54.1,2.5,97.2,0,0.0,2,0,0.824,High,1.0,0.9545454545454546,,synthetic
synth_emp_0120,2026-02-02,Marketing,Junior,Full-Time,38.9,10,6.2,6.9,3,2,1,2,0,7,0,0,2.0,19.0,0,0,44.2,2,18.8,31,6,2,2,12,32.5,4,2.4,3.7,78.7,0,0.0,0,0,0.602,Medium,1.0,0.9545454545454546,,synthetic
synth_emp_0120,2026-02-09,Marketing,Junior,Full-Time,38.9,10,6.4,7.6,3,2,1,0,0,6,0,0,2.0,6.0,1,0,38.9,2,20.9,26,6,3,10,12,9.2,0,48.1,2.0,82.8,0,0.0,2,0,0.626,Medium,1.0,0.9545454545454546,,synthetic
synth_emp_0120,2026-02-16,Marketing,Junior,Full-Time,38.9,10,7.9,2.3,3,3,1,2,0,5,0,0,2.0,14.0,0,0,47.1,1,3.4,11,2,1,1,9,42.1,18,34.0,4.2,43.8,0,0.0,1,0,0.316,Low,1.0,0.9545454545454546,,synthetic
synth_emp_0120,2026-02-23,Marketing,Junior,Full-Time,38.9,10,7.0,3.5,1,2,0,1,0,6,0,0,2.0,20.0,1,0,31.0,2,2.1,14,5,1,4,14,32.8,20,42.9,3.8,55.4,0,0.0,3,0,0.249,Low,1.0,0.9545454545454546,,synthetic
synth_emp_0120,2026-03-02,Marketing,Junior,Full-Time,38.9,10,6.3,9.4,0,3,1,1,0,7,0,0,2.0,18.0,1,0,46.7,1,14.2,32,0,5,1,2,45.2,14,9.5,4.8,57.4,0,0.0,1,0,0.747,High,1.0,0.9545454545454546,,synthetic
synth_emp_0120,2026-03-09,Marketing,Junior,Full-Time,38.9,10,7.7,3.7,2,1,1,1,0,7,0,0,2.0,17.0,1,0,34.1,2,0.3,47,0,1,8,6,18.9,2,54.0,4.0,50.6,0,0.0,1,0,0.397,Low,1.0,0.9545454545454546,,synthetic
synth_emp_0120,2026-03-16,Marketing,Junior,Full-Time,38.9,10,7.2,5.8,2,1,1,2,0,5,0,0,0.0,17.0,0,0,47.2,1,10.0,46,7,6,4,2,9.2,8,16.8,4.6,42.3,0,0.0,2,0,0.714,High,1.0,0.9545454545454546,,synthetic
synth_emp_0120,2026-03-23,Marketing,Junior,Full-Time,38.9,10,,5.1,0,0,1,2,0,4,0,0,1.0,13.0,0,0,38.9,1,26.1,25,2,0,10,12,10.0,1,62.8,4.5,70.1,0,0.0,0,0,0.344,Low,1.0,0.9318181818181818,,synthetic
synth_emp_0121,2026-01-05,Product,Senior,Full-Time,52.5,10,10.0,9.1,3,3,1,1,0,4,0,0,1.0,16.0,1,0,40.3,2,21.4,23,8,2,0,5,36.9,15,7.3,2.5,75.3,0,0.0,3,0,0.829,High,1.0,0.9545454545454546,,synthetic
synth_emp_0121,2026-01-12,Product,Senior,Full-Time,52.5,10,8.4,,1,1,0,0,0,5,0,0,1.0,11.0,1,0,46.3,1,0.6,18,5,0,1,15,0.9,7,31.9,3.6,72.1,0,0.0,0,0,0.297,Low,1.0,0.9318181818181818,,synthetic
synth_emp_0121,2026-01-19,Product,Senior,Full-Time,52.5,10,7.9,11.1,3,0,1,1,0,6,0,0,1.0,10.0,0,0,34.4,1,10.8,4,0,0,2,11,3.5,17,23.9,3.5,41.5,0,0.0,3,0,0.477,Medium,1.0,0.9545454545454546,,synthetic
synth_emp_0121,2026-01-26,Product,Senior,Full-Time,52.5,10,9.1,2.2,1,3,1,0,0,6,0,0,2.0,11.0,1,0,46.1,2,19.5,49,17,1,4,7,38.4,15,68.0,3.2,79.9,0,0.0,3,0,0.557,Medium,1.0,0.9545454545454546,,synthetic
synth_emp_0121,2026-02-02,Product,Senior,Full-Time,52.5,10,7.1,0.5,0,2,0,2,0,4,0,0,2.0,20.0,1,0,38.1,1,24.6,43,2,4,5,3,36.5,0,54.0,3.0,46.7,0,0.0,0,0,0.527,Medium,1.0,0.9545454545454546,,synthetic
synth_emp_0121,2026-02-09,Product,Senior,Full-Time,52.5,10,6.0,,2,2,1,1,0,4,0,0,2.0,11.0,1,0,40.6,2,16.4,41,9,5,6,13,23.6,12,14.8,3.2,78.0,0,0.0,3,0,0.548,Medium,1.0,0.9318181818181818,,synthetic
synth_emp_0121,2026-02-16,Product,Senior,Full-Time,52.5,10,7.0,4.5,3,1,0,2,0,7,0,0,0.0,8.0,0,0,36.9,0,6.6,28,4,4,4,13,46.8,6,40.0,3.9,54.7,0,0.0,2,0,0.31,Low,1.0,0.9545454545454546,,synthetic
synth_emp_0121,2026-02-23,Product,Senior,Full-Time,52.5,10,,1.7,1,3,0,2,0,7,0,0,2.0,18.0,0,0,41.9,1,10.7,18,0,3,9,0,,15,33.0,4.9,64.6,0,0.0,0,0,0.326,Low,1.0,0.9090909090909091,,synthetic
synth_emp_0121,2026-03-02,Product,Senior,Full-Time,52.5,10,9.0,8.7,3,3,1,0,0,7,0,0,2.0,16.0,1,0,46.1,2,22.4,38,8,3,10,9,23.5,11,65.1,4.6,67.2,0,0.0,1,0,1.0,High,1.0,0.9545454545454546,,synthetic
synth_emp_0121,2026-03-09,Product,Senior,Full-Time,52.5,10,8.5,14.4,2,1,1,1,0,6,0,0,1.0,20.0,1,0,35.6,1,19.2,16,6,2,1,12,3.6,4,16.8,2.8,67.3,0,0.0,2,0,0.581,Medium,1.0,0.9545454545454546,,synthetic
synth_emp_0121,2026-03-16,Product,Senior,Full-Time,52.5,10,9.3,13.8,1,1,0,2,0,4,0,0,2.0,5.0,0,0,36.5,0,9.6,5,1,0,5,15,16.3,3,32.1,3.1,73.0,0,0.0,2,0,0.648,Medium,1.0,0.9545454545454546,,synthetic
synth_emp_0121,2026-03-23,Product,Senior,Full-Time,52.5,10,,1.0,3,0,0,0,0,5,0,0,0.0,6.0,1,0,36.7,0,11.2,14,1,2,3,9,19.9,11,44.5,3.4,96.0,0,0.0,0,0,0.358,Low,1.0,0.9318181818181818,,synthetic
synth_emp_0122,2026-01-05,Sales,Lead,Full-Time,30.7,4,9.7,8.4,1,3,1,0,0,4,0,0,2.0,20.0,1,0,34.4,2,24.4,48,12,6,3,4,37.5,13,61.0,3.2,74.2,0,0.0,3,0,1.0,High,1.0,0.9545454545454546,,synthetic
synth_emp_0122,2026-01-12,Sales,Lead,Full-Time,30.7,4,7.3,0.2,3,1,1,0,0,4,0,0,2.0,7.0,0,0,48.6,2,6.9,48,1,6,2,8,47.8,4,29.7,2.4,71.0,0,0.0,2,0,0.449,Medium,1.0,0.9545454545454546,,synthetic
synth_emp_0122,2026-01-19,Sales,Lead,Full-Time,30.7,4,7.0,4.6,1,3,0,1,0,6,0,0,2.0,7.0,1,0,43.4,2,20.1,5,1,0,4,3,3.7,0,36.1,4.1,85.9,0,0.0,0,0,0.233,Low,1.0,0.9545454545454546,,synthetic
synth_emp_0122,2026-01-26,Sales,Lead,Full-Time,30.7,4,9.0,9.4,0,2,0,0,0,4,0,0,1.0,18.0,1,0,33.6,0,16.0,9,1,0,5,11,2.1,12,39.9,3.7,86.9,0,0.0,1,0,0.636,Medium,1.0,0.9545454545454546,,synthetic
synth_emp_0122,2026-02-02,Sales,Lead,Full-Time,30.7,4,9.8,3.4,1,2,0,0,0,7,0,0,0.0,20.0,0,0,30.1,1,20.7,36,12,4,9,4,5.8,1,59.9,3.6,71.8,0,0.0,0,0,0.894,High,1.0,0.9545454545454546,,synthetic
synth_emp_0122,2026-02-09,Sales,Lead,Full-Time,30.7,4,7.0,3.1,3,3,1,2,0,7,0,0,0.0,17.0,1,0,39.6,1,16.9,27,8,4,7,3,20.6,7,53.2,4.3,59.6,0,0.0,0,0,0.449,Medium,1.0,0.9545454545454546,,synthetic
synth_emp_0122,2026-02-16,Sales,Lead,Full-Time,30.7,4,7.3,9.6,1,2,0,0,0,6,0,0,1.0,19.0,0,0,34.2,1,15.1,28,5,3,5,11,46.9,15,45.7,2.1,41.3,0,0.0,2,0,0.538,Medium,1.0,0.9545454545454546,,synthetic
synth_emp_0122,2026-02-23,Sales,Lead,Full-Time,30.7,4,6.1,5.5,3,0,0,1,0,4,0,0,0.0,15.0,1,0,42.6,1,2.7,50,9,9,10,9,28.0,9,2.2,2.8,79.8,0,0.0,2,0,0.635,Medium,1.0,0.9545454545454546,,synthetic
synth_emp_0122,2026-03-02,Sales,Lead,Full-Time,30.7,4,,,3,0,1,1,0,6,0,0,2.0,12.0,1,0,38.7,1,22.2,19,2,1,10,4,6.7,16,68.1,4.8,53.5,0,0.0,3,0,0.243,Low,1.0,0.9090909090909091,,synthetic
synth_emp_0122,2026-03-09,Sales,Lead,Full-Time,30.7,4,6.9,2.1,1,1,1,0,0,6,0,0,2.0,10.0,1,0,35.4,2,26.2,10,1,0,9,3,23.5,20,59.9,3.2,82.1,0,0.0,0,0,0.257,Low,1.0,0.9545454545454546,,synthetic
synth_emp_0122,2026-03-16,Sales,Lead,Full-Time,30.7,4,8.9,3.2,2,0,1,0,0,7,0,0,0.0,19.0,0,0,41.3,2,28.4,45,9,2,3,13,24.1,2,36.3,2.0,75.4,0,0.0,0,0,0.5,Medium,1.0,0.9545454545454546,,synthetic
synth_emp_0122,2026-03-23,Sales,Lead,Full-Time,30.7,4,9.9,13.7,1,0,1,0,0,4,0,0,1.0,13.0,1,0,35.2,1,11.6,6,0,0,2,9,18.5,11,32.2,2.3,92.0,0,0.0,1,0,0.533,Medium,1.0,0.9545454545454546,,synthetic
synth_emp_0123,2026-01-05,Marketing,Junior,Full-Time,27.0,12,7.6,2.4,2,3,1,1,0,4,0,0,2.0,6.0,1,0,32.4,0,19.6,48,18,5,1,15,38.1,10,56.0,2.3,65.5,0,0.0,2,0,0.592,Medium,1.0,0.9545454545454546,,synthetic
synth_emp_0123,2026-01-12,Marketing,Junior,Full-Time,27.0,12,9.8,4.0,2,0,1,0,0,7,0,0,1.0,14.0,1,0,43.6,2,22.2,49,4,0,2,13,16.3,19,65.1,3.2,75.8,0,0.0,2,0,0.554,Medium,1.0,0.9545454545454546,,synthetic
synth_emp_0123,2026-01-19,Marketing,Junior,Full-Time,27.0,12,8.6,12.0,3,3,0,0,0,5,0,0,2.0,11.0,1,0,34.9,1,27.9,7,2,1,2,14,27.0,9,64.8,4.5,80.2,0,0.0,0,0,0.576,Medium,1.0,0.9545454545454546,,synthetic
synth_emp_0123,2026-01-26,Marketing,Junior,Full-Time,27.0,12,7.9,1.8,0,1,1,0,0,6,0,0,0.0,15.0,1,0,36.8,0,16.7,27,2,4,2,8,0.7,13,52.1,4.5,52.5,0,0.0,2,0,0.301,Low,1.0,0.9545454545454546,,synthetic
synth_emp_0123,2026-02-02,Marketing,Junior,Full-Time,27.0,12,9.5,1.1,1,3,1,0,0,6,0,0,1.0,6.0,1,0,42.9,2,27.7,0,0,0,0,4,41.9,14,12.1,2.2,63.5,0,0.0,1,0,0.489,Medium,1.0,0.9545454545454546,,synthetic
synth_emp_0123,2026-02-09,Marketing,Junior,Full-Time,27.0,12,8.8,9.3,3,1,0,0,0,7,0,0,0.0,19.0,1,0,48.3,1,13.2,31,6,0,6,7,7.7,19,24.8,3.5,70.5,0,0.0,0,0,0.791,High,1.0,0.9545454545454546,,synthetic
synth_emp_0123,2026-02-16,Marketing,Junior,Full-Time,27.0,12,9.4,8.1,2,2,0,0,0,5,0,0,1.0,20.0,1,0,42.7,1,4.7,28,7,2,6,9,28.2,13,36.8,4.1,76.2,0,0.0,0,0,0.695,Medium,1.0,0.9545454545454546,,synthetic
synth_emp_0123,2026-02-23,Marketing,Junior,Full-Time,27.0,12,7.3,6.3,0,1,0,1,0,7,0,0,2.0,5.0,1,0,34.9,0,27.5,28,7,1,8,5,2.0,17,16.7,2.6,79.3,0,0.0,0,0,0.473,Medium,1.0,0.9545454545454546,,synthetic
synth_emp_0123,2026-03-02,Marketing,Junior,Full-Time,27.0,12,6.4,8.1,1,2,0,0,0,4,0,0,1.0,13.0,0,0,41.3,2,27.3,0,0,0,5,1,41.8,15,18.5,4.4,91.6,0,0.0,0,0,0.561,Medium,1.0,0.9545454545454546,,synthetic
synth_emp_0123,2026-03-09,Marketing,Junior,Full-Time,27.0,12,,6.4,0,1,1,2,0,5,0,0,0.0,14.0,1,0,41.0,2,4.0,32,5,1,5,12,17.3,3,46.3,3.7,81.8,0,0.0,3,0,0.387,Low,1.0,0.9318181818181818,,synthetic
synth_emp_0123,2026-03-16,Marketing,Junior,Full-Time,27.0,12,6.4,3.7,2,3,1,2,0,4,0,0,1.0,9.0,0,0,30.7,2,14.3,2,0,0,5,1,25.6,5,62.6,3.3,63.7,0,0.0,2,0,0.11,Low,1.0,0.9545454545454546,,synthetic
synth_emp_0123,2026-03-23,Marketing,Junior,Full-Time,27.0,12,,6.3,1,3,0,0,0,7,0,0,0.0,13.0,0,0,41.6,0,18.6,5,1,0,9,5,5.9,4,2.9,2.2,90.7,0,0.0,3,0,0.313,Low,1.0,0.9318181818181818,,synthetic
synth_emp_0124,2026-01-05,Product,Lead,Full-Time,29.5,5,9.7,7.7,1,0,1,0,0,5,0,0,2.0,11.0,0,0,32.7,1,20.1,20,7,1,2,5,3.5,10,19.2,2.3,75.6,0,0.0,1,0,0.7,High,1.0,0.9545454545454546,,synthetic
synth_emp_0124,2026-01-12,Product,Lead,Full-Time,29.5,5,9.8,7.3,2,3,0,0,0,7,0,0,2.0,10.0,1,0,45.1,0,12.0,23,2,2,9,12,37.9,16,18.2,4.5,61.6,0,0.0,2,0,0.608,Medium,1.0,0.9545454545454546,,synthetic
synth_emp_0124,2026-01-19,Product,Lead,Full-Time,29.5,5,7.1,8.2,0,1,0,1,0,5,0,0,0.0,7.0,0,0,45.3,2,21.2,34,6,0,0,15,36.0,9,14.7,2.7,88.4,0,0.0,2,0,0.741,High,1.0,0.9545454545454546,,synthetic
synth_emp_0124,2026-01-26,Product,Lead,Full-Time,29.5,5,8.3,1.7,2,1,0,1,0,5,0,0,0.0,17.0,0,0,43.7,0,2.3,5,0,0,6,6,47.5,8,10.3,3.2,90.3,0,0.0,1,0,0.376,Low,1.0,0.9545454545454546,,synthetic
synth_emp_0124,2026-02-02,Product,Lead,Full-Time,29.5,5,7.5,13.6,2,2,1,2,0,6,0,0,0.0,15.0,0,0,42.1,2,17.2,9,0,0,0,15,4.6,17,6.2,4.7,40.7,0,0.0,2,0,0.435,Medium,1.0,0.9545454545454546,,synthetic
synth_emp_0124,2026-02-09,Product,Lead,Full-Time,29.5,5,7.8,9.6,3,1,1,0,0,6,0,0,0.0,12.0,0,0,33.0,0,24.2,10,3,1,8,11,28.9,12,35.0,2.3,63.8,0,0.0,2,0,0.326,Low,1.0,0.9545454545454546,,synthetic
synth_emp_0124,2026-02-16,Product,Lead,Full-Time,29.5,5,6.1,2.5,0,2,1,0,0,7,0,0,1.0,11.0,0,0,32.6,1,25.9,12,1,1,9,14,14.2,19,61.1,3.5,87.5,0,0.0,2,0,0.299,Low,1.0,0.9545454545454546,,synthetic
synth_emp_0124,2026-02-23,Product,Lead,Full-Time,29.5,5,9.9,7.0,1,0,1,0,0,6,0,0,0.0,7.0,0,0,35.2,2,7.9,33,8,6,2,3,19.5,9,50.8,3.5,99.6,0,0.0,2,0,1.0,High,1.0,0.9545454545454546,,synthetic
synth_emp_0124,2026-03-02,Product,Lead,Full-Time,29.5,5,7.8,,2,0,0,2,0,7,0,0,1.0,15.0,1,0,48.1,1,19.6,43,16,3,8,15,43.0,11,34.8,4.4,51.5,0,0.0,0,0,0.665,Medium,1.0,0.9318181818181818,,synthetic
synth_emp_0124,2026-03-09,Product,Lead,Full-Time,29.5,5,8.6,14.0,1,0,0,0,0,5,0,0,1.0,11.0,0,0,47.1,2,28.6,25,8,0,10,0,,20,7.2,2.5,96.3,0,0.0,2,0,0.766,High,1.0,0.9318181818181818,,synthetic
synth_emp_0124,2026-03-16,Product,Lead,Full-Time,29.5,5,7.5,6.3,3,0,1,2,0,5,0,0,1.0,7.0,0,0,38.4,1,6.2,0,0,0,2,10,14.3,9,69.2,4.1,90.5,0,0.0,0,0,0.339,Low,1.0,0.9545454545454546,,synthetic
synth_emp_0124,2026-03-23,Product,Lead,Full-Time,29.5,5,10.0,4.4,0,3,1,0,0,4,0,0,0.0,18.0,1,0,38.0,0,15.6,25,9,0,9,4,6.5,11,7.9,4.1,76.8,0,0.0,1,0,0.736,High,1.0,0.9545454545454546,,synthetic
synth_emp_0125,2026-01-05,Design,Lead,Contractor,19.8,4,8.0,4.9,2,0,1,0,0,6,0,0,2.0,14.0,0,0,31.9,0,14.3,48,17,0,10,13,36.2,3,67.1,3.9,57.4,0,0.0,3,0,0.331,Low,1.0,0.9545454545454546,,synthetic
synth_emp_0125,2026-01-12,Design,Lead,Contractor,19.8,4,9.2,11.4,2,3,1,0,0,4,0,0,2.0,12.0,0,0,35.5,2,20.2,0,0,0,10,1,30.9,8,46.3,3.5,90.3,0,0.0,1,0,0.661,Medium,1.0,0.9545454545454546,,synthetic
synth_emp_0125,2026-01-19,Design,Lead,Contractor,19.8,4,8.8,9.8,0,3,1,0,0,6,0,0,0.0,7.0,1,0,45.9,1,1.5,41,14,3,0,13,36.6,18,16.2,2.1,94.7,0,0.0,0,0,0.943,High,1.0,0.9545454545454546,,synthetic
synth_emp_0125,2026-01-26,Design,Lead,Contractor,19.8,4,8.5,10.4,2,0,1,1,0,5,0,0,2.0,7.0,1,0,38.9,0,11.7,17,4,2,8,11,8.5,1,29.2,2.6,92.7,0,0.0,1,0,0.306,Low,1.0,0.9545454545454546,,synthetic
synth_emp_0125,2026-02-02,Design,Lead,Contractor,19.8,4,7.7,1.4,0,0,1,2,0,5,0,0,0.0,8.0,0,0,49.2,0,13.8,22,7,0,9,12,8.9,10,43.8,4.6,48.9,0,0.0,1,0,0.396,Low,1.0,0.9545454545454546,,synthetic
synth_emp_0125,2026-02-09,Design,Lead,Contractor,19.8,4,9.8,5.9,3,0,1,0,0,7,0,0,2.0,8.0,1,0,31.8,1,23.7,31,1,0,7,6,25.2,20,51.3,2.6,52.1,0,0.0,3,0,0.603,Medium,1.0,0.9545454545454546,,synthetic
synth_emp_0125,2026-02-16,Design,Lead,Contractor,19.8,4,8.0,13.6,0,3,0,1,0,6,0,0,0.0,16.0,1,0,31.3,2,18.5,6,1,0,2,4,1.1,10,4.6,4.6,59.8,0,0.0,1,0,0.376,Low,1.0,0.9545454545454546,,synthetic
synth_emp_0125,2026-02-23,Design,Lead,Contractor,19.8,4,9.4,14.3,3,3,0,1,0,6,0,0,2.0,10.0,1,0,34.2,2,10.4,41,13,0,2,11,17.5,7,38.0,3.9,65.3,0,0.0,0,0,0.905,High,1.0,0.9545454545454546,,synthetic
synth_emp_0125,2026-03-02,Design,Lead,Contractor,19.8,4,6.6,1.6,2,1,1,2,0,4,0,0,0.0,13.0,1,0,49.5,1,28.6,42,14,0,4,6,2.9,3,13.1,2.4,83.8,0,0.0,1,0,0.259,Low,1.0,0.9545454545454546,,synthetic
synth_emp_0125,2026-03-09,Design,Lead,Contractor,19.8,4,6.7,,3,0,1,0,0,4,0,0,0.0,20.0,0,0,49.7,1,16.9,30,9,3,7,10,42.6,16,15.6,3.9,47.4,0,0.0,0,0,0.658,Medium,1.0,0.9318181818181818,,synthetic
synth_emp_0125,2026-03-16,Design,Lead,Contractor,19.8,4,9.8,2.1,1,0,1,2,0,6,0,0,1.0,12.0,0,0,33.9,2,8.3,41,0,0,10,6,21.7,14,64.0,4.4,72.6,0,0.0,0,0,0.412,Medium,1.0,0.9545454545454546,,synthetic
synth_emp_0125,2026-03-23,Design,Lead,Contractor,19.8,4,6.8,,0,3,1,0,0,4,0,0,1.0,12.0,1,0,36.4,2,15.6,16,3,1,3,9,40.5,8,40.2,2.3,47.5,0,0.0,0,0,0.194,Low,1.0,0.9318181818181818,,synthetic
synth_emp_0126,2026-01-05,Sales,Mid,Full-Time,31.5,8,,10.9,2,1,1,0,0,6,0,0,1.0,14.0,0,0,36.4,0,6.5,34,3,3,0,5,46.2,14,55.8,3.1,65.0,0,0.0,3,0,0.605,Medium,1.0,0.9318181818181818,,synthetic
synth_emp_0126,2026-01-12,Sales,Mid,Full-Time,31.5,8,,10.5,3,0,0,2,0,6,0,0,1.0,12.0,0,0,41.9,1,6.2,13,3,0,1,3,27.7,6,19.1,2.2,69.3,0,0.0,0,0,0.596,Medium,1.0,0.9318181818181818,,synthetic
synth_emp_0126,2026-01-19,Sales,Mid,Full-Time,31.5,8,6.0,7.3,0,0,1,1,0,5,0,0,0.0,20.0,0,0,46.1,1,5.5,40,10,0,4,3,39.0,14,70.1,2.9,57.9,0,0.0,2,0,0.624,Medium,1.0,0.9545454545454546,,synthetic
synth_emp_0126,2026-01-26,Sales,Mid,Full-Time,31.5,8,7.0,11.8,0,2,0,1,0,7,0,0,2.0,8.0,0,0,30.5,1,29.6,20,0,1,0,10,40.1,19,25.5,3.6,79.7,0,0.0,0,0,0.473,Medium,1.0,0.9545454545454546,,synthetic
synth_emp_0126,2026-02-02,Sales,Mid,Full-Time,31.5,8,7.3,4.8,2,2,1,1,0,6,0,0,2.0,19.0,0,0,46.5,1,7.9,34,1,4,2,13,26.1,1,69.9,2.8,95.6,0,0.0,2,0,0.49,Medium,1.0,0.9545454545454546,,synthetic
synth_emp_0126,2026-02-09,Sales,Mid,Full-Time,31.5,8,9.9,13.8,0,0,1,2,0,7,0,0,1.0,12.0,0,0,48.5,0,2.1,42,5,4,4,8,1.0,20,6.6,4.6,60.9,0,0.0,0,0,0.886,High,1.0,0.9545454545454546,,synthetic
synth_emp_0126,2026-02-16,Sales,Mid,Full-Time,31.5,8,7.9,12.6,0,0,0,1,0,4,0,0,0.0,14.0,1,0,35.1,1,7.6,50,15,9,7,11,15.2,12,38.5,2.6,83.9,0,0.0,3,0,0.677,Medium,1.0,0.9545454545454546,,synthetic
synth_emp_0126,2026-02-23,Sales,Mid,Full-Time,31.5,8,7.4,,3,3,0,0,0,5,0,0,2.0,6.0,1,0,42.0,2,2.4,35,8,0,8,9,19.3,3,13.1,4.7,87.6,0,0.0,3,0,0.29,Low,1.0,0.9318181818181818,,synthetic
synth_emp_0126,2026-03-02,Sales,Mid,Full-Time,31.5,8,8.7,8.4,0,2,0,1,0,4,0,0,1.0,13.0,0,0,42.6,2,8.2,7,1,0,7,0,,12,63.3,4.5,90.0,0,0.0,0,0,0.592,Medium,1.0,0.9318181818181818,,synthetic
synth_emp_0126,2026-03-09,Sales,Mid,Full-Time,31.5,8,8.8,11.7,2,2,1,0,0,7,0,0,2.0,13.0,1,0,35.6,2,12.6,10,2,0,5,14,19.6,20,36.9,4.7,50.8,0,0.0,2,0,0.517,Medium,1.0,0.9545454545454546,,synthetic
synth_emp_0126,2026-03-16,Sales,Mid,Full-Time,31.5,8,,3.4,3,1,1,2,0,6,0,0,1.0,10.0,1,0,45.0,1,29.4,32,11,0,1,2,41.2,8,66.0,2.9,71.8,0,0.0,2,0,0.489,Medium,1.0,0.9318181818181818,,synthetic
synth_emp_0126,2026-03-23,Sales,Mid,Full-Time,31.5,8,,,1,2,1,2,0,4,0,0,2.0,20.0,0,0,39.6,2,19.2,42,5,2,7,8,43.1,13,58.0,4.6,68.2,0,0.0,1,0,0.17,Low,1.0,0.9090909090909091,,synthetic
synth_emp_0127,2026-01-05,Marketing,Manager,Full-Time,20.0,7,7.4,12.8,3,3,1,2,0,7,0,0,0.0,7.0,0,0,42.0,1,4.9,29,1,0,4,14,15.1,4,25.3,4.0,76.7,0,0.0,0,0,0.431,Medium,1.0,0.9545454545454546,,synthetic
synth_emp_0127,2026-01-12,Marketing,Manager,Full-Time,20.0,7,9.5,13.9,2,3,0,2,0,7,0,0,1.0,6.0,1,0,47.1,1,14.3,0,0,0,7,14,15.6,3,20.3,3.1,67.0,0,0.0,3,0,0.535,Medium,1.0,0.9545454545454546,,synthetic
synth_emp_0127,2026-01-19,Marketing,Manager,Full-Time,20.0,7,6.2,14.9,2,0,1,1,0,6,0,0,0.0,16.0,1,0,49.9,0,14.7,47,0,0,4,11,46.2,17,20.1,3.0,60.2,0,0.0,3,0,0.377,Low,1.0,0.9545454545454546,,synthetic
synth_emp_0127,2026-01-26,Marketing,Manager,Full-Time,20.0,7,9.3,6.2,2,0,1,0,0,4,0,0,2.0,19.0,0,0,39.4,2,14.1,15,4,2,8,5,0.7,20,51.2,4.3,68.5,0,0.0,2,0,0.771,High,1.0,0.9545454545454546,,synthetic
synth_emp_0127,2026-02-02,Marketing,Manager,Full-Time,20.0,7,9.5,14.2,3,3,0,0,0,7,0,0,1.0,5.0,0,0,45.6,1,20.4,35,8,1,4,5,35.4,8,39.4,3.9,86.2,0,0.0,2,0,0.844,High,1.0,0.9545454545454546,,synthetic
synth_emp_0127,2026-02-09,Marketing,Manager,Full-Time,20.0,7,7.4,,3,3,1,0,0,6,0,0,1.0,8.0,1,0,49.9,2,29.8,30,7,2,9,3,21.0,3,28.7,4.8,65.7,0,0.0,2,0,0.317,Low,1.0,0.9318181818181818,,synthetic
synth_emp_0127,2026-02-16,Marketing,Manager,Full-Time,20.0,7,,7.1,2,3,1,2,0,4,0,0,1.0,9.0,0,0,31.1,2,1.4,11,1,0,8,1,5.2,2,15.0,4.3,85.0,0,0.0,0,0,0.482,Medium,1.0,0.9318181818181818,,synthetic
synth_emp_0127,2026-02-23,Marketing,Manager,Full-Time,20.0,7,9.8,3.5,0,0,1,2,0,6,0,0,2.0,8.0,0,0,42.9,0,17.2,27,6,3,4,8,30.1,13,65.0,2.1,44.1,0,0.0,0,0,0.629,Medium,1.0,0.9545454545454546,,synthetic
synth_emp_0127,2026-03-02,Marketing,Manager,Full-Time,20.0,7,8.2,13.6,1,0,0,0,0,4,0,0,1.0,17.0,1,0,43.6,2,17.4,16,2,1,2,11,5.1,6,41.8,4.8,89.6,0,0.0,1,0,0.325,Low,1.0,0.9545454545454546,,synthetic
synth_emp_0127,2026-03-09,Marketing,Manager,Full-Time,20.0,7,7.4,11.2,3,1,1,2,0,6,0,0,0.0,12.0,0,0,46.3,2,5.4,18,6,1,7,9,18.8,15,57.1,4.1,44.8,0,0.0,3,0,0.592,Medium,1.0,0.9545454545454546,,synthetic
synth_emp_0127,2026-03-16,Marketing,Manager,Full-Time,20.0,7,9.3,5.4,2,1,1,0,0,7,0,0,2.0,19.0,1,0,41.8,0,22.0,21,2,0,10,14,29.8,16,41.4,2.8,75.7,0,0.0,1,0,0.544,Medium,1.0,0.9545454545454546,,synthetic
synth_emp_0127,2026-03-23,Marketing,Manager,Full-Time,20.0,7,9.9,7.6,2,0,1,1,0,5,0,0,2.0,17.0,1,0,36.3,2,8.5,30,3,4,5,12,44.2,15,16.6,4.0,43.0,0,0.0,0,0,0.675,Medium,1.0,0.9545454545454546,,synthetic
synth_emp_0128,2026-01-05,Design,Junior,Contractor,5.6,3,6.4,,1,3,1,1,0,4,0,0,1.0,17.0,0,0,46.0,1,0.9,38,11,2,9,7,22.2,6,27.3,4.7,79.7,0,0.0,0,0,0.547,Medium,1.0,0.9318181818181818,,synthetic
synth_emp_0128,2026-01-12,Design,Junior,Contractor,5.6,3,8.9,5.5,0,0,1,1,0,5,0,0,0.0,19.0,1,0,38.3,0,24.1,28,9,5,3,2,39.1,0,14.1,2.3,96.0,0,0.0,3,0,0.943,High,1.0,0.9545454545454546,,synthetic
synth_emp_0128,2026-01-19,Design,Junior,Contractor,5.6,3,6.9,7.2,2,1,1,0,0,4,0,0,2.0,10.0,0,0,49.0,2,26.9,40,10,0,0,0,,0,30.5,2.6,62.9,0,0.0,2,0,0.479,Medium,1.0,0.9318181818181818,,synthetic
synth_emp_0128,2026-01-26,Design,Junior,Contractor,5.6,3,8.4,0.8,0,2,1,0,0,4,0,0,2.0,5.0,0,0,49.1,1,1.6,41,5,0,5,8,12.4,7,66.5,4.1,74.3,0,0.0,2,0,0.263,Low,1.0,0.9545454545454546,,synthetic
synth_emp_0128,2026-02-02,Design,Junior,Contractor,5.6,3,9.6,12.2,2,3,1,2,0,7,0,0,1.0,6.0,1,0,35.1,2,25.3,26,0,5,5,15,19.8,12,11.6,3.4,40.5,0,0.0,2,0,0.884,High,1.0,0.9545454545454546,,synthetic
synth_emp_0128,2026-02-09,Design,Junior,Contractor,5.6,3,7.2,11.4,3,2,1,0,0,5,0,0,1.0,20.0,0,0,45.9,1,16.9,24,5,1,1,13,36.5,12,4.9,4.9,41.3,0,0.0,0,0,0.534,Medium,1.0,0.9545454545454546,,synthetic
synth_emp_0128,2026-02-16,Design,Junior,Contractor,5.6,3,8.7,5.3,2,0,1,1,0,6,0,0,0.0,14.0,1,0,44.9,2,29.2,31,0,1,4,15,35.6,4,54.2,3.5,77.7,0,0.0,0,0,0.614,Medium,1.0,0.9545454545454546,,synthetic
synth_emp_0128,2026-02-23,Design,Junior,Contractor,5.6,3,9.4,,3,2,1,0,0,6,0,0,0.0,13.0,0,0,38.2,2,20.0,7,0,0,1,13,47.0,9,11.6,4.7,40.3,0,0.0,3,0,0.565,Medium,1.0,0.9318181818181818,,synthetic
synth_emp_0128,2026-03-02,Design,Junior,Contractor,5.6,3,6.3,0.7,1,3,1,1,0,4,0,0,2.0,6.0,1,0,35.0,1,23.5,34,1,1,5,13,17.6,1,3.1,3.5,40.8,0,0.0,3,0,0.242,Low,1.0,0.9545454545454546,,synthetic
synth_emp_0128,2026-03-09,Design,Junior,Contractor,5.6,3,9.8,8.1,2,2,1,1,0,7,0,0,0.0,18.0,1,0,39.6,0,13.0,0,0,0,7,15,26.8,4,49.9,3.8,49.6,0,0.0,1,0,0.554,Medium,1.0,0.9545454545454546,,synthetic
synth_emp_0128,2026-03-16,Design,Junior,Contractor,5.6,3,6.9,1.8,1,2,1,2,0,5,0,0,0.0,18.0,1,0,48.2,1,23.6,13,0,1,0,4,5.8,16,49.1,2.3,81.2,0,0.0,0,0,0.148,Low,1.0,0.9545454545454546,,synthetic
synth_emp_0128,2026-03-23,Design,Junior,Contractor,5.6,3,8.3,4.3,1,2,1,0,0,4,0,0,2.0,11.0,1,0,31.9,0,25.8,29,7,4,8,0,,1,11.6,3.5,79.5,0,0.0,0,0,0.427,Medium,1.0,0.9318181818181818,,synthetic
synth_emp_0129,2026-01-05,Marketing,Mid,Full-Time,44.4,9,7.8,5.6,3,0,1,2,0,7,0,0,0.0,17.0,1,0,40.8,1,27.7,21,5,3,3,3,15.6,12,61.8,2.2,86.8,0,0.0,1,0,0.567,Medium,1.0,0.9545454545454546,,synthetic
synth_emp_0129,2026-01-12,Marketing,Mid,Full-Time,44.4,9,7.5,13.9,0,3,1,0,0,7,0,0,2.0,19.0,0,0,46.4,2,25.9,3,0,0,7,8,17.6,3,59.0,3.6,52.0,0,0.0,2,0,0.542,Medium,1.0,0.9545454545454546,,synthetic
synth_emp_0129,2026-01-19,Marketing,Mid,Full-Time,44.4,9,9.0,9.6,1,1,0,0,0,6,0,0,1.0,6.0,0,0,44.0,1,25.1,27,4,2,6,9,47.6,0,51.3,3.8,91.2,0,0.0,3,0,0.79,High,1.0,0.9545454545454546,,synthetic
synth_emp_0129,2026-01-26,Marketing,Mid,Full-Time,44.4,9,7.5,12.7,3,0,1,2,0,5,0,0,0.0,13.0,1,0,30.3,1,19.6,15,2,1,9,0,,0,12.3,3.4,55.8,0,0.0,0,0,0.385,Low,1.0,0.9318181818181818,,synthetic
synth_emp_0129,2026-02-02,Marketing,Mid,Full-Time,44.4,9,6.0,0.7,2,3,1,1,0,7,0,0,0.0,5.0,1,0,33.6,1,0.7,40,12,7,2,3,43.0,16,12.7,3.0,40.2,0,0.0,1,0,0.564,Medium,1.0,0.9545454545454546,,synthetic
synth_emp_0129,2026-02-09,Marketing,Mid,Full-Time,44.4,9,6.9,,0,0,0,1,0,5,0,0,1.0,19.0,0,0,31.8,1,16.6,44,2,4,7,2,15.7,11,2.0,3.1,52.5,0,0.0,0,0,0.361,Low,1.0,0.9318181818181818,,synthetic
synth_emp_0129,2026-02-16,Marketing,Mid,Full-Time,44.4,9,8.5,,0,3,1,2,0,4,0,0,1.0,16.0,0,0,36.6,2,18.1,1,0,0,3,9,5.3,6,58.0,2.5,64.4,0,0.0,1,0,0.107,Low,1.0,0.9318181818181818,,synthetic
synth_emp_0129,2026-02-23,Marketing,Mid,Full-Time,44.4,9,7.5,13.8,2,1,0,2,0,4,0,0,1.0,6.0,1,0,38.3,1,24.3,16,2,1,7,6,2.5,2,11.6,4.5,90.9,0,0.0,1,0,0.581,Medium,1.0,0.9545454545454546,,synthetic
synth_emp_0129,2026-03-02,Marketing,Mid,Full-Time,44.4,9,8.4,1.3,3,2,0,1,0,6,0,0,0.0,18.0,1,0,43.6,0,2.5,41,5,8,4,2,27.5,10,50.2,3.8,87.5,0,0.0,2,0,0.518,Medium,1.0,0.9545454545454546,,synthetic
synth_emp_0129,2026-03-09,Marketing,Mid,Full-Time,44.4,9,8.2,0.5,0,3,1,1,0,5,0,0,0.0,6.0,0,0,34.0,1,4.7,34,7,6,3,9,18.6,7,58.7,4.1,71.5,0,0.0,1,0,0.47,Medium,1.0,0.9545454545454546,,synthetic
synth_emp_0129,2026-03-16,Marketing,Mid,Full-Time,44.4,9,8.3,,0,2,0,2,0,7,0,0,1.0,18.0,1,0,39.3,1,19.6,9,1,1,6,4,24.0,1,53.4,3.4,68.6,0,0.0,3,0,0.178,Low,1.0,0.9318181818181818,,synthetic
synth_emp_0129,2026-03-23,Marketing,Mid,Full-Time,44.4,9,6.8,5.4,0,3,0,0,0,5,0,0,1.0,19.0,1,0,31.0,2,14.0,31,2,0,1,4,10.1,16,50.2,3.2,46.3,0,0.0,3,0,0.565,Medium,1.0,0.9545454545454546,,synthetic
synth_emp_0130,2026-01-05,Product,Lead,Contractor,32.1,5,8.6,8.2,0,1,1,2,0,4,0,0,1.0,10.0,1,0,33.4,2,8.0,36,5,0,5,12,41.0,16,67.0,3.3,86.6,0,0.0,3,0,0.651,Medium,1.0,0.9545454545454546,,synthetic
synth_emp_0130,2026-01-12,Product,Lead,Contractor,32.1,5,6.6,10.0,0,1,1,2,0,4,0,0,2.0,16.0,1,0,35.1,2,29.6,39,12,7,8,14,0.9,18,4.2,4.5,96.7,0,0.0,1,0,0.637,Medium,1.0,0.9545454545454546,,synthetic
synth_emp_0130,2026-01-19,Product,Lead,Contractor,32.1,5,7.7,8.1,1,0,0,1,0,7,0,0,2.0,18.0,1,0,31.1,2,18.2,44,8,6,9,4,18.9,15,46.1,2.9,78.4,0,0.0,3,0,0.655,Medium,1.0,0.9545454545454546,,synthetic
synth_emp_0130,2026-01-26,Product,Lead,Contractor,32.1,5,6.0,6.7,3,0,0,1,0,7,0,0,0.0,14.0,0,0,36.7,1,14.6,11,4,1,10,10,34.0,3,17.7,4.2,52.0,0,0.0,0,0,0.552,Medium,1.0,0.9545454545454546,,synthetic
synth_emp_0130,2026-02-02,Product,Lead,Contractor,32.1,5,6.7,12.6,2,1,0,0,0,7,0,0,2.0,10.0,1,0,34.5,0,10.6,42,5,8,9,8,23.3,15,30.0,2.4,71.7,0,0.0,0,0,0.631,Medium,1.0,0.9545454545454546,,synthetic
synth_emp_0130,2026-02-09,Product,Lead,Contractor,32.1,5,7.8,13.7,3,1,0,2,0,7,0,0,2.0,15.0,1,0,36.9,0,9.5,16,5,2,5,10,21.5,9,11.6,3.0,87.3,0,0.0,3,0,0.388,Low,1.0,0.9545454545454546,,synthetic
synth_emp_0130,2026-02-16,Product,Lead,Contractor,32.1,5,8.4,0.8,3,0,0,1,0,6,0,0,0.0,12.0,0,0,38.8,0,16.7,29,1,5,10,13,22.9,17,38.3,5.0,77.0,0,0.0,1,0,0.331,Low,1.0,0.9545454545454546,,synthetic
synth_emp_0130,2026-02-23,Product,Lead,Contractor,32.1,5,8.7,5.9,1,3,1,0,0,4,0,0,0.0,16.0,1,0,37.5,1,19.2,9,1,1,0,13,31.3,17,65.9,2.6,79.1,0,0.0,0,0,0.722,High,1.0,0.9545454545454546,,synthetic
synth_emp_0130,2026-03-02,Product,Lead,Contractor,32.1,5,9.3,6.2,1,3,1,1,0,7,0,0,2.0,6.0,1,0,31.5,2,23.5,30,2,2,9,12,2.0,2,1.5,3.8,65.8,0,0.0,2,0,0.719,High,1.0,0.9545454545454546,,synthetic
synth_emp_0130,2026-03-09,Product,Lead,Contractor,32.1,5,8.4,5.1,2,3,0,2,0,7,0,0,2.0,14.0,0,0,46.1,0,27.3,19,7,0,5,1,5.1,5,59.3,2.4,79.9,0,0.0,3,0,0.716,High,1.0,0.9545454545454546,,synthetic
synth_emp_0130,2026-03-16,Product,Lead,Contractor,32.1,5,9.3,,3,0,0,2,0,7,0,0,0.0,17.0,0,0,47.3,1,2.8,49,18,1,10,13,47.6,8,1.1,2.4,42.0,0,0.0,0,0,0.562,Medium,1.0,0.9318181818181818,,synthetic
synth_emp_0130,2026-03-23,Product,Lead,Contractor,32.1,5,6.7,14.9,1,3,1,0,0,6,0,0,0.0,14.0,1,0,47.8,2,25.5,50,5,3,1,9,36.7,2,71.7,2.0,70.5,0,0.0,2,0,0.574,Medium,1.0,0.9545454545454546,,synthetic
synth_emp_0131,2026-01-05,Product,Manager,Contractor,21.3,12,8.2,8.5,1,1,0,0,0,4,0,0,1.0,13.0,0,0,30.4,2,7.4,47,3,2,2,2,32.5,19,69.1,3.4,56.8,0,0.0,2,0,0.564,Medium,1.0,0.9545454545454546,,synthetic
synth_emp_0131,2026-01-12,Product,Manager,Contractor,21.3,12,9.1,8.9,2,0,1,1,0,7,0,0,0.0,13.0,1,0,44.4,2,14.4,19,2,1,8,13,45.6,6,48.0,2.9,73.8,0,0.0,0,0,0.775,High,1.0,0.9545454545454546,,synthetic
synth_emp_0131,2026-01-19,Product,Manager,Contractor,21.3,12,8.5,13.1,1,1,0,1,0,6,0,0,0.0,8.0,0,0,40.1,1,10.7,1,0,0,5,9,14.3,19,34.4,4.3,98.1,0,0.0,1,0,0.352,Low,1.0,0.9545454545454546,,synthetic
synth_emp_0131,2026-01-26,Product,Manager,Contractor,21.3,12,8.4,,2,1,1,2,0,6,0,0,1.0,16.0,0,0,43.0,0,8.6,41,5,4,4,2,17.7,8,5.0,4.6,81.5,0,0.0,0,0,0.505,Medium,1.0,0.9318181818181818,,synthetic
synth_emp_0131,2026-02-02,Product,Manager,Contractor,21.3,12,8.6,,2,2,0,2,0,7,0,0,0.0,8.0,0,0,40.5,0,19.1,46,4,3,1,9,11.8,5,28.9,3.9,45.7,0,0.0,0,0,0.73,High,1.0,0.9318181818181818,,synthetic
synth_emp_0131,2026-02-09,Product,Manager,Contractor,21.3,12,7.1,8.3,0,3,0,2,0,6,0,0,2.0,5.0,1,0,48.7,1,20.1,37,3,3,2,14,3.0,14,29.7,4.8,82.8,0,0.0,1,0,0.467,Medium,1.0,0.9545454545454546,,synthetic
synth_emp_0131,2026-02-16,Product,Manager,Contractor,21.3,12,7.3,14.4,1,3,1,1,0,6,0,0,0.0,11.0,1,0,46.7,0,11.7,31,7,0,1,15,2.4,16,22.3,2.8,46.5,0,0.0,1,0,0.604,Medium,1.0,0.9545454545454546,,synthetic
synth_emp_0131,2026-02-23,Product,Manager,Contractor,21.3,12,9.7,10.8,3,2,0,1,0,6,0,0,0.0,20.0,1,0,38.9,2,24.9,36,2,1,7,4,35.8,3,26.6,3.0,53.4,0,0.0,1,0,0.505,Medium,1.0,0.9545454545454546,,synthetic
synth_emp_0131,2026-03-02,Product,Manager,Contractor,21.3,12,,8.6,2,3,0,2,0,7,0,0,2.0,8.0,1,0,37.6,2,1.5,49,4,7,1,6,31.0,0,57.9,4.4,50.3,0,0.0,3,0,0.695,Medium,1.0,0.9318181818181818,,synthetic
synth_emp_0131,2026-03-09,Product,Manager,Contractor,21.3,12,8.4,13.3,0,1,1,0,0,4,0,0,2.0,18.0,0,0,31.9,2,0.1,33,8,4,3,14,3.2,15,60.3,3.1,75.9,0,0.0,1,0,0.601,Medium,1.0,0.9545454545454546,,synthetic
synth_emp_0131,2026-03-16,Product,Manager,Contractor,21.3,12,7.9,12.4,3,1,0,1,0,7,0,0,1.0,11.0,0,0,31.5,1,4.9,10,2,1,4,15,14.1,6,39.3,2.4,79.4,0,0.0,3,0,0.553,Medium,1.0,0.9545454545454546,,synthetic
synth_emp_0131,2026-03-23,Product,Manager,Contractor,21.3,12,8.4,4.7,3,2,1,2,0,7,0,0,0.0,13.0,0,0,41.1,0,29.0,41,4,5,2,8,38.9,15,32.7,4.0,90.6,0,0.0,3,0,0.49,Medium,1.0,0.9545454545454546,,synthetic
synth_emp_0132,2026-01-05,Product,Lead,Contractor,1.3,10,,13.4,0,3,1,0,0,4,0,0,1.0,16.0,0,0,35.5,2,11.2,9,1,1,6,3,38.0,2,45.0,4.4,83.7,0,0.0,3,0,0.581,Medium,1.0,0.9318181818181818,,synthetic
synth_emp_0132,2026-01-12,Product,Lead,Contractor,1.3,10,9.9,0.8,2,2,1,1,0,6,0,0,1.0,16.0,1,0,46.9,1,10.9,17,1,3,7,2,0.5,6,52.5,3.8,68.6,0,0.0,2,0,0.506,Medium,1.0,0.9545454545454546,,synthetic
synth_emp_0132,2026-01-19,Product,Lead,Contractor,1.3,10,,,1,1,0,0,0,6,0,0,1.0,10.0,0,0,36.2,1,19.1,0,0,0,6,0,,3,60.5,4.9,60.1,0,0.0,3,0,0.338,Low,1.0,0.8863636363636364,,synthetic
synth_emp_0132,2026-01-26,Product,Lead,Contractor,1.3,10,9.3,,3,0,1,0,0,5,0,0,0.0,17.0,0,0,37.0,0,14.4,13,4,2,0,5,26.3,13,29.3,3.2,43.3,0,0.0,3,0,0.3,Low,1.0,0.9318181818181818,,synthetic
synth_emp_0132,2026-02-02,Product,Lead,Contractor,1.3,10,7.8,0.9,1,0,1,1,0,7,0,0,0.0,17.0,0,0,41.0,1,18.5,7,0,0,1,15,21.5,4,11.6,4.6,70.7,0,0.0,0,0,0.229,Low,1.0,0.9545454545454546,,synthetic
synth_emp_0132,2026-02-09,Product,Lead,Contractor,1.3,10,9.0,4.7,2,3,1,2,0,7,0,0,0.0,19.0,1,0,48.4,0,28.2,30,5,3,3,4,12.7,0,63.0,4.8,74.2,0,0.0,3,0,0.515,Medium,1.0,0.9545454545454546,,synthetic
synth_emp_0132,2026-02-16,Product,Lead,Contractor,1.3,10,,7.3,1,3,1,0,0,4,0,0,0.0,15.0,1,0,38.9,2,15.7,21,4,1,1,3,39.1,8,2.3,2.5,72.1,0,0.0,2,0,0.358,Low,1.0,0.9318181818181818,,synthetic
synth_emp_0132,2026-02-23,Product,Lead,Contractor,1.3,10,7.6,9.6,2,0,1,2,0,5,0,0,2.0,11.0,0,0,37.5,2,12.2,50,16,1,3,7,21.8,15,70.8,2.3,53.4,0,0.0,0,0,0.576,Medium,1.0,0.9545454545454546,,synthetic
synth_emp_0132,2026-03-02,Product,Lead,Contractor,1.3,10,8.1,,3,0,1,1,0,6,0,0,1.0,13.0,0,0,45.4,2,24.2,15,2,1,1,0,,10,8.0,4.3,77.0,0,0.0,1,0,0.108,Low,1.0,0.9090909090909091,,synthetic
synth_emp_0132,2026-03-09,Product,Lead,Contractor,1.3,10,8.3,,0,0,1,2,0,4,0,0,2.0,18.0,0,0,47.9,1,9.2,45,11,0,1,5,21.1,13,64.7,3.3,83.4,0,0.0,0,0,0.503,Medium,1.0,0.9318181818181818,,synthetic
synth_emp_0132,2026-03-16,Product,Lead,Contractor,1.3,10,9.0,12.5,2,2,0,1,0,4,0,0,1.0,20.0,1,0,44.2,2,29.2,17,1,0,5,15,2.9,15,13.5,5.0,42.0,0,0.0,0,0,0.791,High,1.0,0.9545454545454546,,synthetic
synth_emp_0132,2026-03-23,Product,Lead,Contractor,1.3,10,7.5,7.8,2,2,1,1,0,6,0,0,2.0,8.0,1,0,41.8,1,25.9,26,0,1,3,13,9.0,5,71.7,2.2,74.4,0,0.0,0,0,0.346,Low,1.0,0.9545454545454546,,synthetic
synth_emp_0133,2026-01-05,Engineering,Mid,Contractor,14.7,7,9.3,6.6,1,3,0,0,0,6,0,0,2.0,16.0,1,0,34.0,1,7.7,48,9,7,2,1,25.7,2,18.1,3.9,47.0,0,0.0,2,0,0.973,High,1.0,0.9545454545454546,,synthetic
synth_emp_0133,2026-01-12,Engineering,Mid,Contractor,14.7,7,7.4,4.1,2,2,0,0,0,5,0,0,1.0,16.0,0,0,40.1,0,18.3,6,1,0,3,3,10.5,3,33.9,4.7,88.9,0,0.0,1,0,0.264,Low,1.0,0.9545454545454546,,synthetic
synth_emp_0133,2026-01-19,Engineering,Mid,Contractor,14.7,7,8.9,3.5,3,2,1,0,0,4,0,0,1.0,11.0,0,0,37.5,0,12.6,44,2,6,4,11,38.4,10,55.8,4.2,42.7,0,0.0,2,0,0.595,Medium,1.0,0.9545454545454546,,synthetic
synth_emp_0133,2026-01-26,Engineering,Mid,Contractor,14.7,7,6.7,0.6,3,1,0,2,0,7,0,0,0.0,18.0,0,0,42.6,1,26.1,43,9,4,7,5,17.9,6,28.0,3.6,62.0,0,0.0,1,0,0.504,Medium,1.0,0.9545454545454546,,synthetic
synth_emp_0133,2026-02-02,Engineering,Mid,Contractor,14.7,7,6.5,3.0,0,2,0,0,0,7,0,0,2.0,5.0,0,0,46.7,0,24.9,45,11,8,4,14,18.2,14,34.9,3.0,62.8,0,0.0,3,0,0.406,Medium,1.0,0.9545454545454546,,synthetic
synth_emp_0133,2026-02-09,Engineering,Mid,Contractor,14.7,7,8.0,6.6,2,1,0,2,0,4,0,0,0.0,9.0,0,0,49.7,2,11.7,37,8,3,5,0,,14,49.8,3.1,51.7,0,0.0,3,0,0.859,High,1.0,0.9318181818181818,,synthetic
synth_emp_0133,2026-02-16,Engineering,Mid,Contractor,14.7,7,7.6,5.0,1,2,1,1,0,6,0,0,0.0,17.0,0,0,34.2,0,13.4,10,2,1,8,4,45.1,12,4.1,4.2,74.2,0,0.0,1,0,0.146,Low,1.0,0.9545454545454546,,synthetic
synth_emp_0133,2026-02-23,Engineering,Mid,Contractor,14.7,7,7.1,,1,3,0,1,0,5,0,0,1.0,16.0,1,0,45.9,0,22.5,24,6,2,3,4,29.8,13,47.2,3.9,61.6,0,0.0,2,0,0.271,Low,1.0,0.9318181818181818,,synthetic
synth_emp_0133,2026-03-02,Engineering,Mid,Contractor,14.7,7,8.6,2.6,1,0,1,0,0,4,0,0,0.0,5.0,1,0,32.0,2,22.3,40,0,4,3,9,4.0,12,2.8,4.3,64.8,0,0.0,0,0,0.514,Medium,1.0,0.9545454545454546,,synthetic
synth_emp_0133,2026-03-09,Engineering,Mid,Contractor,14.7,7,7.3,7.6,1,1,1,2,0,7,0,0,1.0,18.0,0,0,47.3,0,23.3,16,5,0,1,15,6.9,18,6.4,4.8,43.3,0,0.0,2,0,0.334,Low,1.0,0.9545454545454546,,synthetic
synth_emp_0133,2026-03-16,Engineering,Mid,Contractor,14.7,7,9.6,0.7,2,1,0,2,0,4,0,0,2.0,6.0,0,0,46.2,2,14.2,37,14,4,7,15,16.1,5,43.5,4.1,81.6,0,0.0,1,0,0.831,High,1.0,0.9545454545454546,,synthetic
synth_emp_0133,2026-03-23,Engineering,Mid,Contractor,14.7,7,6.6,9.3,1,0,1,2,0,4,0,0,1.0,5.0,1,0,33.6,0,26.1,28,3,0,7,1,6.7,10,38.3,3.7,92.4,0,0.0,2,0,0.364,Low,1.0,0.9545454545454546,,synthetic
synth_emp_0134,2026-01-05,Sales,Mid,Full-Time,25.5,3,6.5,13.0,0,0,0,0,0,7,0,0,2.0,10.0,1,0,31.3,1,26.0,10,3,0,2,3,1.0,4,14.8,4.0,44.5,0,0.0,3,0,0.403,Medium,1.0,0.9545454545454546,,synthetic
synth_emp_0134,2026-01-12,Sales,Mid,Full-Time,25.5,3,6.7,9.8,2,3,1,0,0,5,0,0,1.0,6.0,1,0,39.9,1,4.7,35,12,0,10,9,0.7,9,26.9,4.1,74.3,0,0.0,0,0,0.71,High,1.0,0.9545454545454546,,synthetic
synth_emp_0134,2026-01-19,Sales,Mid,Full-Time,25.5,3,9.4,10.3,1,3,0,1,0,4,0,0,0.0,14.0,1,0,37.6,0,14.6,22,2,4,0,11,1.8,11,48.3,4.4,96.9,0,0.0,0,0,0.936,High,1.0,0.9545454545454546,,synthetic
synth_emp_0134,2026-01-26,Sales,Mid,Full-Time,25.5,3,8.6,,2,0,0,1,0,7,0,0,1.0,15.0,0,0,34.7,0,6.7,25,4,0,6,4,14.4,7,47.9,3.6,97.2,0,0.0,3,0,0.3,Low,1.0,0.9318181818181818,,synthetic
synth_emp_0134,2026-02-02,Sales,Mid,Full-Time,25.5,3,6.9,4.8,3,3,1,0,0,4,0,0,2.0,14.0,1,0,40.4,2,3.6,32,0,0,6,9,5.3,11,1.4,4.5,41.1,0,0.0,2,0,0.142,Low,1.0,0.9545454545454546,,synthetic
synth_emp_0134,2026-02-09,Sales,Mid,Full-Time,25.5,3,9.6,12.6,1,0,0,2,0,4,0,0,2.0,5.0,0,0,34.3,0,2.8,32,9,4,5,9,19.0,3,43.6,3.6,76.2,0,0.0,3,0,1.0,High,1.0,0.9545454545454546,,synthetic
synth_emp_0134,2026-02-16,Sales,Mid,Full-Time,25.5,3,9.4,7.3,1,3,1,1,0,6,0,0,0.0,13.0,1,0,31.9,1,19.4,22,0,4,10,3,44.2,4,48.8,4.7,77.6,0,0.0,2,0,0.873,High,1.0,0.9545454545454546,,synthetic
synth_emp_0134,2026-02-23,Sales,Mid,Full-Time,25.5,3,8.9,5.2,1,0,1,2,0,7,0,0,0.0,5.0,0,0,37.7,2,10.2,34,11,5,4,15,37.8,15,27.7,2.9,55.2,0,0.0,1,0,0.849,High,1.0,0.9545454545454546,,synthetic
synth_emp_0134,2026-03-02,Sales,Mid,Full-Time,25.5,3,8.8,1.7,2,2,1,0,0,4,0,0,0.0,9.0,0,0,49.6,2,17.5,37,13,6,4,10,10.8,15,14.9,2.9,94.7,0,0.0,2,0,0.859,High,1.0,0.9545454545454546,,synthetic
synth_emp_0134,2026-03-09,Sales,Mid,Full-Time,25.5,3,7.8,3.8,1,2,1,0,0,4,0,0,1.0,18.0,1,0,38.8,0,25.1,26,6,0,6,0,,0,32.2,2.3,43.6,0,0.0,3,0,0.42,Medium,1.0,0.9318181818181818,,synthetic
synth_emp_0134,2026-03-16,Sales,Mid,Full-Time,25.5,3,,2.5,3,3,0,0,0,4,0,0,2.0,16.0,1,0,48.5,1,11.1,20,7,0,10,2,9.4,1,7.8,2.7,98.7,0,0.0,0,0,0.473,Medium,1.0,0.9318181818181818,,synthetic
synth_emp_0134,2026-03-23,Sales,Mid,Full-Time,25.5,3,8.2,8.3,0,1,1,2,0,6,0,0,1.0,8.0,0,0,46.2,1,8.5,28,2,1,4,12,29.9,13,60.4,5.0,62.6,0,0.0,3,0,0.571,Medium,1.0,0.9545454545454546,,synthetic
synth_emp_0135,2026-01-05,Sales,Senior,Contractor,11.0,3,9.7,,1,2,1,0,0,5,0,0,2.0,18.0,0,0,30.2,2,10.3,43,1,7,5,9,12.3,3,18.8,3.6,91.5,0,0.0,2,0,0.745,High,1.0,0.9318181818181818,,synthetic
synth_emp_0135,2026-01-12,Sales,Senior,Contractor,11.0,3,6.6,14.1,0,0,1,0,0,5,0,0,2.0,6.0,1,0,33.9,1,14.7,43,14,4,0,13,16.5,17,17.0,2.2,73.7,0,0.0,2,0,0.769,High,1.0,0.9545454545454546,,synthetic
synth_emp_0135,2026-01-19,Sales,Senior,Contractor,11.0,3,,9.6,0,2,0,1,0,4,0,0,2.0,19.0,0,0,42.0,1,8.8,29,9,3,4,2,28.1,11,67.5,2.8,91.0,0,0.0,0,0,0.794,High,1.0,0.9318181818181818,,synthetic
synth_emp_0135,2026-01-26,Sales,Senior,Contractor,11.0,3,7.0,6.5,2,2,1,1,0,7,0,0,2.0,15.0,1,0,42.5,2,11.3,13,2,0,6,3,37.2,7,12.6,3.4,50.0,0,0.0,2,0,0.578,Medium,1.0,0.9545454545454546,,synthetic
synth_emp_0135,2026-02-02,Sales,Senior,Contractor,11.0,3,8.0,,2,0,1,0,0,5,0,0,1.0,11.0,0,0,47.9,1,15.6,43,14,5,3,1,16.0,4,68.4,4.3,66.6,0,0.0,0,0,0.522,Medium,1.0,0.9318181818181818,,synthetic
synth_emp_0135,2026-02-09,Sales,Senior,Contractor,11.0,3,9.0,,2,1,0,1,0,5,0,0,1.0,13.0,0,0,39.2,2,1.4,22,7,2,3,3,22.9,2,38.3,2.8,57.2,0,0.0,1,0,0.452,Medium,1.0,0.9318181818181818,,synthetic
synth_emp_0135,2026-02-16,Sales,Senior,Contractor,11.0,3,8.7,12.1,3,3,0,0,0,7,0,0,0.0,13.0,1,0,40.8,0,22.0,47,10,3,4,2,5.7,3,20.9,4.9,95.9,0,0.0,3,0,1.0,High,1.0,0.9545454545454546,,synthetic
synth_emp_0135,2026-02-23,Sales,Senior,Contractor,11.0,3,7.8,2.9,1,3,0,0,0,6,0,0,0.0,11.0,0,0,32.5,2,20.0,41,1,3,7,10,28.6,16,53.2,4.7,64.3,0,0.0,3,0,0.371,Low,1.0,0.9545454545454546,,synthetic
synth_emp_0135,2026-03-02,Sales,Senior,Contractor,11.0,3,,0.7,1,2,1,1,0,5,0,0,2.0,10.0,1,0,31.3,0,7.9,43,13,2,6,2,24.6,1,66.9,4.4,67.5,0,0.0,3,0,0.436,Medium,1.0,0.9318181818181818,,synthetic
synth_emp_0135,2026-03-09,Sales,Senior,Contractor,11.0,3,6.3,10.3,1,0,1,1,0,4,0,0,2.0,12.0,0,0,45.5,2,15.7,33,1,2,3,4,36.7,8,41.3,4.0,64.1,0,0.0,3,0,0.477,Medium,1.0,0.9545454545454546,,synthetic
synth_emp_0135,2026-03-16,Sales,Senior,Contractor,11.0,3,8.3,3.0,3,1,0,2,0,7,0,0,2.0,8.0,0,0,37.3,0,19.8,44,17,4,2,3,10.2,11,49.9,3.6,42.1,0,0.0,1,0,0.47,Medium,1.0,0.9545454545454546,,synthetic
synth_emp_0135,2026-03-23,Sales,Senior,Contractor,11.0,3,,1.0,3,3,0,0,0,7,0,0,1.0,5.0,1,0,33.2,2,20.6,3,0,0,8,9,4.0,16,6.0,3.0,41.8,0,0.0,0,0,0.318,Low,1.0,0.9318181818181818,,synthetic
synth_emp_0136,2026-01-05,Marketing,Lead,Full-Time,11.2,11,7.8,9.0,1,1,1,2,0,4,0,0,1.0,18.0,1,0,35.0,1,7.4,34,4,4,6,7,45.2,18,37.7,2.4,96.8,0,0.0,1,0,0.749,High,1.0,0.9545454545454546,,synthetic
synth_emp_0136,2026-01-12,Marketing,Lead,Full-Time,11.2,11,,4.5,1,1,0,2,0,7,0,0,1.0,5.0,0,0,43.6,1,11.6,32,5,5,0,2,16.7,2,20.7,5.0,90.9,0,0.0,0,0,0.49,Medium,1.0,0.9318181818181818,,synthetic
synth_emp_0136,2026-01-19,Marketing,Lead,Full-Time,11.2,11,7.8,13.3,2,2,1,0,0,5,0,0,1.0,18.0,0,0,39.6,0,24.1,10,0,1,2,13,6.6,14,33.6,3.2,82.2,0,0.0,1,0,0.465,Medium,1.0,0.9545454545454546,,synthetic
synth_emp_0136,2026-01-26,Marketing,Lead,Full-Time,11.2,11,8.6,1.0,2,0,1,2,0,6,0,0,2.0,12.0,1,0,38.1,2,7.3,15,2,1,3,1,20.8,15,53.6,4.5,65.0,0,0.0,0,0,0.532,Medium,1.0,0.9545454545454546,,synthetic
synth_emp_0136,2026-02-02,Marketing,Lead,Full-Time,11.2,11,8.0,5.1,2,2,0,1,0,4,0,0,2.0,11.0,1,0,35.8,2,26.3,28,5,2,2,11,27.2,6,54.9,4.7,62.6,0,0.0,2,0,0.506,Medium,1.0,0.9545454545454546,,synthetic
synth_emp_0136,2026-02-09,Marketing,Lead,Full-Time,11.2,11,7.1,,1,2,0,1,0,4,0,0,2.0,5.0,0,0,38.8,1,6.2,22,7,1,2,1,7.9,18,21.7,2.7,87.5,0,0.0,0,0,0.546,Medium,1.0,0.9318181818181818,,synthetic
synth_emp_0136,2026-02-16,Marketing,Lead,Full-Time,11.2,11,8.0,,3,2,1,0,0,4,0,0,2.0,18.0,0,0,42.3,2,13.9,10,1,1,0,0,,15,61.2,4.2,52.4,0,0.0,1,0,0.254,Low,1.0,0.9090909090909091,,synthetic
synth_emp_0136,2026-02-23,Marketing,Lead,Full-Time,11.2,11,6.9,0.5,0,3,1,1,0,6,0,0,1.0,15.0,1,0,36.0,1,6.4,43,8,3,2,9,9.1,17,6.1,2.0,94.4,0,0.0,3,0,0.671,Medium,1.0,0.9545454545454546,,synthetic
synth_emp_0136,2026-03-02,Marketing,Lead,Full-Time,11.2,11,9.0,5.9,0,0,1,1,0,4,0,0,1.0,7.0,1,0,33.9,0,13.2,21,8,2,6,9,6.0,0,58.1,2.5,57.5,0,0.0,2,0,0.822,High,1.0,0.9545454545454546,,synthetic
synth_emp_0136,2026-03-09,Marketing,Lead,Full-Time,11.2,11,7.9,7.7,2,3,1,1,0,6,0,0,1.0,5.0,1,0,41.1,1,23.2,18,1,2,2,12,41.7,13,2.5,2.6,92.3,0,0.0,1,0,0.593,Medium,1.0,0.9545454545454546,,synthetic
synth_emp_0136,2026-03-16,Marketing,Lead,Full-Time,11.2,11,7.2,14.3,0,2,0,1,0,4,0,0,0.0,18.0,0,0,48.8,2,13.3,37,5,5,5,3,24.9,3,10.8,4.2,47.3,0,0.0,1,0,0.677,Medium,1.0,0.9545454545454546,,synthetic
synth_emp_0136,2026-03-23,Marketing,Lead,Full-Time,11.2,11,8.4,2.4,2,2,0,0,0,5,0,0,0.0,11.0,1,0,49.9,2,9.7,47,16,1,7,0,,19,44.4,2.1,42.5,0,0.0,1,0,0.43,Medium,1.0,0.9318181818181818,,synthetic
synth_emp_0137,2026-01-05,Design,Lead,Contractor,47.1,11,9.8,,3,0,1,0,0,4,0,0,1.0,8.0,0,0,38.0,1,14.5,41,3,3,6,14,41.5,15,44.0,4.4,79.4,0,0.0,1,0,0.743,High,1.0,0.9318181818181818,,synthetic
synth_emp_0137,2026-01-12,Design,Lead,Contractor,47.1,11,8.9,13.1,3,0,0,0,0,6,0,0,1.0,13.0,0,0,48.5,2,21.1,24,4,2,4,13,22.9,9,15.4,4.8,71.7,0,0.0,3,0,0.599,Medium,1.0,0.9545454545454546,,synthetic
synth_emp_0137,2026-01-19,Design,Lead,Contractor,47.1,11,7.8,14.3,3,0,1,2,0,7,0,0,0.0,7.0,1,0,32.4,2,7.2,15,4,1,9,8,36.9,1,54.0,4.7,57.1,0,0.0,0,0,0.456,Medium,1.0,0.9545454545454546,,synthetic
synth_emp_0137,2026-01-26,Design,Lead,Contractor,47.1,11,9.2,4.2,3,3,0,0,0,6,0,0,1.0,19.0,0,0,41.0,1,27.1,29,0,0,7,9,13.5,10,70.6,4.6,54.7,0,0.0,0,0,0.518,Medium,1.0,0.9545454545454546,,synthetic
synth_emp_0137,2026-02-02,Design,Lead,Contractor,47.1,11,7.5,,3,0,0,2,0,6,0,0,2.0,20.0,1,0,39.2,2,14.1,28,6,5,0,0,,3,14.6,4.0,77.4,0,0.0,1,0,0.469,Medium,1.0,0.9090909090909091,,synthetic
synth_emp_0137,2026-02-09,Design,Lead,Contractor,47.1,11,7.6,12.6,3,3,0,2,0,7,0,0,0.0,18.0,1,0,44.6,2,23.0,30,8,1,8,12,39.2,13,6.0,4.7,87.7,0,0.0,3,0,0.478,Medium,1.0,0.9545454545454546,,synthetic
synth_emp_0137,2026-02-16,Design,Lead,Contractor,47.1,11,8.1,14.1,3,2,0,2,0,6,0,0,1.0,17.0,1,0,46.2,1,17.0,9,2,0,7,9,33.0,0,56.2,2.7,57.8,0,0.0,1,0,0.484,Medium,1.0,0.9545454545454546,,synthetic
synth_emp_0137,2026-02-23,Design,Lead,Contractor,47.1,11,9.9,4.3,0,0,0,2,0,5,0,0,1.0,10.0,0,0,48.3,2,17.7,8,0,0,0,5,2.8,11,18.5,3.2,41.6,0,0.0,2,0,0.462,Medium,1.0,0.9545454545454546,,synthetic
synth_emp_0137,2026-03-02,Design,Lead,Contractor,47.1,11,7.7,0.6,1,2,0,1,0,4,0,0,1.0,19.0,1,0,40.3,1,20.9,5,1,0,2,6,4.8,14,31.0,3.3,90.7,0,0.0,1,0,0.372,Low,1.0,0.9545454545454546,,synthetic
synth_emp_0137,2026-03-09,Design,Lead,Contractor,47.1,11,9.3,12.6,2,1,0,0,0,6,0,0,1.0,15.0,1,0,37.9,1,2.5,47,15,7,10,7,11.9,5,63.8,4.5,94.8,0,0.0,2,0,0.899,High,1.0,0.9545454545454546,,synthetic
synth_emp_0137,2026-03-16,Design,Lead,Contractor,47.1,11,,1.0,3,2,0,0,0,6,0,0,2.0,18.0,1,0,44.0,1,8.4,13,0,0,1,15,42.7,4,59.1,4.4,53.2,0,0.0,2,0,0.301,Low,1.0,0.9318181818181818,,synthetic
synth_emp_0137,2026-03-23,Design,Lead,Contractor,47.1,11,7.6,6.5,0,2,0,1,0,5,0,0,1.0,13.0,0,0,36.9,2,28.9,19,5,0,6,5,34.0,4,59.9,3.6,91.8,0,0.0,0,0,0.453,Medium,1.0,0.9545454545454546,,synthetic
synth_emp_0138,2026-01-05,Marketing,Manager,Full-Time,50.3,6,10.0,10.7,2,0,1,0,0,6,0,0,2.0,9.0,1,0,31.0,1,20.1,50,6,0,5,8,37.3,8,30.7,3.1,47.9,0,0.0,3,0,0.789,High,1.0,0.9545454545454546,,synthetic
synth_emp_0138,2026-01-12,Marketing,Manager,Full-Time,50.3,6,8.6,1.6,2,1,0,0,0,4,0,0,1.0,13.0,1,0,36.2,2,23.5,39,14,5,4,14,10.9,4,39.8,4.1,55.3,0,0.0,0,0,0.732,High,1.0,0.9545454545454546,,synthetic
synth_emp_0138,2026-01-19,Marketing,Manager,Full-Time,50.3,6,,11.7,3,3,0,0,0,6,0,0,2.0,11.0,0,0,47.0,0,22.8,46,13,0,10,11,44.9,20,15.9,2.6,77.4,0,0.0,3,0,0.464,Medium,1.0,0.9318181818181818,,synthetic
synth_emp_0138,2026-01-26,Marketing,Manager,Full-Time,50.3,6,9.6,11.5,2,3,1,1,0,6,0,0,2.0,19.0,0,0,46.7,0,17.8,23,6,4,9,12,39.4,18,55.9,2.6,41.8,0,0.0,2,0,1.0,High,1.0,0.9545454545454546,,synthetic
synth_emp_0138,2026-02-02,Marketing,Manager,Full-Time,50.3,6,,7.6,0,2,1,0,0,5,0,0,2.0,19.0,0,0,30.2,0,16.8,48,8,4,8,5,37.8,13,58.8,3.9,75.3,0,0.0,2,0,0.759,High,1.0,0.9318181818181818,,synthetic
synth_emp_0138,2026-02-09,Marketing,Manager,Full-Time,50.3,6,9.2,0.3,3,3,0,0,0,5,0,0,1.0,8.0,1,0,37.1,1,24.7,28,8,1,0,13,8.0,18,40.2,2.1,47.9,0,0.0,3,0,0.546,Medium,1.0,0.9545454545454546,,synthetic
synth_emp_0138,2026-02-16,Marketing,Manager,Full-Time,50.3,6,9.9,0.7,1,0,1,1,0,6,0,0,1.0,20.0,0,0,42.3,0,4.5,25,7,2,10,1,42.6,8,59.6,4.3,40.8,0,0.0,3,0,0.744,High,1.0,0.9545454545454546,,synthetic
synth_emp_0138,2026-02-23,Marketing,Manager,Full-Time,50.3,6,6.4,13.6,1,3,1,0,0,4,0,0,2.0,17.0,1,0,48.6,1,2.5,41,10,5,10,3,3.7,12,30.5,3.3,69.0,0,0.0,0,0,0.617,Medium,1.0,0.9545454545454546,,synthetic
synth_emp_0138,2026-03-02,Marketing,Manager,Full-Time,50.3,6,8.3,6.6,0,1,0,2,0,4,0,0,0.0,17.0,0,0,42.7,2,6.6,26,3,5,1,0,,10,12.2,3.7,42.8,0,0.0,3,0,0.613,Medium,1.0,0.9318181818181818,,synthetic
synth_emp_0138,2026-03-09,Marketing,Manager,Full-Time,50.3,6,9.2,5.7,1,0,1,1,0,5,0,0,0.0,9.0,1,0,37.6,2,7.6,44,4,8,4,12,1.6,15,9.2,3.1,87.4,0,0.0,0,0,0.739,High,1.0,0.9545454545454546,,synthetic
synth_emp_0138,2026-03-16,Marketing,Manager,Full-Time,50.3,6,9.8,13.6,0,0,1,0,0,4,0,0,2.0,13.0,1,0,42.4,2,21.6,33,7,4,1,2,12.6,20,7.7,2.2,60.7,0,0.0,3,0,0.963,High,1.0,0.9545454545454546,,synthetic
synth_emp_0138,2026-03-23,Marketing,Manager,Full-Time,50.3,6,8.6,11.1,1,1,1,2,0,7,0,0,2.0,15.0,1,0,45.4,2,29.3,34,8,3,0,11,21.9,18,55.0,4.1,75.0,0,0.0,1,0,0.806,High,1.0,0.9545454545454546,,synthetic
synth_emp_0139,2026-01-05,Marketing,Manager,Contractor,32.9,9,6.9,,2,1,0,1,0,4,0,0,0.0,5.0,0,0,37.9,1,10.5,0,0,0,4,6,13.1,14,25.7,4.4,86.5,0,0.0,3,0,0.164,Low,1.0,0.9318181818181818,,synthetic
synth_emp_0139,2026-01-12,Marketing,Manager,Contractor,32.9,9,9.2,,1,1,0,0,0,6,0,0,2.0,10.0,0,0,39.5,0,29.5,27,2,0,3,2,5.4,7,62.5,3.6,94.4,0,0.0,2,0,0.556,Medium,1.0,0.9318181818181818,,synthetic
synth_emp_0139,2026-01-19,Marketing,Manager,Contractor,32.9,9,9.9,14.8,1,2,0,1,0,6,0,0,2.0,12.0,0,0,38.0,1,20.4,0,0,0,7,13,42.3,15,10.0,2.3,66.7,0,0.0,3,0,0.524,Medium,1.0,0.9545454545454546,,synthetic
synth_emp_0139,2026-01-26,Marketing,Manager,Contractor,32.9,9,6.0,1.4,1,0,1,0,0,7,0,0,1.0,11.0,1,0,32.3,0,13.6,42,14,8,0,13,46.8,12,38.9,3.6,66.0,0,0.0,3,0,0.674,Medium,1.0,0.9545454545454546,,synthetic
synth_emp_0139,2026-02-02,Marketing,Manager,Contractor,32.9,9,9.3,7.1,1,3,1,0,0,6,0,0,0.0,15.0,1,0,38.9,1,16.2,15,2,1,9,9,20.8,20,50.3,4.2,88.7,0,0.0,1,0,0.671,Medium,1.0,0.9545454545454546,,synthetic
synth_emp_0139,2026-02-09,Marketing,Manager,Contractor,32.9,9,8.3,,3,0,0,1,0,4,0,0,2.0,16.0,0,0,43.6,2,24.3,40,14,0,5,5,46.8,20,71.7,2.3,76.6,0,0.0,3,0,0.445,Medium,1.0,0.9318181818181818,,synthetic
synth_emp_0139,2026-02-16,Marketing,Manager,Contractor,32.9,9,8.5,3.4,0,0,1,2,0,6,0,0,2.0,12.0,0,0,46.1,2,23.2,41,5,7,1,4,16.5,12,9.9,4.3,81.0,0,0.0,0,0,0.427,Medium,1.0,0.9545454545454546,,synthetic
synth_emp_0139,2026-02-23,Marketing,Manager,Contractor,32.9,9,8.2,1.3,1,0,0,1,0,4,0,0,2.0,11.0,1,0,48.6,1,24.5,46,12,3,3,1,31.9,13,18.7,3.3,43.7,0,0.0,3,0,0.637,Medium,1.0,0.9545454545454546,,synthetic
synth_emp_0139,2026-03-02,Marketing,Manager,Contractor,32.9,9,8.5,13.8,3,1,0,2,0,7,0,0,2.0,14.0,0,0,30.4,1,8.6,18,3,1,4,8,5.0,4,43.8,2.6,63.5,0,0.0,1,0,0.427,Medium,1.0,0.9545454545454546,,synthetic
synth_emp_0139,2026-03-09,Marketing,Manager,Contractor,32.9,9,8.1,,0,2,1,1,0,5,0,0,1.0,9.0,1,0,39.5,0,6.7,46,17,1,2,10,5.5,10,38.0,2.4,86.1,0,0.0,3,0,0.452,Medium,1.0,0.9318181818181818,,synthetic
synth_emp_0139,2026-03-16,Marketing,Manager,Contractor,32.9,9,7.6,3.8,3,2,0,0,0,6,0,0,1.0,17.0,1,0,48.8,0,12.4,6,1,1,2,8,12.9,2,34.8,2.2,46.3,0,0.0,2,0,0.396,Low,1.0,0.9545454545454546,,synthetic
synth_emp_0139,2026-03-23,Marketing,Manager,Contractor,32.9,9,6.6,4.9,3,2,1,2,0,4,0,0,1.0,18.0,1,0,36.2,1,15.5,41,7,5,1,10,0.8,7,39.7,2.7,50.7,0,0.0,3,0,0.407,Medium,1.0,0.9545454545454546,,synthetic
synth_emp_0140,2026-01-05,Engineering,Lead,Full-Time,12.6,12,6.7,11.7,1,2,0,1,0,4,0,0,1.0,18.0,1,0,36.2,0,24.2,16,2,0,1,3,18.9,3,46.8,3.7,46.6,0,0.0,0,0,0.305,Low,1.0,0.9545454545454546,,synthetic
synth_emp_0140,2026-01-12,Engineering,Lead,Full-Time,12.6,12,9.1,8.5,1,2,1,1,0,4,0,0,2.0,8.0,0,0,39.2,0,4.1,42,11,0,7,5,39.8,15,50.5,4.7,63.1,0,0.0,2,0,0.802,High,1.0,0.9545454545454546,,synthetic
synth_emp_0140,2026-01-19,Engineering,Lead,Full-Time,12.6,12,9.3,,2,0,0,2,0,5,0,0,0.0,10.0,0,0,41.3,0,25.9,37,1,3,4,8,23.7,3,44.0,4.3,59.5,0,0.0,2,0,0.723,High,1.0,0.9318181818181818,,synthetic
synth_emp_0140,2026-01-26,Engineering,Lead,Full-Time,12.6,12,,3.7,1,0,0,0,0,7,0,0,1.0,18.0,0,0,49.8,0,29.6,26,2,0,8,13,30.9,0,26.9,3.6,80.1,0,0.0,0,0,0.267,Low,1.0,0.9318181818181818,,synthetic
synth_emp_0140,2026-02-02,Engineering,Lead,Full-Time,12.6,12,9.1,0.1,3,3,0,2,0,5,0,0,0.0,11.0,0,0,39.1,0,29.6,15,0,0,8,6,22.2,2,64.9,3.3,84.3,0,0.0,1,0,0.346,Low,1.0,0.9545454545454546,,synthetic
synth_emp_0140,2026-02-09,Engineering,Lead,Full-Time,12.6,12,8.8,14.2,0,0,1,0,0,5,0,0,1.0,9.0,0,0,46.6,2,17.8,25,1,1,2,2,17.0,17,30.0,3.0,86.1,0,0.0,1,0,0.793,High,1.0,0.9545454545454546,,synthetic
synth_emp_0140,2026-02-16,Engineering,Lead,Full-Time,12.6,12,6.7,3.0,2,2,0,0,0,5,0,0,2.0,12.0,0,0,37.2,2,15.1,37,11,4,7,15,31.1,4,64.3,3.9,55.8,0,0.0,1,0,0.481,Medium,1.0,0.9545454545454546,,synthetic
synth_emp_0140,2026-02-23,Engineering,Lead,Full-Time,12.6,12,9.3,,3,2,0,0,0,5,0,0,2.0,18.0,0,0,35.4,2,18.0,27,0,3,0,11,15.8,19,22.1,3.3,74.0,0,0.0,1,0,0.723,High,1.0,0.9318181818181818,,synthetic
synth_emp_0140,2026-03-02,Engineering,Lead,Full-Time,12.6,12,6.7,13.7,0,0,0,1,0,5,0,0,2.0,13.0,1,0,45.7,1,16.1,39,10,5,7,8,16.1,8,42.7,2.1,42.6,0,0.0,1,0,0.679,Medium,1.0,0.9545454545454546,,synthetic
synth_emp_0140,2026-03-09,Engineering,Lead,Full-Time,12.6,12,8.2,14.6,0,0,1,1,0,4,0,0,0.0,20.0,1,0,47.3,2,19.9,22,6,3,5,15,31.7,14,23.8,2.4,94.5,0,0.0,1,0,0.896,High,1.0,0.9545454545454546,,synthetic
synth_emp_0140,2026-03-16,Engineering,Lead,Full-Time,12.6,12,10.0,11.4,0,0,0,1,0,4,0,0,0.0,11.0,1,0,47.1,1,21.1,40,6,0,4,8,20.7,19,46.8,4.1,87.1,0,0.0,0,0,0.83,High,1.0,0.9545454545454546,,synthetic
synth_emp_0140,2026-03-23,Engineering,Lead,Full-Time,12.6,12,,5.2,2,3,0,2,0,6,0,0,1.0,20.0,0,0,46.8,2,14.4,36,9,2,4,14,43.4,14,28.4,4.9,97.4,0,0.0,1,0,0.542,Medium,1.0,0.9318181818181818,,synthetic
synth_emp_0141,2026-01-05,Design,Lead,Full-Time,40.5,12,,12.9,2,0,0,1,0,5,0,0,0.0,9.0,0,0,33.9,1,23.4,43,0,6,9,13,12.4,15,63.2,3.4,52.9,0,0.0,3,0,0.642,Medium,1.0,0.9318181818181818,,synthetic
synth_emp_0141,2026-01-12,Design,Lead,Full-Time,40.5,12,9.1,14.0,2,3,1,1,0,6,0,0,0.0,18.0,1,0,35.3,2,14.3,30,4,5,2,11,35.1,12,23.0,4.9,68.4,0,0.0,1,0,0.754,High,1.0,0.9545454545454546,,synthetic
synth_emp_0141,2026-01-19,Design,Lead,Full-Time,40.5,12,,,2,3,1,0,0,6,0,0,2.0,14.0,1,0,39.1,1,24.5,21,2,1,4,8,16.7,11,3.5,4.0,63.1,0,0.0,1,0,0.175,Low,1.0,0.9090909090909091,,synthetic
synth_emp_0141,2026-01-26,Design,Lead,Full-Time,40.5,12,7.7,9.7,2,2,1,2,0,6,0,0,0.0,10.0,0,0,43.3,0,26.5,4,0,0,10,3,9.9,4,21.5,3.8,76.9,0,0.0,3,0,0.493,Medium,1.0,0.9545454545454546,,synthetic
synth_emp_0141,2026-02-02,Design,Lead,Full-Time,40.5,12,6.3,,3,0,1,2,0,4,0,0,2.0,15.0,0,0,38.8,1,6.7,6,1,0,6,14,14.5,18,55.6,3.4,99.9,0,0.0,1,0,0.345,Low,1.0,0.9318181818181818,,synthetic
synth_emp_0141,2026-02-09,Design,Lead,Full-Time,40.5,12,7.2,10.5,0,3,1,1,0,6,0,0,2.0,15.0,0,0,40.8,0,2.4,33,7,1,9,13,4.4,13,46.0,2.5,44.0,0,0.0,3,0,0.64,Medium,1.0,0.9545454545454546,,synthetic
synth_emp_0141,2026-02-16,Design,Lead,Full-Time,40.5,12,8.9,0.4,3,2,0,0,0,6,0,0,1.0,16.0,1,0,38.5,1,11.2,20,1,0,1,13,1.4,20,13.1,3.5,53.6,0,0.0,3,0,0.396,Low,1.0,0.9545454545454546,,synthetic
synth_emp_0141,2026-02-23,Design,Lead,Full-Time,40.5,12,7.8,11.7,2,2,0,0,0,5,0,0,1.0,6.0,0,0,35.8,1,25.1,44,12,3,1,9,5.7,3,55.4,5.0,88.7,0,0.0,3,0,0.821,High,1.0,0.9545454545454546,,synthetic
synth_emp_0141,2026-03-02,Design,Lead,Full-Time,40.5,12,6.8,11.7,1,1,0,1,0,6,0,0,2.0,6.0,0,0,40.5,0,1.3,38,1,6,6,6,6.9,0,56.5,4.6,63.3,0,0.0,2,0,0.66,Medium,1.0,0.9545454545454546,,synthetic
synth_emp_0141,2026-03-09,Design,Lead,Full-Time,40.5,12,6.8,0.0,2,3,1,0,0,7,0,0,2.0,10.0,1,0,30.8,0,9.9,41,16,7,1,12,46.6,11,52.2,4.6,56.1,0,0.0,1,0,0.462,Medium,1.0,0.9545454545454546,,synthetic
synth_emp_0141,2026-03-16,Design,Lead,Full-Time,40.5,12,9.4,,2,2,0,1,0,4,0,0,2.0,9.0,0,0,36.7,2,14.1,8,2,1,2,11,2.6,8,3.5,3.0,83.5,0,0.0,2,0,0.519,Medium,1.0,0.9318181818181818,,synthetic
synth_emp_0141,2026-03-23,Design,Lead,Full-Time,40.5,12,9.6,,2,1,1,1,0,5,0,0,0.0,13.0,0,0,40.1,0,22.6,25,8,4,6,7,29.6,17,57.4,4.9,79.9,0,0.0,1,0,0.601,Medium,1.0,0.9318181818181818,,synthetic
synth_emp_0142,2026-01-05,Design,Senior,Contractor,24.7,11,8.2,2.3,0,0,1,2,0,6,0,0,1.0,11.0,0,0,48.1,0,13.8,16,5,1,2,14,14.6,12,45.7,2.0,80.4,0,0.0,0,0,0.337,Low,1.0,0.9545454545454546,,synthetic
synth_emp_0142,2026-01-12,Design,Senior,Contractor,24.7,11,7.8,0.4,2,0,1,1,0,7,0,0,2.0,20.0,0,0,33.3,0,8.7,29,9,0,0,13,32.8,8,18.1,2.2,54.3,0,0.0,0,0,0.368,Low,1.0,0.9545454545454546,,synthetic
synth_emp_0142,2026-01-19,Design,Senior,Contractor,24.7,11,9.5,12.8,0,0,1,2,0,5,0,0,0.0,9.0,1,0,32.2,0,6.5,30,10,0,8,7,18.6,13,49.2,4.7,85.6,0,0.0,2,0,0.723,High,1.0,0.9545454545454546,,synthetic
synth_emp_0142,2026-01-26,Design,Senior,Contractor,24.7,11,,9.5,1,1,0,2,0,4,0,0,0.0,5.0,0,0,33.8,1,15.8,21,2,0,9,4,8.6,5,39.7,4.0,55.9,0,0.0,1,0,0.372,Low,1.0,0.9318181818181818,,synthetic
synth_emp_0142,2026-02-02,Design,Senior,Contractor,24.7,11,8.6,8.5,0,3,1,0,0,6,0,0,2.0,13.0,1,0,44.7,1,8.6,45,16,3,8,5,29.2,19,62.6,3.4,96.0,0,0.0,1,0,1.0,High,1.0,0.9545454545454546,,synthetic
synth_emp_0142,2026-02-09,Design,Senior,Contractor,24.7,11,9.6,,1,3,0,0,0,7,0,0,0.0,8.0,1,0,38.5,2,4.9,12,0,1,1,1,19.1,15,54.0,4.7,51.9,0,0.0,1,0,0.569,Medium,1.0,0.9318181818181818,,synthetic
synth_emp_0142,2026-02-16,Design,Senior,Contractor,24.7,11,7.2,10.0,1,2,0,2,0,5,0,0,0.0,13.0,1,0,33.3,0,5.0,36,6,3,2,14,9.8,16,61.6,2.6,83.2,0,0.0,0,0,0.818,High,1.0,0.9545454545454546,,synthetic
synth_emp_0142,2026-02-23,Design,Senior,Contractor,24.7,11,9.8,10.8,2,0,0,1,0,6,0,0,0.0,10.0,1,0,36.8,0,5.6,13,1,2,2,12,7.4,8,58.6,3.2,80.5,0,0.0,1,0,0.704,High,1.0,0.9545454545454546,,synthetic
synth_emp_0142,2026-03-02,Design,Senior,Contractor,24.7,11,6.9,9.7,2,0,1,0,0,6,0,0,2.0,12.0,0,0,44.3,1,15.3,2,0,0,9,6,9.8,11,56.9,2.2,94.3,0,0.0,0,0,0.586,Medium,1.0,0.9545454545454546,,synthetic
synth_emp_0142,2026-03-09,Design,Senior,Contractor,24.7,11,9.0,11.2,1,2,1,0,0,5,0,0,0.0,11.0,0,0,30.1,0,16.8,21,4,1,1,11,3.3,17,31.9,4.4,70.2,0,0.0,2,0,0.71,High,1.0,0.9545454545454546,,synthetic
synth_emp_0142,2026-03-16,Design,Senior,Contractor,24.7,11,7.8,9.5,3,2,0,2,0,7,0,0,2.0,9.0,0,0,39.2,2,0.0,22,1,2,2,8,26.5,10,59.1,4.0,62.1,0,0.0,2,0,0.522,Medium,1.0,0.9545454545454546,,synthetic
synth_emp_0142,2026-03-23,Design,Senior,Contractor,24.7,11,6.4,10.0,0,1,1,2,0,7,0,0,1.0,18.0,0,0,45.7,2,24.8,48,16,3,0,13,9.0,10,41.4,2.9,42.1,0,0.0,1,0,0.691,Medium,1.0,0.9545454545454546,,synthetic
synth_emp_0143,2026-01-05,Marketing,Senior,Full-Time,50.6,8,9.9,6.5,2,1,1,0,0,5,0,0,1.0,7.0,1,0,33.0,2,8.0,17,5,2,1,4,47.0,1,44.2,3.0,90.6,0,0.0,3,0,0.69,Medium,1.0,0.9545454545454546,,synthetic
synth_emp_0143,2026-01-12,Marketing,Senior,Full-Time,50.6,8,8.6,,2,1,1,1,0,7,0,0,1.0,19.0,1,0,31.2,1,19.5,47,6,6,10,2,36.0,12,21.6,2.5,64.8,0,0.0,1,0,0.656,Medium,1.0,0.9318181818181818,,synthetic
synth_emp_0143,2026-01-19,Marketing,Senior,Full-Time,50.6,8,,11.1,2,2,0,1,0,7,0,0,2.0,14.0,0,0,32.1,2,15.3,29,6,4,4,2,35.3,18,47.4,2.1,55.4,0,0.0,0,0,0.633,Medium,1.0,0.9318181818181818,,synthetic
synth_emp_0143,2026-01-26,Marketing,Senior,Full-Time,50.6,8,8.6,0.9,0,2,0,0,0,7,0,0,1.0,6.0,1,0,31.7,0,1.8,10,2,1,0,9,44.1,8,49.6,2.6,41.8,0,0.0,2,0,0.352,Low,1.0,0.9545454545454546,,synthetic
synth_emp_0143,2026-02-02,Marketing,Senior,Full-Time,50.6,8,6.0,,3,3,1,2,0,4,0,0,1.0,8.0,1,0,40.4,1,28.1,46,9,4,5,10,2.3,12,2.5,3.1,56.0,0,0.0,1,0,0.525,Medium,1.0,0.9318181818181818,,synthetic
synth_emp_0143,2026-02-09,Marketing,Senior,Full-Time,50.6,8,7.9,1.0,0,3,0,2,0,7,0,0,0.0,13.0,0,0,45.0,2,5.8,49,4,3,1,3,46.3,1,28.9,3.9,65.3,0,0.0,2,0,0.287,Low,1.0,0.9545454545454546,,synthetic
synth_emp_0143,2026-02-16,Marketing,Senior,Full-Time,50.6,8,,10.5,3,1,1,0,0,5,0,0,0.0,5.0,1,0,32.9,2,1.0,31,2,1,10,6,6.3,9,23.8,4.2,50.6,0,0.0,0,0,0.51,Medium,1.0,0.9318181818181818,,synthetic
synth_emp_0143,2026-02-23,Marketing,Senior,Full-Time,50.6,8,7.7,11.1,0,0,0,0,0,4,0,0,2.0,13.0,0,0,30.5,2,18.3,27,7,0,8,7,39.1,3,12.7,4.2,77.5,0,0.0,0,0,0.572,Medium,1.0,0.9545454545454546,,synthetic
synth_emp_0143,2026-03-02,Marketing,Senior,Full-Time,50.6,8,8.3,12.7,2,1,1,1,0,5,0,0,1.0,15.0,0,0,33.0,1,7.8,41,3,4,2,9,35.3,15,18.2,4.8,66.0,0,0.0,3,0,0.551,Medium,1.0,0.9545454545454546,,synthetic
synth_emp_0143,2026-03-09,Marketing,Senior,Full-Time,50.6,8,9.6,13.2,3,1,1,0,0,4,0,0,2.0,18.0,1,0,39.4,2,15.5,2,0,0,10,5,27.4,12,33.3,3.5,40.7,0,0.0,0,0,0.719,High,1.0,0.9545454545454546,,synthetic
synth_emp_0143,2026-03-16,Marketing,Senior,Full-Time,50.6,8,9.6,0.8,1,1,0,1,0,7,0,0,2.0,10.0,0,0,41.2,2,7.5,39,12,4,6,2,34.5,12,7.0,4.1,78.6,0,0.0,0,0,0.858,High,1.0,0.9545454545454546,,synthetic
synth_emp_0143,2026-03-23,Marketing,Senior,Full-Time,50.6,8,,13.8,3,0,1,2,0,7,0,0,0.0,7.0,0,0,41.1,0,20.2,37,12,2,9,3,32.8,0,53.7,2.5,79.3,0,0.0,3,0,0.564,Medium,1.0,0.9318181818181818,,synthetic
synth_emp_0144,2026-01-05,Marketing,Lead,Full-Time,45.7,3,7.7,3.1,3,3,0,2,0,6,0,0,1.0,5.0,0,0,43.0,1,24.9,37,8,7,0,1,19.1,19,4.8,2.7,65.0,0,0.0,1,0,0.611,Medium,1.0,0.9545454545454546,,synthetic
synth_emp_0144,2026-01-12,Marketing,Lead,Full-Time,45.7,3,8.8,7.6,2,0,1,0,0,5,0,0,1.0,11.0,1,0,31.3,0,11.2,2,0,0,2,11,42.8,19,46.1,4.9,76.6,0,0.0,0,0,0.778,High,1.0,0.9545454545454546,,synthetic
synth_emp_0144,2026-01-19,Marketing,Lead,Full-Time,45.7,3,6.4,9.5,0,1,0,0,0,7,0,0,1.0,13.0,0,0,49.5,1,13.1,7,2,1,5,6,20.1,11,2.7,4.1,80.1,0,0.0,0,0,0.457,Medium,1.0,0.9545454545454546,,synthetic
synth_emp_0144,2026-01-26,Marketing,Lead,Full-Time,45.7,3,9.3,13.1,1,1,1,0,0,5,0,0,2.0,17.0,0,0,48.1,2,1.8,47,16,3,6,14,17.3,15,21.7,3.3,91.0,0,0.0,3,0,1.0,High,1.0,0.9545454545454546,,synthetic
synth_emp_0144,2026-02-02,Marketing,Lead,Full-Time,45.7,3,7.5,11.9,1,3,0,2,0,4,0,0,0.0,6.0,1,0,40.9,2,0.8,4,1,0,7,15,14.0,17,7.3,2.0,40.2,0,0.0,1,0,0.48,Medium,1.0,0.9545454545454546,,synthetic
synth_emp_0144,2026-02-09,Marketing,Lead,Full-Time,45.7,3,6.0,3.6,2,3,1,0,0,7,0,0,1.0,7.0,0,0,40.0,1,7.8,6,1,0,4,0,,19,4.4,2.7,75.4,0,0.0,3,0,0.273,Low,1.0,0.9318181818181818,,synthetic
synth_emp_0144,2026-02-16,Marketing,Lead,Full-Time,45.7,3,7.7,1.9,2,2,0,0,0,7,0,0,0.0,10.0,1,0,47.0,1,10.7,10,3,1,5,14,6.8,18,11.1,2.3,71.8,0,0.0,2,0,0.131,Low,1.0,0.9545454545454546,,synthetic
synth_emp_0144,2026-02-23,Marketing,Lead,Full-Time,45.7,3,8.0,3.8,2,2,0,2,0,4,0,0,2.0,6.0,0,0,34.7,1,16.7,39,8,1,6,6,32.3,2,56.7,2.9,55.3,0,0.0,1,0,0.385,Low,1.0,0.9545454545454546,,synthetic
synth_emp_0144,2026-03-02,Marketing,Lead,Full-Time,45.7,3,9.1,5.7,1,3,1,1,0,7,0,0,0.0,8.0,0,0,43.1,0,21.3,41,10,5,0,1,24.8,0,12.2,4.8,50.0,0,0.0,3,0,0.932,High,1.0,0.9545454545454546,,synthetic
synth_emp_0144,2026-03-09,Marketing,Lead,Full-Time,45.7,3,9.2,3.0,1,0,1,1,0,7,0,0,2.0,5.0,1,0,30.9,0,11.3,25,7,3,6,10,3.8,10,36.9,3.9,70.1,0,0.0,1,0,0.893,High,1.0,0.9545454545454546,,synthetic
synth_emp_0144,2026-03-16,Marketing,Lead,Full-Time,45.7,3,6.5,6.3,0,2,1,2,0,6,0,0,0.0,12.0,1,0,33.9,0,22.4,35,1,4,6,10,12.4,12,43.8,2.1,47.2,0,0.0,2,0,0.642,Medium,1.0,0.9545454545454546,,synthetic
synth_emp_0144,2026-03-23,Marketing,Lead,Full-Time,45.7,3,8.1,2.1,1,0,1,2,0,5,0,0,0.0,20.0,0,0,39.3,2,23.9,45,7,2,1,7,9.2,19,4.0,2.9,71.6,0,0.0,3,0,0.417,Medium,1.0,0.9545454545454546,,synthetic
synth_emp_0145,2026-01-05,Sales,Lead,Full-Time,5.5,3,9.1,13.7,1,2,1,1,0,4,0,0,2.0,11.0,0,0,45.6,2,15.6,15,5,0,4,10,3.8,20,35.9,4.7,58.5,0,0.0,2,0,0.682,Medium,1.0,0.9545454545454546,,synthetic
synth_emp_0145,2026-01-12,Sales,Lead,Full-Time,5.5,3,,4.6,0,0,1,2,0,7,0,0,1.0,19.0,1,0,36.7,0,23.3,33,11,0,3,6,28.8,10,35.4,4.7,78.2,0,0.0,3,0,0.498,Medium,1.0,0.9318181818181818,,synthetic
synth_emp_0145,2026-01-19,Sales,Lead,Full-Time,5.5,3,8.6,6.8,0,2,0,1,0,5,0,0,0.0,15.0,1,0,38.3,0,19.2,13,5,0,8,5,46.7,5,69.2,2.8,54.5,0,0.0,2,0,0.642,Medium,1.0,0.9545454545454546,,synthetic
synth_emp_0145,2026-01-26,Sales,Lead,Full-Time,5.5,3,6.3,10.4,2,3,0,0,0,7,0,0,2.0,13.0,0,0,41.9,1,0.8,43,6,4,0,6,3.4,1,59.6,3.8,59.6,0,0.0,1,0,0.716,High,1.0,0.9545454545454546,,synthetic
synth_emp_0145,2026-02-02,Sales,Lead,Full-Time,5.5,3,8.7,9.8,3,3,1,1,0,6,0,0,1.0,5.0,0,0,34.5,1,22.9,27,8,2,4,7,30.2,11,9.1,2.6,56.4,0,0.0,0,0,0.939,High,1.0,0.9545454545454546,,synthetic
synth_emp_0145,2026-02-09,Sales,Lead,Full-Time,5.5,3,8.1,6.3,1,3,1,1,0,7,0,0,0.0,19.0,1,0,45.2,1,20.2,22,7,2,4,13,46.3,0,17.6,2.9,78.0,0,0.0,1,0,0.504,Medium,1.0,0.9545454545454546,,synthetic
synth_emp_0145,2026-02-16,Sales,Lead,Full-Time,5.5,3,7.4,3.6,2,3,0,1,0,6,0,0,1.0,20.0,1,0,37.2,2,20.9,42,5,7,9,5,33.1,0,5.8,3.7,79.3,0,0.0,3,0,0.507,Medium,1.0,0.9545454545454546,,synthetic
synth_emp_0145,2026-02-23,Sales,Lead,Full-Time,5.5,3,9.5,6.7,3,0,1,2,0,5,0,0,1.0,13.0,0,0,30.5,2,18.6,17,5,1,10,10,43.5,14,64.8,2.7,59.1,0,0.0,2,0,0.544,Medium,1.0,0.9545454545454546,,synthetic
synth_emp_0145,2026-03-02,Sales,Lead,Full-Time,5.5,3,6.7,2.3,3,3,0,2,0,7,0,0,1.0,11.0,1,0,48.8,0,14.6,49,5,8,4,0,,14,58.2,2.3,61.1,0,0.0,3,0,0.34,Low,1.0,0.9318181818181818,,synthetic
synth_emp_0145,2026-03-09,Sales,Lead,Full-Time,5.5,3,9.1,5.1,3,3,0,0,0,7,0,0,0.0,7.0,1,0,30.4,2,29.4,26,1,4,1,5,3.6,18,50.0,2.4,65.5,0,0.0,0,0,0.797,High,1.0,0.9545454545454546,,synthetic
synth_emp_0145,2026-03-16,Sales,Lead,Full-Time,5.5,3,7.2,6.0,1,0,0,0,0,6,0,0,1.0,10.0,0,0,35.2,1,19.6,46,10,6,8,13,23.3,13,32.2,5.0,67.4,0,0.0,3,0,0.877,High,1.0,0.9545454545454546,,synthetic
synth_emp_0145,2026-03-23,Sales,Lead,Full-Time,5.5,3,6.4,10.0,1,2,0,2,0,4,0,0,0.0,11.0,1,0,45.2,0,23.3,22,4,0,3,14,26.0,8,25.2,2.4,57.2,0,0.0,0,0,0.508,Medium,1.0,0.9545454545454546,,synthetic
synth_emp_0146,2026-01-05,Engineering,Senior,Contractor,31.6,5,9.8,12.4,0,3,1,1,0,7,0,0,2.0,11.0,0,0,34.2,1,27.1,21,0,0,4,0,,10,18.3,2.6,64.0,0,0.0,2,0,0.635,Medium,1.0,0.9318181818181818,,synthetic
synth_emp_0146,2026-01-12,Engineering,Senior,Contractor,31.6,5,7.3,,0,1,1,1,0,7,0,0,1.0,15.0,0,0,35.8,2,20.1,14,5,0,5,5,39.2,18,55.2,4.3,68.3,0,0.0,1,0,0.127,Low,1.0,0.9318181818181818,,synthetic
synth_emp_0146,2026-01-19,Engineering,Senior,Contractor,31.6,5,,0.0,0,2,0,1,0,6,0,0,1.0,17.0,0,0,45.7,1,18.5,27,5,3,8,11,26.7,7,32.0,3.3,65.2,0,0.0,2,0,0.306,Low,1.0,0.9318181818181818,,synthetic
synth_emp_0146,2026-01-26,Engineering,Senior,Contractor,31.6,5,7.2,8.7,3,1,0,2,0,4,0,0,1.0,5.0,1,0,32.8,2,8.8,7,0,0,9,6,36.2,19,62.3,4.3,45.4,0,0.0,1,0,0.535,Medium,1.0,0.9545454545454546,,synthetic
synth_emp_0146,2026-02-02,Engineering,Senior,Contractor,31.6,5,7.1,11.4,1,3,0,0,0,4,0,0,0.0,5.0,0,0,40.2,2,17.8,40,5,3,8,15,26.2,6,42.7,4.5,75.7,0,0.0,0,0,0.501,Medium,1.0,0.9545454545454546,,synthetic
synth_emp_0146,2026-02-09,Engineering,Senior,Contractor,31.6,5,9.6,14.3,3,0,1,2,0,4,0,0,0.0,6.0,1,0,44.5,0,0.2,43,16,5,5,9,23.8,8,62.8,3.6,44.8,0,0.0,1,0,0.928,High,1.0,0.9545454545454546,,synthetic
synth_emp_0146,2026-02-16,Engineering,Senior,Contractor,31.6,5,9.5,13.8,0,0,1,1,0,6,0,0,2.0,9.0,0,0,45.2,1,17.9,26,0,1,1,8,9.8,19,27.9,5.0,93.1,0,0.0,0,0,0.531,Medium,1.0,0.9545454545454546,,synthetic
synth_emp_0146,2026-02-23,Engineering,Senior,Contractor,31.6,5,6.3,1.0,2,2,0,1,0,4,0,0,2.0,5.0,0,0,38.4,2,0.4,41,6,7,1,4,1.4,10,64.5,4.5,53.0,0,0.0,3,0,0.652,Medium,1.0,0.9545454545454546,,synthetic
synth_emp_0146,2026-03-02,Engineering,Senior,Contractor,31.6,5,,3.2,3,1,0,0,0,4,0,0,2.0,18.0,0,0,48.9,1,5.9,19,2,3,3,6,31.6,20,70.9,4.4,61.5,0,0.0,1,0,0.518,Medium,1.0,0.9318181818181818,,synthetic
synth_emp_0146,2026-03-09,Engineering,Senior,Contractor,31.6,5,7.4,2.6,2,3,0,1,0,7,0,0,1.0,15.0,1,0,37.1,0,20.5,19,5,3,9,0,,6,12.6,2.8,90.6,0,0.0,3,0,0.509,Medium,1.0,0.9318181818181818,,synthetic
synth_emp_0146,2026-03-16,Engineering,Senior,Contractor,31.6,5,8.7,1.5,0,3,1,1,0,7,0,0,2.0,5.0,1,0,33.1,2,27.4,40,9,2,5,3,30.3,16,61.4,3.1,92.5,0,0.0,0,0,0.52,Medium,1.0,0.9545454545454546,,synthetic
synth_emp_0146,2026-03-23,Engineering,Senior,Contractor,31.6,5,10.0,2.2,2,3,0,2,0,4,0,0,0.0,20.0,0,0,34.3,1,6.2,0,0,0,1,4,16.0,4,4.7,4.9,87.4,0,0.0,3,0,0.573,Medium,1.0,0.9545454545454546,,synthetic
synth_emp_0147,2026-01-05,Sales,Senior,Contractor,13.1,3,8.1,1.2,2,0,1,0,0,4,0,0,2.0,8.0,0,0,44.2,2,11.6,12,1,0,7,11,33.3,1,1.2,4.9,70.9,0,0.0,2,0,0.135,Low,1.0,0.9545454545454546,,synthetic
synth_emp_0147,2026-01-12,Sales,Senior,Contractor,13.1,3,8.6,11.6,2,2,0,1,0,6,0,0,0.0,17.0,0,0,36.5,1,12.9,47,2,1,4,8,24.6,8,8.2,2.5,97.7,0,0.0,3,0,0.531,Medium,1.0,0.9545454545454546,,synthetic
synth_emp_0147,2026-01-19,Sales,Senior,Contractor,13.1,3,,0.9,3,0,0,0,0,6,0,0,2.0,12.0,0,0,35.0,2,1.1,12,3,0,6,4,28.5,10,66.9,2.4,80.6,0,0.0,0,0,0.132,Low,1.0,0.9318181818181818,,synthetic
synth_emp_0147,2026-01-26,Sales,Senior,Contractor,13.1,3,7.6,14.9,1,1,0,0,0,7,0,0,1.0,17.0,1,0,49.6,2,29.6,36,4,0,10,1,0.6,14,65.3,2.6,72.9,0,0.0,1,0,0.319,Low,1.0,0.9545454545454546,,synthetic
synth_emp_0147,2026-02-02,Sales,Senior,Contractor,13.1,3,7.2,4.6,2,0,1,0,0,4,0,0,1.0,16.0,0,0,42.3,2,29.1,25,8,0,2,0,,16,46.5,3.3,53.9,0,0.0,1,0,0.475,Medium,1.0,0.9318181818181818,,synthetic
synth_emp_0147,2026-02-09,Sales,Senior,Contractor,13.1,3,7.8,0.4,2,0,1,2,0,7,0,0,2.0,7.0,1,0,36.8,0,16.6,32,6,2,9,3,45.8,11,52.0,4.4,50.0,0,0.0,3,0,0.5,Medium,1.0,0.9545454545454546,,synthetic
synth_emp_0147,2026-02-16,Sales,Senior,Contractor,13.1,3,8.5,1.4,1,0,0,0,0,5,0,0,2.0,7.0,1,0,49.8,1,9.4,12,0,0,1,8,37.4,20,47.0,4.2,48.7,0,0.0,2,0,0.244,Low,1.0,0.9545454545454546,,synthetic
synth_emp_0147,2026-02-23,Sales,Senior,Contractor,13.1,3,9.4,1.7,0,1,0,0,0,6,0,0,0.0,12.0,0,0,30.3,0,6.3,15,0,1,4,12,7.0,13,22.5,2.9,45.0,0,0.0,1,0,0.412,Medium,1.0,0.9545454545454546,,synthetic
synth_emp_0147,2026-03-02,Sales,Senior,Contractor,13.1,3,7.9,10.2,3,0,0,1,0,4,0,0,2.0,14.0,1,0,38.0,2,14.2,23,3,4,9,4,35.6,16,67.5,4.1,61.1,0,0.0,3,0,0.717,High,1.0,0.9545454545454546,,synthetic
synth_emp_0147,2026-03-09,Sales,Senior,Contractor,13.1,3,7.2,,3,3,0,2,0,7,0,0,2.0,17.0,0,0,34.4,1,15.2,22,0,1,0,13,37.8,14,9.0,2.3,91.8,0,0.0,3,0,0.285,Low,1.0,0.9318181818181818,,synthetic
synth_emp_0147,2026-03-16,Sales,Senior,Contractor,13.1,3,8.6,9.5,2,1,0,2,0,6,0,0,2.0,12.0,0,0,43.0,0,6.3,8,0,0,8,15,39.2,2,58.4,2.7,46.7,0,0.0,0,0,0.792,High,1.0,0.9545454545454546,,synthetic
synth_emp_0147,2026-03-23,Sales,Senior,Contractor,13.1,3,7.6,13.2,0,0,1,0,0,4,0,0,0.0,16.0,1,0,40.9,1,3.9,30,3,1,9,13,28.2,1,65.9,3.5,59.3,0,0.0,2,0,0.312,Low,1.0,0.9545454545454546,,synthetic
synth_emp_0148,2026-01-05,Sales,Lead,Full-Time,11.7,7,7.6,12.6,1,3,0,1,0,7,0,0,2.0,20.0,1,0,47.3,2,20.1,21,6,2,5,9,34.3,20,50.3,3.9,44.0,0,0.0,3,0,0.672,Medium,1.0,0.9545454545454546,,synthetic
synth_emp_0148,2026-01-12,Sales,Lead,Full-Time,11.7,7,8.5,0.9,1,3,0,1,0,7,0,0,1.0,6.0,1,0,36.2,1,23.6,46,8,2,7,8,8.6,3,9.5,3.6,64.4,0,0.0,1,0,0.342,Low,1.0,0.9545454545454546,,synthetic
synth_emp_0148,2026-01-19,Sales,Lead,Full-Time,11.7,7,8.9,4.4,2,1,1,0,0,5,0,0,2.0,8.0,0,0,36.4,1,9.8,28,5,3,4,14,46.7,3,59.2,4.4,56.6,0,0.0,2,0,0.672,Medium,1.0,0.9545454545454546,,synthetic
synth_emp_0148,2026-01-26,Sales,Lead,Full-Time,11.7,7,7.8,12.1,0,2,1,1,0,5,0,0,0.0,5.0,0,0,39.7,0,23.3,46,8,7,4,1,23.1,3,11.7,2.5,61.1,0,0.0,1,0,0.733,High,1.0,0.9545454545454546,,synthetic
synth_emp_0148,2026-02-02,Sales,Lead,Full-Time,11.7,7,6.7,5.4,1,2,0,1,0,7,0,0,1.0,16.0,1,0,36.4,2,12.1,28,7,1,2,11,17.9,8,16.3,2.9,70.3,0,0.0,1,0,0.686,Medium,1.0,0.9545454545454546,,synthetic
synth_emp_0148,2026-02-09,Sales,Lead,Full-Time,11.7,7,6.1,4.1,2,1,0,2,0,4,0,0,2.0,13.0,1,0,38.4,2,12.3,0,0,0,3,12,2.5,14,13.1,2.1,74.4,0,0.0,1,0,0.149,Low,1.0,0.9545454545454546,,synthetic
synth_emp_0148,2026-02-16,Sales,Lead,Full-Time,11.7,7,8.9,10.8,2,0,1,2,0,7,0,0,2.0,8.0,1,0,48.3,2,7.6,39,3,1,10,11,35.3,11,10.0,3.2,74.8,0,0.0,2,0,0.627,Medium,1.0,0.9545454545454546,,synthetic
synth_emp_0148,2026-02-23,Sales,Lead,Full-Time,11.7,7,,0.4,3,0,1,0,0,7,0,0,0.0,12.0,0,0,31.9,1,3.6,2,0,0,7,1,26.0,10,9.8,3.1,75.4,0,0.0,1,0,0.213,Low,1.0,0.9318181818181818,,synthetic
synth_emp_0148,2026-03-02,Sales,Lead,Full-Time,11.7,7,7.6,6.5,0,3,0,1,0,5,0,0,0.0,6.0,1,0,39.1,0,4.3,14,0,0,7,6,13.3,8,44.9,4.8,92.2,0,0.0,1,0,0.353,Low,1.0,0.9545454545454546,,synthetic
synth_emp_0148,2026-03-09,Sales,Lead,Full-Time,11.7,7,7.9,8.1,3,3,0,2,0,4,0,0,0.0,8.0,0,0,46.1,0,19.6,25,0,2,2,12,47.3,18,11.7,2.6,53.4,0,0.0,1,0,0.507,Medium,1.0,0.9545454545454546,,synthetic
synth_emp_0148,2026-03-16,Sales,Lead,Full-Time,11.7,7,7.9,4.0,3,2,1,0,0,6,0,0,0.0,10.0,1,0,32.1,2,22.3,50,10,0,5,7,30.4,20,23.1,3.4,54.9,0,0.0,3,0,0.329,Low,1.0,0.9545454545454546,,synthetic
synth_emp_0148,2026-03-23,Sales,Lead,Full-Time,11.7,7,,13.3,0,0,0,2,0,7,0,0,2.0,16.0,1,0,35.9,2,22.4,42,6,6,4,1,15.3,6,35.7,4.6,50.0,0,0.0,3,0,0.801,High,1.0,0.9318181818181818,,synthetic
synth_emp_0149,2026-01-05,Marketing,Junior,Contractor,1.6,8,9.3,14.2,3,0,1,2,0,6,0,0,0.0,7.0,0,0,48.2,1,22.6,11,4,0,3,8,37.2,5,62.2,4.0,69.1,0,0.0,0,0,0.795,High,1.0,0.9545454545454546,,synthetic
synth_emp_0149,2026-01-12,Marketing,Junior,Contractor,1.6,8,6.3,5.1,0,3,1,0,0,5,0,0,0.0,9.0,1,0,34.9,1,2.1,11,1,1,7,14,9.0,10,57.1,3.4,95.7,0,0.0,0,0,0.59,Medium,1.0,0.9545454545454546,,synthetic
synth_emp_0149,2026-01-19,Marketing,Junior,Contractor,1.6,8,7.5,2.4,1,1,1,0,0,5,0,0,2.0,11.0,1,0,40.2,1,25.5,16,5,2,1,7,21.2,11,60.2,3.7,91.1,0,0.0,3,0,0.104,Low,1.0,0.9545454545454546,,synthetic
synth_emp_0149,2026-01-26,Marketing,Junior,Contractor,1.6,8,7.5,8.1,1,1,1,1,0,4,0,0,2.0,11.0,1,0,43.2,0,8.4,1,0,0,0,10,11.8,19,12.0,2.1,93.7,0,0.0,3,0,0.308,Low,1.0,0.9545454545454546,,synthetic
synth_emp_0149,2026-02-02,Marketing,Junior,Contractor,1.6,8,7.1,3.2,1,1,1,2,0,6,0,0,2.0,15.0,1,0,33.2,1,22.2,30,3,4,2,15,39.8,19,18.5,4.2,54.8,0,0.0,3,0,0.318,Low,1.0,0.9545454545454546,,synthetic
synth_emp_0149,2026-02-09,Marketing,Junior,Contractor,1.6,8,9.5,2.1,2,0,1,0,0,4,0,0,2.0,5.0,0,0,35.3,2,6.2,19,0,1,6,2,37.6,5,32.1,5.0,86.7,0,0.0,2,0,0.485,Medium,1.0,0.9545454545454546,,synthetic
synth_emp_0149,2026-02-16,Marketing,Junior,Contractor,1.6,8,6.7,3.9,0,2,1,0,0,5,0,0,1.0,6.0,0,0,37.8,2,5.6,24,4,3,2,15,9.0,18,67.2,3.3,61.7,0,0.0,0,0,0.519,Medium,1.0,0.9545454545454546,,synthetic
synth_emp_0149,2026-02-23,Marketing,Junior,Contractor,1.6,8,7.6,14.8,2,0,0,0,0,7,0,0,1.0,5.0,1,0,46.6,1,25.3,50,1,0,10,12,8.7,18,29.8,4.2,94.4,0,0.0,3,0,0.588,Medium,1.0,0.9545454545454546,,synthetic
synth_emp_0149,2026-03-02,Marketing,Junior,Contractor,1.6,8,,7.7,1,0,0,2,0,6,0,0,1.0,15.0,1,0,47.2,1,28.1,13,4,0,6,0,,18,50.3,4.6,60.4,0,0.0,0,0,0.436,Medium,1.0,0.9090909090909091,,synthetic
synth_emp_0149,2026-03-09,Marketing,Junior,Contractor,1.6,8,7.8,6.3,3,3,1,0,0,5,0,0,0.0,11.0,1,0,35.5,1,17.2,23,3,2,9,2,45.2,11,49.7,4.5,54.1,0,0.0,0,0,0.479,Medium,1.0,0.9545454545454546,,synthetic
synth_emp_0149,2026-03-16,Marketing,Junior,Contractor,1.6,8,6.8,14.6,3,3,1,2,0,6,0,0,0.0,10.0,0,0,32.0,0,20.4,18,4,3,2,4,20.9,20,8.6,4.1,75.4,0,0.0,3,0,0.486,Medium,1.0,0.9545454545454546,,synthetic
synth_emp_0149,2026-03-23,Marketing,Junior,Contractor,1.6,8,8.1,13.1,2,0,0,2,0,5,0,0,2.0,16.0,0,0,44.6,1,0.4,43,9,7,3,8,21.6,7,12.9,2.3,57.9,0,0.0,1,0,0.631,Medium,1.0,0.9545454545454546,,synthetic
synth_emp_0150,2026-01-05,Design,Junior,Full-Time,19.8,9,9.9,14.9,1,2,1,1,0,4,0,0,2.0,16.0,1,0,47.3,0,7.3,4,1,0,10,2,43.0,20,36.9,4.7,59.4,0,0.0,0,0,0.614,Medium,1.0,0.9545454545454546,,synthetic
synth_emp_0150,2026-01-12,Design,Junior,Full-Time,19.8,9,7.6,2.1,2,2,0,0,0,6,0,0,1.0,19.0,0,0,43.5,1,17.2,43,2,3,10,4,27.6,3,54.7,4.0,70.9,0,0.0,0,0,0.443,Medium,1.0,0.9545454545454546,,synthetic
synth_emp_0150,2026-01-19,Design,Junior,Full-Time,19.8,9,6.7,9.0,1,1,1,0,0,5,0,0,1.0,19.0,1,0,47.0,0,12.9,12,0,0,6,7,35.2,0,23.6,2.7,67.2,0,0.0,0,0,0.402,Medium,1.0,0.9545454545454546,,synthetic
synth_emp_0150,2026-01-26,Design,Junior,Full-Time,19.8,9,8.7,3.6,2,1,0,0,0,4,0,0,1.0,14.0,0,0,43.3,1,18.7,30,0,2,7,8,23.5,4,71.1,3.3,99.2,0,0.0,0,0,0.425,Medium,1.0,0.9545454545454546,,synthetic
synth_emp_0150,2026-02-02,Design,Junior,Full-Time,19.8,9,8.2,2.9,3,2,1,2,0,6,0,0,1.0,13.0,0,0,47.8,0,18.2,39,11,0,2,12,42.7,20,26.8,2.7,47.2,0,0.0,2,0,0.416,Medium,1.0,0.9545454545454546,,synthetic
synth_emp_0150,2026-02-09,Design,Junior,Full-Time,19.8,9,6.0,1.5,3,1,1,1,0,6,0,0,1.0,16.0,1,0,38.4,2,19.0,7,0,0,9,8,2.8,9,7.3,2.4,96.0,0,0.0,0,0,0.281,Low,1.0,0.9545454545454546,,synthetic
synth_emp_0150,2026-02-16,Design,Junior,Full-Time,19.8,9,7.6,11.0,1,0,0,0,0,7,0,0,1.0,11.0,1,0,34.1,1,16.1,13,2,1,10,5,24.6,11,44.8,2.3,76.4,0,0.0,3,0,0.457,Medium,1.0,0.9545454545454546,,synthetic
synth_emp_0150,2026-02-23,Design,Junior,Full-Time,19.8,9,8.0,5.9,1,3,1,0,0,7,0,0,0.0,7.0,1,0,46.2,1,11.1,42,9,1,3,8,11.3,20,25.3,4.3,60.8,0,0.0,1,0,0.658,Medium,1.0,0.9545454545454546,,synthetic
synth_emp_0150,2026-03-02,Design,Junior,Full-Time,19.8,9,9.7,6.4,1,0,1,2,0,5,0,0,2.0,15.0,1,0,43.9,1,3.6,36,7,2,9,4,29.3,6,50.8,4.3,58.0,0,0.0,1,0,0.811,High,1.0,0.9545454545454546,,synthetic
synth_emp_0150,2026-03-09,Design,Junior,Full-Time,19.8,9,,10.6,0,3,1,1,0,5,0,0,1.0,9.0,1,0,39.9,0,9.3,16,1,0,5,8,15.2,5,53.9,4.1,78.2,0,0.0,3,0,0.562,Medium,1.0,0.9318181818181818,,synthetic
synth_emp_0150,2026-03-16,Design,Junior,Full-Time,19.8,9,9.2,3.8,3,3,1,0,0,4,0,0,2.0,5.0,1,0,44.1,1,23.0,29,4,5,1,7,2.9,19,61.4,2.1,50.2,0,0.0,1,0,0.586,Medium,1.0,0.9545454545454546,,synthetic
synth_emp_0150,2026-03-23,Design,Junior,Full-Time,19.8,9,9.2,10.9,1,1,0,2,0,5,0,0,1.0,7.0,0,0,42.4,0,5.4,17,0,2,5,15,2.9,1,5.5,4.2,58.2,0,0.0,2,0,0.546,Medium,1.0,0.9545454545454546,,synthetic
synth_emp_0151,2026-01-05,Marketing,Mid,Full-Time,42.8,8,7.0,10.4,2,2,1,2,0,6,0,0,1.0,9.0,1,0,34.6,0,24.7,1,0,0,3,15,16.9,20,40.6,4.7,93.1,0,0.0,3,0,0.511,Medium,1.0,0.9545454545454546,,synthetic
synth_emp_0151,2026-01-12,Marketing,Mid,Full-Time,42.8,8,8.3,,1,0,0,1,0,4,0,0,1.0,13.0,1,0,46.1,0,6.0,45,5,1,10,1,27.1,18,18.3,5.0,95.6,0,0.0,0,0,0.188,Low,1.0,0.9318181818181818,,synthetic
synth_emp_0151,2026-01-19,Marketing,Mid,Full-Time,42.8,8,8.7,9.4,0,3,0,2,0,5,0,0,0.0,10.0,0,0,46.0,2,0.5,12,0,1,6,7,44.9,6,41.4,4.9,44.0,0,0.0,3,0,0.713,High,1.0,0.9545454545454546,,synthetic
synth_emp_0151,2026-01-26,Marketing,Mid,Full-Time,42.8,8,8.5,10.1,1,3,1,0,0,5,0,0,2.0,16.0,1,0,42.2,1,7.2,42,13,0,5,1,7.8,13,23.0,4.0,94.2,0,0.0,1,0,0.711,High,1.0,0.9545454545454546,,synthetic
synth_emp_0151,2026-02-02,Marketing,Mid,Full-Time,42.8,8,9.6,2.8,1,1,1,2,0,5,0,0,0.0,12.0,0,0,39.5,1,18.7,25,2,4,4,12,8.2,10,1.7,2.1,78.6,0,0.0,1,0,0.692,Medium,1.0,0.9545454545454546,,synthetic
synth_emp_0151,2026-02-09,Marketing,Mid,Full-Time,42.8,8,7.5,7.8,0,0,1,2,0,7,0,0,0.0,12.0,0,0,48.4,0,13.3,24,5,2,5,7,27.9,6,68.3,2.9,80.2,0,0.0,1,0,0.492,Medium,1.0,0.9545454545454546,,synthetic
synth_emp_0151,2026-02-16,Marketing,Mid,Full-Time,42.8,8,8.3,9.2,1,0,0,0,0,4,0,0,2.0,16.0,1,0,36.1,1,16.5,45,3,8,4,11,26.5,15,43.2,2.0,56.3,0,0.0,2,0,0.667,Medium,1.0,0.9545454545454546,,synthetic
synth_emp_0151,2026-02-23,Marketing,Mid,Full-Time,42.8,8,8.9,12.8,3,3,1,2,0,4,0,0,0.0,16.0,1,0,45.0,2,17.9,29,0,1,8,4,8.6,7,41.8,2.1,99.1,0,0.0,1,0,0.717,High,1.0,0.9545454545454546,,synthetic
synth_emp_0151,2026-03-02,Marketing,Mid,Full-Time,42.8,8,,10.8,3,1,1,1,0,6,0,0,1.0,8.0,0,0,38.6,1,1.7,14,3,0,0,2,3.1,15,55.1,3.3,95.6,0,0.0,1,0,0.345,Low,1.0,0.9318181818181818,,synthetic
synth_emp_0151,2026-03-09,Marketing,Mid,Full-Time,42.8,8,6.1,5.2,2,3,0,0,0,5,0,0,0.0,14.0,1,0,41.5,2,10.4,29,4,2,2,5,6.1,20,45.2,3.1,63.9,0,0.0,2,0,0.349,Low,1.0,0.9545454545454546,,synthetic
synth_emp_0151,2026-03-16,Marketing,Mid,Full-Time,42.8,8,6.3,9.0,2,3,1,0,0,7,0,0,1.0,11.0,1,0,45.2,2,29.4,46,6,5,2,9,42.1,11,69.3,4.8,86.2,0,0.0,2,0,0.623,Medium,1.0,0.9545454545454546,,synthetic
synth_emp_0151,2026-03-23,Marketing,Mid,Full-Time,42.8,8,9.6,6.6,0,3,1,0,0,7,0,0,1.0,18.0,1,0,47.3,0,3.0,37,5,4,9,15,23.6,20,1.4,3.8,92.4,0,0.0,2,0,0.651,Medium,1.0,0.9545454545454546,,synthetic
synth_emp_0152,2026-01-05,Marketing,Manager,Contractor,1.2,5,7.5,9.3,0,3,0,2,0,5,0,0,2.0,16.0,0,0,44.3,0,12.5,2,0,0,7,9,33.2,10,1.0,4.4,78.4,0,0.0,0,0,0.422,Medium,1.0,0.9545454545454546,,synthetic
synth_emp_0152,2026-01-12,Marketing,Manager,Contractor,1.2,5,6.6,1.6,2,2,1,0,0,7,0,0,1.0,12.0,1,0,49.1,0,26.6,49,15,2,4,0,,16,33.9,3.8,68.3,0,0.0,0,0,0.302,Low,1.0,0.9318181818181818,,synthetic
synth_emp_0152,2026-01-19,Marketing,Manager,Contractor,1.2,5,6.4,14.2,1,1,1,2,0,6,0,0,2.0,7.0,1,0,41.8,0,28.3,17,2,2,10,7,35.2,20,43.6,3.0,48.0,0,0.0,3,0,0.464,Medium,1.0,0.9545454545454546,,synthetic
synth_emp_0152,2026-01-26,Marketing,Manager,Contractor,1.2,5,7.3,0.1,3,1,0,0,0,4,0,0,1.0,18.0,0,0,34.2,0,16.9,44,0,4,9,15,32.2,3,67.0,2.2,80.2,0,0.0,2,0,0.476,Medium,1.0,0.9545454545454546,,synthetic
synth_emp_0152,2026-02-02,Marketing,Manager,Contractor,1.2,5,9.0,5.8,2,3,1,2,0,5,0,0,1.0,14.0,1,0,42.0,1,5.0,6,1,0,0,8,3.4,9,12.6,4.0,94.3,0,0.0,0,0,0.754,High,1.0,0.9545454545454546,,synthetic
synth_emp_0152,2026-02-09,Marketing,Manager,Contractor,1.2,5,6.7,14.2,2,0,1,1,0,4,0,0,1.0,8.0,0,0,41.5,1,11.1,20,2,0,7,14,26.5,14,70.7,4.9,91.3,0,0.0,3,0,0.352,Low,1.0,0.9545454545454546,,synthetic
synth_emp_0152,2026-02-16,Marketing,Manager,Contractor,1.2,5,6.1,6.0,1,2,0,1,0,6,0,0,1.0,16.0,0,0,39.7,2,1.8,42,7,2,6,6,36.6,18,45.0,2.4,48.2,0,0.0,0,0,0.695,Medium,1.0,0.9545454545454546,,synthetic
synth_emp_0152,2026-02-23,Marketing,Manager,Contractor,1.2,5,7.6,13.4,0,1,0,1,0,4,0,0,2.0,9.0,0,0,48.5,1,11.0,38,0,6,9,5,24.1,12,42.4,3.0,86.9,0,0.0,1,0,0.487,Medium,1.0,0.9545454545454546,,synthetic
synth_emp_0152,2026-03-02,Marketing,Manager,Contractor,1.2,5,8.4,8.4,2,0,0,2,0,7,0,0,2.0,20.0,0,0,32.3,2,2.7,40,10,1,10,15,17.5,2,9.5,2.7,87.8,0,0.0,2,0,0.71,High,1.0,0.9545454545454546,,synthetic
synth_emp_0152,2026-03-09,Marketing,Manager,Contractor,1.2,5,9.7,1.4,0,1,1,2,0,7,0,0,2.0,18.0,0,0,34.9,2,14.6,15,0,0,9,14,1.1,20,3.9,3.5,44.1,0,0.0,1,0,0.44,Medium,1.0,0.9545454545454546,,synthetic
synth_emp_0152,2026-03-16,Marketing,Manager,Contractor,1.2,5,6.2,2.1,3,0,1,1,0,6,0,0,1.0,8.0,0,0,46.0,0,20.1,3,0,0,5,7,41.4,19,43.0,2.0,86.9,0,0.0,1,0,0.134,Low,1.0,0.9545454545454546,,synthetic
synth_emp_0152,2026-03-23,Marketing,Manager,Contractor,1.2,5,6.7,1.5,1,3,1,2,0,6,0,0,0.0,13.0,0,0,34.5,0,25.2,2,0,0,10,7,41.0,15,41.8,3.0,88.4,0,0.0,0,0,0.336,Low,1.0,0.9545454545454546,,synthetic
synth_emp_0153,2026-01-05,Marketing,Mid,Full-Time,15.5,8,6.9,11.4,3,3,1,1,0,7,0,0,0.0,7.0,0,0,37.7,1,0.3,3,0,0,0,4,29.6,13,12.7,3.5,96.7,0,0.0,1,0,0.578,Medium,1.0,0.9545454545454546,,synthetic
synth_emp_0153,2026-01-12,Marketing,Mid,Full-Time,15.5,8,7.8,5.7,1,0,0,2,0,6,0,0,0.0,8.0,0,0,34.8,1,27.7,18,5,2,6,6,19.0,17,66.3,4.9,92.9,0,0.0,2,0,0.548,Medium,1.0,0.9545454545454546,,synthetic
synth_emp_0153,2026-01-19,Marketing,Mid,Full-Time,15.5,8,,8.5,2,3,0,1,0,6,0,0,1.0,9.0,0,0,35.8,1,23.6,33,3,6,4,8,17.4,4,49.2,3.3,61.6,0,0.0,1,0,0.651,Medium,1.0,0.9318181818181818,,synthetic
synth_emp_0153,2026-01-26,Marketing,Mid,Full-Time,15.5,8,8.3,12.2,2,3,1,2,0,4,0,0,1.0,15.0,0,0,36.3,2,26.6,20,0,1,8,8,15.0,17,48.3,3.2,62.7,0,0.0,0,0,0.508,Medium,1.0,0.9545454545454546,,synthetic
synth_emp_0153,2026-02-02,Marketing,Mid,Full-Time,15.5,8,8.4,3.8,0,1,1,2,0,7,0,0,1.0,13.0,0,0,42.3,1,14.5,5,0,0,2,4,4.1,14,53.4,5.0,55.1,0,0.0,1,0,0.382,Low,1.0,0.9545454545454546,,synthetic
synth_emp_0153,2026-02-09,Marketing,Mid,Full-Time,15.5,8,6.5,14.6,2,3,0,0,0,5,0,0,1.0,9.0,0,0,38.9,0,18.0,50,0,2,5,6,13.6,6,59.4,2.1,80.5,0,0.0,3,0,0.329,Low,1.0,0.9545454545454546,,synthetic
synth_emp_0153,2026-02-16,Marketing,Mid,Full-Time,15.5,8,6.9,9.1,1,0,0,2,0,6,0,0,2.0,11.0,1,0,37.3,2,27.9,42,10,7,2,14,10.5,13,68.0,2.5,45.3,0,0.0,2,0,0.887,High,1.0,0.9545454545454546,,synthetic
synth_emp_0153,2026-02-23,Marketing,Mid,Full-Time,15.5,8,9.1,1.5,2,1,0,1,0,5,0,0,1.0,9.0,0,0,38.2,0,6.0,3,0,0,9,2,25.6,20,64.4,3.0,51.3,0,0.0,2,0,0.574,Medium,1.0,0.9545454545454546,,synthetic
synth_emp_0153,2026-03-02,Marketing,Mid,Full-Time,15.5,8,7.1,10.7,1,1,1,0,0,6,0,0,0.0,6.0,0,0,42.3,0,20.4,49,11,1,7,0,,7,8.9,2.6,48.0,0,0.0,1,0,0.531,Medium,1.0,0.9318181818181818,,synthetic
synth_emp_0153,2026-03-09,Marketing,Mid,Full-Time,15.5,8,,11.9,0,3,0,0,0,4,0,0,0.0,16.0,1,0,42.4,2,28.3,31,9,1,6,8,23.3,19,70.9,2.1,58.2,0,0.0,0,0,0.522,Medium,1.0,0.9318181818181818,,synthetic
synth_emp_0153,2026-03-16,Marketing,Mid,Full-Time,15.5,8,8.0,2.7,3,0,1,0,0,5,0,0,0.0,7.0,1,0,39.9,2,10.7,48,3,2,6,11,8.9,12,26.4,4.7,95.9,0,0.0,0,0,0.111,Low,1.0,0.9545454545454546,,synthetic
synth_emp_0153,2026-03-23,Marketing,Mid,Full-Time,15.5,8,,14.6,1,0,1,0,0,6,0,0,1.0,16.0,0,0,30.5,0,0.6,48,2,4,6,1,6.1,13,54.3,3.0,91.7,0,0.0,1,0,0.71,High,1.0,0.9318181818181818,,synthetic
synth_emp_0154,2026-01-05,Sales,Lead,Full-Time,33.4,10,9.3,,1,0,0,0,0,5,0,0,2.0,7.0,0,0,33.8,0,29.5,44,9,7,7,11,24.4,4,24.4,2.3,48.4,0,0.0,0,0,0.86,High,1.0,0.9318181818181818,,synthetic
synth_emp_0154,2026-01-12,Sales,Lead,Full-Time,33.4,10,6.8,1.3,3,3,1,2,0,5,0,0,2.0,16.0,0,0,47.3,0,17.3,9,1,0,5,0,,9,61.3,4.4,60.2,0,0.0,2,0,0.209,Low,1.0,0.9318181818181818,,synthetic
synth_emp_0154,2026-01-19,Sales,Lead,Full-Time,33.4,10,6.9,,2,2,0,0,0,7,0,0,0.0,13.0,1,0,38.5,1,22.4,38,1,2,2,1,10.3,5,30.1,4.1,63.4,0,0.0,3,0,0.201,Low,1.0,0.9318181818181818,,synthetic
synth_emp_0154,2026-01-26,Sales,Lead,Full-Time,33.4,10,7.8,,1,0,1,2,0,7,0,0,1.0,9.0,1,0,35.8,1,16.0,22,8,1,6,5,36.4,8,17.3,2.2,90.5,0,0.0,3,0,0.338,Low,1.0,0.9318181818181818,,synthetic
synth_emp_0154,2026-02-02,Sales,Lead,Full-Time,33.4,10,,4.4,0,2,1,1,0,5,0,0,2.0,16.0,0,0,48.5,0,23.2,48,15,5,10,7,3.8,10,20.9,2.6,40.3,0,0.0,2,0,0.528,Medium,1.0,0.9318181818181818,,synthetic
synth_emp_0154,2026-02-09,Sales,Lead,Full-Time,33.4,10,,3.2,0,1,1,2,0,6,0,0,1.0,12.0,1,0,35.2,1,19.0,40,7,7,7,1,33.9,11,55.4,3.3,73.9,0,0.0,3,0,0.525,Medium,1.0,0.9318181818181818,,synthetic
synth_emp_0154,2026-02-16,Sales,Lead,Full-Time,33.4,10,7.4,2.4,3,2,1,2,0,6,0,0,2.0,20.0,1,0,31.2,2,26.7,37,9,0,7,9,10.6,16,62.2,4.6,94.4,0,0.0,3,0,0.409,Medium,1.0,0.9545454545454546,,synthetic
synth_emp_0154,2026-02-23,Sales,Lead,Full-Time,33.4,10,9.1,11.4,2,2,0,0,0,5,0,0,2.0,10.0,1,0,38.3,0,19.4,6,0,0,10,12,46.3,18,44.8,2.5,60.2,0,0.0,1,0,0.657,Medium,1.0,0.9545454545454546,,synthetic
synth_emp_0154,2026-03-02,Sales,Lead,Full-Time,33.4,10,6.4,10.9,1,2,0,2,0,7,0,0,1.0,19.0,0,0,37.3,0,1.2,46,14,8,3,11,41.8,12,6.4,4.1,41.2,0,0.0,2,0,0.792,High,1.0,0.9545454545454546,,synthetic
synth_emp_0154,2026-03-09,Sales,Lead,Full-Time,33.4,10,7.6,1.6,3,3,1,2,0,4,0,0,1.0,12.0,0,0,44.2,2,15.7,30,1,3,9,9,3.9,8,3.8,4.9,67.4,0,0.0,1,0,0.267,Low,1.0,0.9545454545454546,,synthetic
synth_emp_0154,2026-03-16,Sales,Lead,Full-Time,33.4,10,9.0,7.3,3,3,0,1,0,5,0,0,2.0,8.0,1,0,46.0,0,13.4,39,7,4,9,13,40.1,5,35.8,3.2,42.8,0,0.0,0,0,0.977,High,1.0,0.9545454545454546,,synthetic
synth_emp_0154,2026-03-23,Sales,Lead,Full-Time,33.4,10,,9.1,0,0,0,0,0,6,0,0,2.0,17.0,1,0,44.9,0,16.3,41,13,3,6,1,0.6,3,1.2,4.7,87.2,0,0.0,3,0,0.807,High,1.0,0.9318181818181818,,synthetic
synth_emp_0155,2026-01-05,Engineering,Junior,Contractor,4.7,3,9.7,2.0,0,2,0,2,0,4,0,0,0.0,7.0,0,0,44.7,2,5.9,7,0,0,4,6,42.0,18,8.9,4.3,95.0,0,0.0,3,0,0.583,Medium,1.0,0.9545454545454546,,synthetic
synth_emp_0155,2026-01-12,Engineering,Junior,Contractor,4.7,3,9.6,0.6,3,1,0,2,0,5,0,0,2.0,9.0,1,0,32.2,1,7.7,7,0,0,2,2,38.1,18,67.5,3.5,63.2,0,0.0,3,0,0.582,Medium,1.0,0.9545454545454546,,synthetic
synth_emp_0155,2026-01-19,Engineering,Junior,Contractor,4.7,3,6.4,7.3,2,2,0,0,0,6,0,0,2.0,10.0,0,0,46.9,2,28.9,50,3,3,2,9,37.9,10,60.2,2.8,71.5,0,0.0,2,0,0.629,Medium,1.0,0.9545454545454546,,synthetic
synth_emp_0155,2026-01-26,Engineering,Junior,Contractor,4.7,3,9.8,14.6,1,3,0,0,0,6,0,0,0.0,12.0,0,0,43.2,2,9.6,0,0,0,8,4,46.5,14,36.3,2.4,81.2,0,0.0,1,0,0.695,Medium,1.0,0.9545454545454546,,synthetic
synth_emp_0155,2026-02-02,Engineering,Junior,Contractor,4.7,3,6.6,10.4,3,3,1,1,0,6,0,0,2.0,10.0,0,0,40.2,1,16.6,39,12,1,7,7,5.5,6,44.7,2.1,90.0,0,0.0,2,0,0.607,Medium,1.0,0.9545454545454546,,synthetic
synth_emp_0155,2026-02-09,Engineering,Junior,Contractor,4.7,3,6.9,13.7,1,3,1,2,0,4,0,0,2.0,6.0,1,0,45.8,1,3.7,26,4,2,6,13,8.8,9,59.3,3.8,91.9,0,0.0,2,0,0.414,Medium,1.0,0.9545454545454546,,synthetic
synth_emp_0155,2026-02-16,Engineering,Junior,Contractor,4.7,3,9.4,13.6,3,0,1,0,0,6,0,0,0.0,19.0,0,0,42.7,0,15.6,22,4,3,7,3,12.1,6,11.4,4.3,50.4,0,0.0,3,0,0.895,High,1.0,0.9545454545454546,,synthetic
synth_emp_0155,2026-02-23,Engineering,Junior,Contractor,4.7,3,7.7,11.3,2,3,1,1,0,6,0,0,2.0,6.0,0,0,47.8,0,21.6,34,8,0,2,9,37.0,20,8.1,2.9,63.1,0,0.0,2,0,0.681,Medium,1.0,0.9545454545454546,,synthetic
synth_emp_0155,2026-03-02,Engineering,Junior,Contractor,4.7,3,9.6,5.4,2,1,0,1,0,7,0,0,1.0,10.0,0,0,45.5,2,18.0,12,2,1,6,6,7.0,11,55.7,4.0,58.2,0,0.0,1,0,0.575,Medium,1.0,0.9545454545454546,,synthetic
synth_emp_0155,2026-03-09,Engineering,Junior,Contractor,4.7,3,9.9,12.6,3,0,0,1,0,7,0,0,1.0,5.0,0,0,48.3,0,3.5,39,8,0,1,7,39.0,11,54.2,3.6,78.2,0,0.0,1,0,0.79,High,1.0,0.9545454545454546,,synthetic
synth_emp_0155,2026-03-16,Engineering,Junior,Contractor,4.7,3,7.4,2.4,0,3,0,2,0,7,0,0,2.0,16.0,0,0,37.4,1,24.6,4,0,0,9,12,16.5,4,9.6,4.4,43.9,0,0.0,0,0,0.273,Low,1.0,0.9545454545454546,,synthetic
synth_emp_0155,2026-03-23,Engineering,Junior,Contractor,4.7,3,,12.8,0,3,1,1,0,6,0,0,0.0,19.0,1,0,42.6,2,0.3,18,1,0,10,14,23.7,16,13.3,4.6,96.1,0,0.0,3,0,0.341,Low,1.0,0.9318181818181818,,synthetic
synth_emp_0156,2026-01-05,Marketing,Lead,Full-Time,42.0,4,,11.2,2,1,1,2,0,6,0,0,0.0,12.0,0,0,45.9,2,29.8,29,3,4,4,15,47.6,12,64.1,2.8,51.9,0,0.0,1,0,0.533,Medium,1.0,0.9318181818181818,,synthetic
synth_emp_0156,2026-01-12,Marketing,Lead,Full-Time,42.0,4,8.9,0.9,2,2,1,1,0,5,0,0,2.0,14.0,1,0,47.5,0,23.9,31,3,4,9,10,43.6,15,57.9,2.5,58.3,0,0.0,3,0,0.712,High,1.0,0.9545454545454546,,synthetic
synth_emp_0156,2026-01-19,Marketing,Lead,Full-Time,42.0,4,8.2,2.7,2,1,0,0,0,4,0,0,0.0,14.0,1,0,32.4,1,13.4,18,2,2,5,0,,8,27.4,3.7,90.2,0,0.0,0,0,0.318,Low,1.0,0.9318181818181818,,synthetic
synth_emp_0156,2026-01-26,Marketing,Lead,Full-Time,42.0,4,7.8,5.7,2,1,0,0,0,5,0,0,2.0,16.0,1,0,48.8,2,10.0,8,3,0,10,5,40.9,5,62.5,3.1,81.6,0,0.0,3,0,0.364,Low,1.0,0.9545454545454546,,synthetic
synth_emp_0156,2026-02-02,Marketing,Lead,Full-Time,42.0,4,7.9,1.6,0,0,0,1,0,6,0,0,0.0,20.0,0,0,43.3,1,16.7,22,1,1,6,15,38.8,4,64.3,4.5,77.9,0,0.0,0,0,0.137,Low,1.0,0.9545454545454546,,synthetic
synth_emp_0156,2026-02-09,Marketing,Lead,Full-Time,42.0,4,7.4,4.7,2,1,1,2,0,4,0,0,0.0,16.0,1,0,40.8,0,9.9,35,6,3,2,2,22.2,15,16.1,3.3,56.8,0,0.0,1,0,0.421,Medium,1.0,0.9545454545454546,,synthetic
synth_emp_0156,2026-02-16,Marketing,Lead,Full-Time,42.0,4,7.7,0.0,3,2,0,2,0,7,0,0,1.0,15.0,0,0,36.3,1,19.7,38,9,7,2,13,31.9,1,50.2,3.3,96.6,0,0.0,2,0,0.598,Medium,1.0,0.9545454545454546,,synthetic
synth_emp_0156,2026-02-23,Marketing,Lead,Full-Time,42.0,4,,9.2,2,2,1,0,0,7,0,0,1.0,12.0,0,0,32.0,0,2.6,6,1,0,6,10,46.4,20,51.2,3.0,97.9,0,0.0,1,0,0.521,Medium,1.0,0.9318181818181818,,synthetic
synth_emp_0156,2026-03-02,Marketing,Lead,Full-Time,42.0,4,9.4,,3,1,0,0,0,6,0,0,2.0,8.0,1,0,47.3,0,17.8,2,0,0,1,0,,13,59.2,3.2,52.0,0,0.0,0,0,0.515,Medium,1.0,0.9090909090909091,,synthetic
synth_emp_0156,2026-03-09,Marketing,Lead,Full-Time,42.0,4,8.9,9.3,2,1,0,0,0,7,0,0,2.0,14.0,1,0,46.3,1,22.1,28,0,3,7,9,32.9,9,9.6,4.7,93.9,0,0.0,2,0,0.936,High,1.0,0.9545454545454546,,synthetic
synth_emp_0156,2026-03-16,Marketing,Lead,Full-Time,42.0,4,8.0,,1,3,0,0,0,6,0,0,1.0,16.0,1,0,43.8,1,12.1,15,1,0,0,11,11.0,14,72.0,2.6,94.4,0,0.0,2,0,0.336,Low,1.0,0.9318181818181818,,synthetic
synth_emp_0156,2026-03-23,Marketing,Lead,Full-Time,42.0,4,,5.7,1,3,0,0,0,7,0,0,2.0,18.0,1,0,36.9,2,6.3,27,0,2,6,11,1.4,8,36.2,4.6,78.9,0,0.0,2,0,0.581,Medium,1.0,0.9318181818181818,,synthetic
synth_emp_0157,2026-01-05,Engineering,Mid,Contractor,1.8,7,7.7,12.7,1,0,1,0,0,7,0,0,2.0,11.0,0,0,41.8,2,20.3,20,4,3,10,1,0.8,20,11.3,2.2,45.7,0,0.0,1,0,0.715,High,1.0,0.9545454545454546,,synthetic
synth_emp_0157,2026-01-12,Engineering,Mid,Contractor,1.8,7,9.4,8.0,0,3,1,1,0,7,0,0,2.0,5.0,0,0,40.2,2,12.9,38,1,3,7,0,,10,54.2,2.4,47.9,0,0.0,0,0,0.679,Medium,1.0,0.9318181818181818,,synthetic
synth_emp_0157,2026-01-19,Engineering,Mid,Contractor,1.8,7,8.7,2.5,0,3,1,0,0,4,0,0,0.0,7.0,1,0,48.0,2,7.4,6,2,1,3,12,41.9,10,10.8,4.9,84.6,0,0.0,3,0,0.401,Medium,1.0,0.9545454545454546,,synthetic
synth_emp_0157,2026-01-26,Engineering,Mid,Contractor,1.8,7,9.1,9.3,2,3,1,2,0,6,0,0,0.0,17.0,0,0,41.9,1,5.1,31,5,2,1,2,41.4,10,18.9,4.1,64.8,0,0.0,0,0,0.763,High,1.0,0.9545454545454546,,synthetic
synth_emp_0157,2026-02-02,Engineering,Mid,Contractor,1.8,7,9.9,1.8,2,3,1,1,0,7,0,0,1.0,14.0,1,0,44.0,1,21.3,50,6,1,8,9,19.6,4,9.2,4.5,91.3,0,0.0,3,0,0.664,Medium,1.0,0.9545454545454546,,synthetic
synth_emp_0157,2026-02-09,Engineering,Mid,Contractor,1.8,7,9.9,1.6,0,2,0,0,0,4,0,0,1.0,7.0,0,0,36.2,2,11.4,8,2,1,0,15,46.0,17,51.0,3.2,81.6,0,0.0,3,0,0.384,Low,1.0,0.9545454545454546,,synthetic
synth_emp_0157,2026-02-16,Engineering,Mid,Contractor,1.8,7,6.9,4.0,1,1,1,0,0,4,0,0,1.0,16.0,1,0,46.5,0,18.3,30,10,0,9,9,4.6,14,30.9,3.1,65.3,0,0.0,1,0,0.352,Low,1.0,0.9545454545454546,,synthetic
synth_emp_0157,2026-02-23,Engineering,Mid,Contractor,1.8,7,9.1,12.3,3,3,1,1,0,4,0,0,0.0,13.0,0,0,41.7,0,22.5,40,0,1,1,7,10.7,16,14.2,4.1,94.1,0,0.0,1,0,0.613,Medium,1.0,0.9545454545454546,,synthetic
synth_emp_0157,2026-03-02,Engineering,Mid,Contractor,1.8,7,9.7,,3,1,0,0,0,5,0,0,0.0,5.0,1,0,37.9,1,27.0,47,4,6,5,5,23.2,3,60.8,3.5,56.0,0,0.0,3,0,0.655,Medium,1.0,0.9318181818181818,,synthetic
synth_emp_0157,2026-03-09,Engineering,Mid,Contractor,1.8,7,8.6,8.2,3,3,0,0,0,6,0,0,2.0,7.0,1,0,48.3,2,25.3,19,2,1,6,15,29.9,2,47.0,3.8,95.9,0,0.0,1,0,0.764,High,1.0,0.9545454545454546,,synthetic
synth_emp_0157,2026-03-16,Engineering,Mid,Contractor,1.8,7,8.6,5.3,3,3,1,2,0,6,0,0,0.0,5.0,0,0,34.6,1,28.2,1,0,0,5,6,45.5,1,46.5,5.0,92.7,0,0.0,1,0,0.729,High,1.0,0.9545454545454546,,synthetic
synth_emp_0157,2026-03-23,Engineering,Mid,Contractor,1.8,7,6.4,0.6,2,1,1,2,0,6,0,0,1.0,18.0,0,0,35.0,2,22.6,28,11,2,6,3,47.9,2,71.6,3.6,87.2,0,0.0,1,0,0.317,Low,1.0,0.9545454545454546,,synthetic
synth_emp_0158,2026-01-05,Sales,Lead,Full-Time,18.8,8,9.8,6.0,1,2,1,2,0,6,0,0,1.0,7.0,1,0,44.4,0,10.3,9,2,1,3,13,23.8,16,45.5,4.1,58.3,0,0.0,2,0,0.546,Medium,1.0,0.9545454545454546,,synthetic
synth_emp_0158,2026-01-12,Sales,Lead,Full-Time,18.8,8,9.7,14.8,0,1,1,0,0,7,0,0,0.0,11.0,1,0,44.3,0,26.5,3,0,0,7,1,15.3,7,16.5,2.6,89.0,0,0.0,1,0,0.792,High,1.0,0.9545454545454546,,synthetic
synth_emp_0158,2026-01-19,Sales,Lead,Full-Time,18.8,8,7.2,1.9,3,3,1,2,0,5,0,0,2.0,10.0,0,0,30.7,0,14.9,32,7,3,7,12,8.2,8,39.5,2.4,82.5,0,0.0,0,0,0.422,Medium,1.0,0.9545454545454546,,synthetic
synth_emp_0158,2026-01-26,Sales,Lead,Full-Time,18.8,8,9.1,11.0,0,2,1,0,0,7,0,0,2.0,15.0,0,0,42.2,1,5.2,31,8,2,1,2,11.2,8,25.9,2.2,65.4,0,0.0,3,0,0.732,High,1.0,0.9545454545454546,,synthetic
synth_emp_0158,2026-02-02,Sales,Lead,Full-Time,18.8,8,7.7,13.8,3,0,0,0,0,5,0,0,2.0,7.0,1,0,37.6,2,14.3,13,2,0,10,14,22.5,15,46.2,2.0,50.3,0,0.0,3,0,0.503,Medium,1.0,0.9545454545454546,,synthetic
synth_emp_0158,2026-02-09,Sales,Lead,Full-Time,18.8,8,7.7,4.1,0,1,1,2,0,4,0,0,1.0,14.0,1,0,48.0,1,25.0,21,1,2,4,9,45.6,19,7.2,4.3,72.4,0,0.0,2,0,0.1,Low,1.0,0.9545454545454546,,synthetic
synth_emp_0158,2026-02-16,Sales,Lead,Full-Time,18.8,8,8.0,9.0,3,3,0,2,0,5,0,0,1.0,16.0,1,0,49.4,2,23.8,12,3,0,8,4,8.4,11,56.8,2.9,69.0,0,0.0,3,0,0.466,Medium,1.0,0.9545454545454546,,synthetic
synth_emp_0158,2026-02-23,Sales,Lead,Full-Time,18.8,8,6.9,3.9,2,3,1,0,0,6,0,0,0.0,9.0,0,0,38.4,1,22.6,26,2,0,5,3,11.1,0,41.6,4.5,58.9,0,0.0,3,0,0.145,Low,1.0,0.9545454545454546,,synthetic
synth_emp_0158,2026-03-02,Sales,Lead,Full-Time,18.8,8,7.1,9.9,1,1,0,1,0,4,0,0,0.0,6.0,0,0,35.1,2,23.2,27,4,0,8,8,23.8,13,20.4,3.9,79.3,0,0.0,1,0,0.429,Medium,1.0,0.9545454545454546,,synthetic
synth_emp_0158,2026-03-09,Sales,Lead,Full-Time,18.8,8,9.4,9.0,1,1,0,2,0,5,0,0,2.0,19.0,1,0,41.1,0,16.6,42,14,6,6,7,36.4,16,42.2,3.6,60.7,0,0.0,0,0,0.984,High,1.0,0.9545454545454546,,synthetic
synth_emp_0158,2026-03-16,Sales,Lead,Full-Time,18.8,8,6.8,6.5,2,0,1,2,0,5,0,0,1.0,20.0,0,0,44.7,1,4.0,34,1,6,9,11,9.1,19,38.1,3.1,71.0,0,0.0,3,0,0.493,Medium,1.0,0.9545454545454546,,synthetic
synth_emp_0158,2026-03-23,Sales,Lead,Full-Time,18.8,8,,3.1,1,1,1,2,0,7,0,0,0.0,7.0,0,0,39.0,1,13.7,18,1,3,7,11,3.2,17,61.6,4.9,80.2,0,0.0,1,0,0.368,Low,1.0,0.9318181818181818,,synthetic
synth_emp_0159,2026-01-05,Sales,Lead,Full-Time,32.4,4,6.2,6.6,3,2,0,2,0,7,0,0,0.0,13.0,0,0,37.8,0,21.3,27,5,4,3,7,10.8,4,20.9,3.7,68.3,0,0.0,1,0,0.558,Medium,1.0,0.9545454545454546,,synthetic
synth_emp_0159,2026-01-12,Sales,Lead,Full-Time,32.4,4,6.4,11.7,2,0,1,0,0,6,0,0,1.0,10.0,1,0,39.3,0,18.0,7,1,1,5,12,4.4,15,55.3,4.4,79.6,0,0.0,2,0,0.342,Low,1.0,0.9545454545454546,,synthetic
synth_emp_0159,2026-01-19,Sales,Lead,Full-Time,32.4,4,,8.3,0,0,1,1,0,5,0,0,2.0,13.0,1,0,43.8,1,1.9,43,12,7,4,11,25.4,19,3.0,3.5,68.0,0,0.0,1,0,0.862,High,1.0,0.9318181818181818,,synthetic
synth_emp_0159,2026-01-26,Sales,Lead,Full-Time,32.4,4,8.4,3.4,3,0,0,1,0,7,0,0,2.0,19.0,1,0,32.8,0,4.2,18,6,1,6,12,40.4,9,62.8,3.1,80.5,0,0.0,2,0,0.436,Medium,1.0,0.9545454545454546,,synthetic
synth_emp_0159,2026-02-02,Sales,Lead,Full-Time,32.4,4,6.9,,3,3,1,2,0,7,0,0,2.0,12.0,0,0,47.9,0,7.6,9,1,0,3,11,35.8,17,27.8,3.8,40.6,0,0.0,3,0,0.357,Low,1.0,0.9318181818181818,,synthetic
synth_emp_0159,2026-02-09,Sales,Lead,Full-Time,32.4,4,9.5,14.3,0,2,1,2,0,6,0,0,2.0,12.0,0,0,47.3,1,7.7,2,0,0,5,1,1.7,13,25.0,2.6,47.6,0,0.0,2,0,0.684,Medium,1.0,0.9545454545454546,,synthetic
synth_emp_0159,2026-02-16,Sales,Lead,Full-Time,32.4,4,8.1,4.2,3,1,0,0,0,5,0,0,2.0,7.0,1,0,38.7,1,17.6,5,0,0,0,11,31.7,15,1.9,4.2,80.4,0,0.0,3,0,0.373,Low,1.0,0.9545454545454546,,synthetic
synth_emp_0159,2026-02-23,Sales,Lead,Full-Time,32.4,4,8.8,,1,3,1,0,0,4,0,0,0.0,19.0,0,0,49.6,2,11.3,27,8,1,9,3,31.4,7,60.1,2.4,56.5,0,0.0,1,0,0.469,Medium,1.0,0.9318181818181818,,synthetic
synth_emp_0159,2026-03-02,Sales,Lead,Full-Time,32.4,4,9.6,8.7,1,0,0,2,0,6,0,0,0.0,16.0,0,0,31.5,1,1.4,48,11,5,6,4,24.5,1,40.7,2.6,46.4,0,0.0,0,0,1.0,High,1.0,0.9545454545454546,,synthetic
synth_emp_0159,2026-03-09,Sales,Lead,Full-Time,32.4,4,7.6,10.9,0,2,1,0,0,5,0,0,2.0,18.0,1,0,49.8,1,2.1,22,6,2,2,13,16.0,15,46.5,4.8,81.2,0,0.0,2,0,0.634,Medium,1.0,0.9545454545454546,,synthetic
synth_emp_0159,2026-03-16,Sales,Lead,Full-Time,32.4,4,7.8,0.6,0,2,1,2,0,7,0,0,0.0,16.0,0,0,47.2,0,25.2,25,3,1,10,1,40.1,7,66.1,2.2,63.7,0,0.0,2,0,0.218,Low,1.0,0.9545454545454546,,synthetic
synth_emp_0159,2026-03-23,Sales,Lead,Full-Time,32.4,4,7.7,,2,2,1,1,0,6,0,0,1.0,11.0,1,0,41.5,0,17.5,23,0,1,9,0,,9,35.6,2.7,49.1,0,0.0,0,0,0.35,Low,1.0,0.9090909090909091,,synthetic
synth_emp_0160,2026-01-05,Product,Senior,Full-Time,5.9,12,9.7,0.3,2,1,1,2,0,5,0,0,0.0,7.0,0,0,31.5,2,17.4,7,0,0,2,8,24.1,13,47.0,4.3,48.0,0,0.0,3,0,0.573,Medium,1.0,0.9545454545454546,,synthetic
synth_emp_0160,2026-01-12,Product,Senior,Full-Time,5.9,12,10.0,1.6,1,0,1,1,0,5,0,0,0.0,20.0,0,0,34.1,1,6.5,14,5,2,3,0,,5,37.6,2.8,49.2,0,0.0,2,0,0.484,Medium,1.0,0.9318181818181818,,synthetic
synth_emp_0160,2026-01-19,Product,Senior,Full-Time,5.9,12,7.6,8.3,0,2,1,2,0,5,0,0,2.0,8.0,1,0,39.4,1,26.0,26,7,0,0,10,44.2,2,61.6,2.8,81.1,0,0.0,2,0,0.462,Medium,1.0,0.9545454545454546,,synthetic
synth_emp_0160,2026-01-26,Product,Senior,Full-Time,5.9,12,6.4,14.4,0,2,0,1,0,4,0,0,1.0,13.0,1,0,38.1,2,19.7,29,7,5,5,8,29.9,8,8.8,2.3,40.2,0,0.0,3,0,0.817,High,1.0,0.9545454545454546,,synthetic
synth_emp_0160,2026-02-02,Product,Senior,Full-Time,5.9,12,7.7,5.9,3,1,1,1,0,7,0,0,1.0,16.0,1,0,42.4,0,5.1,27,5,1,3,10,32.2,8,21.0,4.3,48.0,0,0.0,0,0,0.37,Low,1.0,0.9545454545454546,,synthetic
synth_emp_0160,2026-02-09,Product,Senior,Full-Time,5.9,12,6.7,14.6,2,3,0,2,0,5,0,0,1.0,11.0,1,0,40.7,0,19.8,32,10,3,3,3,25.5,6,7.2,3.1,77.8,0,0.0,0,0,0.718,High,1.0,0.9545454545454546,,synthetic
synth_emp_0160,2026-02-16,Product,Senior,Full-Time,5.9,12,6.8,12.2,3,1,1,0,0,5,0,0,0.0,8.0,1,0,45.3,0,18.3,28,10,0,6,9,23.1,17,12.4,2.5,71.3,0,0.0,2,0,0.539,Medium,1.0,0.9545454545454546,,synthetic
synth_emp_0160,2026-02-23,Product,Senior,Full-Time,5.9,12,8.1,12.2,2,0,1,1,0,7,0,0,1.0,5.0,1,0,33.9,1,4.5,42,3,1,10,10,33.6,13,8.4,3.5,64.4,0,0.0,3,0,0.504,Medium,1.0,0.9545454545454546,,synthetic
synth_emp_0160,2026-03-02,Product,Senior,Full-Time,5.9,12,8.3,5.8,0,2,1,1,0,6,0,0,0.0,9.0,1,0,32.1,0,15.4,32,11,4,6,8,7.6,7,23.1,2.8,44.0,0,0.0,3,0,0.637,Medium,1.0,0.9545454545454546,,synthetic
synth_emp_0160,2026-03-09,Product,Senior,Full-Time,5.9,12,6.3,13.4,1,3,1,0,0,4,0,0,0.0,16.0,1,0,42.3,1,13.1,41,10,2,10,3,15.0,3,28.0,4.8,99.6,0,0.0,2,0,0.548,Medium,1.0,0.9545454545454546,,synthetic
synth_emp_0160,2026-03-16,Product,Senior,Full-Time,5.9,12,6.9,13.4,3,0,0,2,0,4,0,0,1.0,8.0,1,0,39.6,0,19.7,33,3,4,4,2,10.1,11,8.2,3.7,45.9,0,0.0,2,0,0.472,Medium,1.0,0.9545454545454546,,synthetic
synth_emp_0160,2026-03-23,Product,Senior,Full-Time,5.9,12,9.1,12.9,0,0,1,0,0,4,0,0,1.0,14.0,0,0,47.2,2,5.1,24,5,4,3,14,8.8,20,63.9,4.5,76.2,0,0.0,3,0,0.768,High,1.0,0.9545454545454546,,synthetic
synth_emp_0161,2026-01-05,Engineering,Senior,Contractor,17.3,8,,,0,0,1,0,0,5,0,0,0.0,5.0,0,0,39.9,1,7.2,0,0,0,2,11,34.4,14,14.0,2.6,69.8,0,0.0,3,0,0.137,Low,1.0,0.9090909090909091,,synthetic
synth_emp_0161,2026-01-12,Engineering,Senior,Contractor,17.3,8,7.3,3.1,1,2,0,0,0,7,0,0,2.0,16.0,1,0,41.8,0,29.0,41,6,0,5,1,12.9,6,69.3,3.7,93.3,0,0.0,2,0,0.32,Low,1.0,0.9545454545454546,,synthetic
synth_emp_0161,2026-01-19,Engineering,Senior,Contractor,17.3,8,6.4,5.2,0,0,1,0,0,7,0,0,1.0,5.0,1,0,31.8,2,21.0,39,9,2,1,13,3.3,12,21.7,4.4,76.5,0,0.0,0,0,0.564,Medium,1.0,0.9545454545454546,,synthetic
synth_emp_0161,2026-01-26,Engineering,Senior,Contractor,17.3,8,7.7,10.8,1,3,0,0,0,7,0,0,0.0,10.0,0,0,33.8,1,6.1,41,16,1,7,11,44.4,19,65.8,2.6,78.8,0,0.0,2,0,0.716,High,1.0,0.9545454545454546,,synthetic
synth_emp_0161,2026-02-02,Engineering,Senior,Contractor,17.3,8,7.2,8.4,1,2,1,1,0,6,0,0,1.0,16.0,1,0,32.0,2,25.4,10,0,0,8,15,13.7,19,48.7,5.0,52.1,0,0.0,1,0,0.446,Medium,1.0,0.9545454545454546,,synthetic
synth_emp_0161,2026-02-09,Engineering,Senior,Contractor,17.3,8,7.6,6.8,1,3,1,0,0,6,0,0,0.0,7.0,1,0,35.7,2,6.4,13,0,0,5,5,6.6,9,49.0,4.3,85.3,0,0.0,3,0,0.321,Low,1.0,0.9545454545454546,,synthetic
synth_emp_0161,2026-02-16,Engineering,Senior,Contractor,17.3,8,8.0,3.5,2,1,0,2,0,5,0,0,1.0,12.0,1,0,33.5,0,10.6,27,9,5,7,4,17.7,6,49.3,2.9,62.8,0,0.0,0,0,0.511,Medium,1.0,0.9545454545454546,,synthetic
synth_emp_0161,2026-02-23,Engineering,Senior,Contractor,17.3,8,7.7,8.6,0,2,1,1,0,7,0,0,0.0,5.0,0,0,43.3,0,1.2,36,11,5,3,4,46.7,0,12.5,4.7,82.9,0,0.0,1,0,0.677,Medium,1.0,0.9545454545454546,,synthetic
synth_emp_0161,2026-03-02,Engineering,Senior,Contractor,17.3,8,9.8,1.4,2,0,1,0,0,5,0,0,1.0,12.0,0,0,38.2,2,3.8,26,6,1,4,6,7.8,8,23.7,4.7,46.4,0,0.0,0,0,0.557,Medium,1.0,0.9545454545454546,,synthetic
synth_emp_0161,2026-03-09,Engineering,Senior,Contractor,17.3,8,6.5,7.3,0,2,0,0,0,5,0,0,1.0,14.0,0,0,33.9,0,21.2,28,5,2,6,1,36.9,6,25.0,4.4,64.9,0,0.0,0,0,0.588,Medium,1.0,0.9545454545454546,,synthetic
synth_emp_0161,2026-03-16,Engineering,Senior,Contractor,17.3,8,8.9,8.4,1,1,0,2,0,4,0,0,1.0,14.0,1,0,36.8,1,29.0,12,0,2,8,10,21.6,15,32.0,4.3,77.8,0,0.0,0,0,0.67,Medium,1.0,0.9545454545454546,,synthetic
synth_emp_0161,2026-03-23,Engineering,Senior,Contractor,17.3,8,9.5,4.3,2,0,1,2,0,7,0,0,1.0,17.0,0,0,43.4,0,30.0,43,10,0,10,13,24.7,3,64.0,3.9,57.4,0,0.0,3,0,0.743,High,1.0,0.9545454545454546,,synthetic
synth_emp_0162,2026-01-05,Design,Lead,Full-Time,11.2,4,8.6,,3,1,1,0,0,6,0,0,0.0,11.0,0,0,47.6,0,3.9,18,0,1,9,15,40.8,19,29.5,4.9,70.1,0,0.0,2,0,0.398,Low,1.0,0.9318181818181818,,synthetic
synth_emp_0162,2026-01-12,Design,Lead,Full-Time,11.2,4,9.3,1.0,0,2,1,1,0,5,0,0,2.0,17.0,1,0,43.7,1,22.5,24,1,0,1,12,17.3,0,25.1,3.3,44.0,0,0.0,0,0,0.554,Medium,1.0,0.9545454545454546,,synthetic
synth_emp_0162,2026-01-19,Design,Lead,Full-Time,11.2,4,8.7,11.6,1,2,1,0,0,6,0,0,0.0,11.0,0,0,35.2,1,23.1,29,3,2,2,10,26.5,3,13.0,4.1,97.9,0,0.0,3,0,0.683,Medium,1.0,0.9545454545454546,,synthetic
synth_emp_0162,2026-01-26,Design,Lead,Full-Time,11.2,4,,14.5,0,0,1,0,0,6,0,0,2.0,8.0,1,0,30.0,0,16.8,0,0,0,0,3,26.7,2,51.0,4.0,68.8,0,0.0,2,0,0.505,Medium,1.0,0.9318181818181818,,synthetic
synth_emp_0162,2026-02-02,Design,Lead,Full-Time,11.2,4,9.9,13.6,3,1,1,2,0,6,0,0,2.0,12.0,0,0,35.7,0,18.0,50,8,0,6,5,8.7,0,61.2,2.4,41.6,0,0.0,0,0,0.774,High,1.0,0.9545454545454546,,synthetic
synth_emp_0162,2026-02-09,Design,Lead,Full-Time,11.2,4,8.8,5.5,1,3,1,2,0,5,0,0,0.0,8.0,0,0,33.3,1,23.5,15,5,2,6,12,25.6,12,9.7,2.8,49.6,0,0.0,0,0,0.601,Medium,1.0,0.9545454545454546,,synthetic
synth_emp_0162,2026-02-16,Design,Lead,Full-Time,11.2,4,8.0,9.1,0,2,0,0,0,7,0,0,1.0,11.0,0,0,32.3,0,4.1,29,6,0,5,13,32.5,6,18.0,3.8,40.1,0,0.0,3,0,0.557,Medium,1.0,0.9545454545454546,,synthetic
synth_emp_0162,2026-02-23,Design,Lead,Full-Time,11.2,4,,3.5,3,0,1,0,0,4,0,0,2.0,8.0,1,0,34.6,0,0.7,48,9,3,3,14,9.1,5,24.9,3.1,94.8,0,0.0,3,0,0.51,Medium,1.0,0.9318181818181818,,synthetic
synth_emp_0162,2026-03-02,Design,Lead,Full-Time,11.2,4,9.1,1.0,2,2,0,0,0,7,0,0,2.0,18.0,0,0,31.7,1,26.5,15,0,0,0,2,28.8,18,63.5,3.8,99.8,0,0.0,2,0,0.451,Medium,1.0,0.9545454545454546,,synthetic
synth_emp_0162,2026-03-09,Design,Lead,Full-Time,11.2,4,6.5,,3,2,1,2,0,5,0,0,1.0,7.0,1,0,36.5,0,15.5,24,6,0,10,12,21.0,4,16.1,4.6,81.2,0,0.0,2,0,0.276,Low,1.0,0.9318181818181818,,synthetic
synth_emp_0162,2026-03-16,Design,Lead,Full-Time,11.2,4,7.3,10.8,3,3,1,2,0,5,0,0,2.0,12.0,1,0,33.5,2,18.2,28,8,3,0,8,28.8,12,21.9,4.9,57.3,0,0.0,1,0,0.722,High,1.0,0.9545454545454546,,synthetic
synth_emp_0162,2026-03-23,Design,Lead,Full-Time,11.2,4,8.8,9.6,0,3,1,0,0,4,0,0,1.0,11.0,0,0,39.9,0,28.8,20,2,0,10,8,47.0,8,41.5,2.8,91.9,0,0.0,2,0,0.651,Medium,1.0,0.9545454545454546,,synthetic
synth_emp_0163,2026-01-05,Product,Lead,Contractor,12.9,9,6.7,11.0,1,3,1,1,0,7,0,0,2.0,18.0,1,0,43.2,1,14.4,11,4,0,2,8,33.0,12,43.3,3.2,51.7,0,0.0,0,0,0.582,Medium,1.0,0.9545454545454546,,synthetic
synth_emp_0163,2026-01-12,Product,Lead,Contractor,12.9,9,6.8,9.2,0,1,1,2,0,7,0,0,0.0,17.0,0,0,35.9,2,8.5,35,10,6,1,4,39.1,17,26.0,2.9,67.6,0,0.0,3,0,0.849,High,1.0,0.9545454545454546,,synthetic
synth_emp_0163,2026-01-19,Product,Lead,Contractor,12.9,9,9.9,11.9,1,1,1,2,0,6,0,0,2.0,17.0,0,0,36.1,0,22.6,34,3,6,9,4,19.4,12,28.2,4.0,62.1,0,0.0,1,0,0.896,High,1.0,0.9545454545454546,,synthetic
synth_emp_0163,2026-01-26,Product,Lead,Contractor,12.9,9,6.8,14.3,0,1,0,2,0,5,0,0,1.0,20.0,0,0,31.6,0,4.1,28,5,0,3,10,38.4,0,60.0,3.9,94.2,0,0.0,2,0,0.313,Low,1.0,0.9545454545454546,,synthetic
synth_emp_0163,2026-02-02,Product,Lead,Contractor,12.9,9,9.3,12.3,1,1,0,0,0,5,0,0,0.0,16.0,0,0,34.5,2,16.2,44,12,5,10,4,47.1,11,5.8,4.1,97.4,0,0.0,3,0,0.811,High,1.0,0.9545454545454546,,synthetic
synth_emp_0163,2026-02-09,Product,Lead,Contractor,12.9,9,7.9,8.1,1,1,1,0,0,6,0,0,0.0,9.0,1,0,46.2,1,9.9,42,7,1,4,14,19.0,8,49.7,4.4,62.6,0,0.0,3,0,0.581,Medium,1.0,0.9545454545454546,,synthetic
synth_emp_0163,2026-02-16,Product,Lead,Contractor,12.9,9,6.1,12.3,0,3,0,0,0,5,0,0,2.0,7.0,0,0,34.2,0,15.5,24,5,1,3,9,39.0,20,16.5,2.4,57.4,0,0.0,0,0,0.484,Medium,1.0,0.9545454545454546,,synthetic
synth_emp_0163,2026-02-23,Product,Lead,Contractor,12.9,9,8.2,1.1,0,3,1,2,0,6,0,0,0.0,14.0,1,0,34.8,0,13.2,40,7,3,9,6,1.5,5,41.5,4.7,97.9,0,0.0,1,0,0.501,Medium,1.0,0.9545454545454546,,synthetic
synth_emp_0163,2026-03-02,Product,Lead,Contractor,12.9,9,7.1,4.0,3,1,1,0,0,6,0,0,0.0,18.0,0,0,32.7,2,3.1,7,2,0,7,12,28.6,0,70.5,4.2,69.0,0,0.0,2,0,0.394,Low,1.0,0.9545454545454546,,synthetic
synth_emp_0163,2026-03-09,Product,Lead,Contractor,12.9,9,,6.2,2,1,1,2,0,5,0,0,2.0,16.0,0,0,46.0,0,9.4,10,0,1,8,10,29.0,2,71.5,2.4,57.0,0,0.0,2,0,0.337,Low,1.0,0.9318181818181818,,synthetic
synth_emp_0163,2026-03-16,Product,Lead,Contractor,12.9,9,7.6,12.1,0,1,0,1,0,6,0,0,2.0,8.0,0,0,41.0,2,2.4,6,1,0,1,1,38.1,1,7.7,3.2,47.9,0,0.0,2,0,0.33,Low,1.0,0.9545454545454546,,synthetic
synth_emp_0163,2026-03-23,Product,Lead,Contractor,12.9,9,7.4,14.6,0,1,0,1,0,7,0,0,0.0,7.0,1,0,39.9,1,11.9,32,2,3,2,3,37.8,14,7.8,3.7,50.8,0,0.0,2,0,0.739,High,1.0,0.9545454545454546,,synthetic
synth_emp_0164,2026-01-05,Marketing,Manager,Contractor,57.5,11,,12.7,0,0,1,1,0,5,0,0,0.0,5.0,0,0,50.0,0,28.2,34,3,3,3,14,36.0,3,51.0,4.1,90.3,0,0.0,1,0,0.554,Medium,1.0,0.9318181818181818,,synthetic
synth_emp_0164,2026-01-12,Marketing,Manager,Contractor,57.5,11,9.5,,3,2,0,1,0,7,0,0,0.0,14.0,0,0,45.2,0,17.7,47,5,2,6,8,36.6,16,52.1,3.8,54.8,0,0.0,2,0,0.393,Low,1.0,0.9318181818181818,,synthetic
synth_emp_0164,2026-01-19,Marketing,Manager,Contractor,57.5,11,,9.3,3,3,0,1,0,4,0,0,1.0,8.0,1,0,43.7,1,16.7,5,1,0,4,1,10.7,13,23.1,4.1,80.5,0,0.0,1,0,0.433,Medium,1.0,0.9318181818181818,,synthetic
synth_emp_0164,2026-01-26,Marketing,Manager,Contractor,57.5,11,9.9,7.8,3,1,0,1,0,6,0,0,1.0,6.0,1,0,37.4,0,25.5,8,1,1,4,2,24.8,15,54.7,2.5,87.5,0,0.0,3,0,0.66,Medium,1.0,0.9545454545454546,,synthetic
synth_emp_0164,2026-02-02,Marketing,Manager,Contractor,57.5,11,8.6,0.4,0,3,0,0,0,4,0,0,2.0,5.0,0,0,38.8,2,24.1,37,1,0,6,8,28.3,16,66.4,2.7,66.3,0,0.0,0,0,0.576,Medium,1.0,0.9545454545454546,,synthetic
synth_emp_0164,2026-02-09,Marketing,Manager,Contractor,57.5,11,9.2,8.6,0,2,1,0,0,5,0,0,1.0,15.0,1,0,49.2,1,25.7,22,4,1,4,1,38.8,3,49.3,2.9,63.4,0,0.0,3,0,0.591,Medium,1.0,0.9545454545454546,,synthetic
synth_emp_0164,2026-02-16,Marketing,Manager,Contractor,57.5,11,,11.9,0,0,1,2,0,5,0,0,1.0,18.0,1,0,42.6,0,24.1,7,2,1,6,4,2.4,5,26.7,4.6,48.2,0,0.0,3,0,0.448,Medium,1.0,0.9318181818181818,,synthetic
synth_emp_0164,2026-02-23,Marketing,Manager,Contractor,57.5,11,7.4,13.7,3,0,1,2,0,5,0,0,0.0,13.0,0,0,35.6,0,4.8,15,1,2,9,8,25.9,15,39.4,2.7,89.6,0,0.0,0,0,0.552,Medium,1.0,0.9545454545454546,,synthetic
synth_emp_0164,2026-03-02,Marketing,Manager,Contractor,57.5,11,6.0,3.3,2,0,0,0,0,7,0,0,1.0,16.0,1,0,46.7,2,17.0,37,8,6,0,0,,3,64.3,2.1,60.3,0,0.0,2,0,0.57,Medium,1.0,0.9318181818181818,,synthetic
synth_emp_0164,2026-03-09,Marketing,Manager,Contractor,57.5,11,6.6,8.2,1,3,0,1,0,7,0,0,0.0,17.0,0,0,45.6,2,27.3,2,0,0,8,1,29.5,6,55.6,3.3,56.0,0,0.0,1,0,0.483,Medium,1.0,0.9545454545454546,,synthetic
synth_emp_0164,2026-03-16,Marketing,Manager,Contractor,57.5,11,7.6,6.2,0,3,1,1,0,5,0,0,2.0,18.0,1,0,48.7,0,20.7,26,7,2,9,14,32.4,3,26.4,2.8,72.4,0,0.0,3,0,0.593,Medium,1.0,0.9545454545454546,,synthetic
synth_emp_0164,2026-03-23,Marketing,Manager,Contractor,57.5,11,8.2,,3,3,0,1,0,4,0,0,2.0,20.0,1,0,48.6,0,9.7,40,4,5,2,8,16.1,8,22.0,4.5,44.8,0,0.0,3,0,0.299,Low,1.0,0.9318181818181818,,synthetic
synth_emp_0165,2026-01-05,Marketing,Manager,Contractor,52.0,4,8.3,3.0,0,1,1,2,0,6,0,0,0.0,10.0,0,0,48.7,1,0.5,29,0,5,6,2,14.7,5,23.1,3.6,81.2,0,0.0,1,0,0.3,Low,1.0,0.9545454545454546,,synthetic
synth_emp_0165,2026-01-12,Marketing,Manager,Contractor,52.0,4,9.4,2.8,0,1,1,1,0,6,0,0,1.0,17.0,1,0,46.1,0,28.9,26,6,2,2,7,11.5,2,70.3,4.8,42.5,0,0.0,2,0,0.6,Medium,1.0,0.9545454545454546,,synthetic
synth_emp_0165,2026-01-19,Marketing,Manager,Contractor,52.0,4,8.4,1.5,0,0,1,1,0,7,0,0,1.0,7.0,1,0,30.4,2,11.2,29,9,3,1,1,37.6,1,16.3,4.5,64.2,0,0.0,1,0,0.542,Medium,1.0,0.9545454545454546,,synthetic
synth_emp_0165,2026-01-26,Marketing,Manager,Contractor,52.0,4,8.8,0.9,2,2,0,0,0,4,0,0,1.0,14.0,1,0,31.5,1,25.5,46,11,0,6,0,,7,3.9,4.7,83.6,0,0.0,1,0,0.554,Medium,1.0,0.9318181818181818,,synthetic
synth_emp_0165,2026-02-02,Marketing,Manager,Contractor,52.0,4,7.7,13.6,1,0,1,0,0,7,0,0,0.0,8.0,0,0,42.8,2,11.8,11,0,0,0,10,26.2,14,14.1,4.0,53.0,0,0.0,2,0,0.354,Low,1.0,0.9545454545454546,,synthetic
synth_emp_0165,2026-02-09,Marketing,Manager,Contractor,52.0,4,8.4,2.1,2,3,1,2,0,6,0,0,0.0,10.0,1,0,32.3,1,15.2,41,7,7,2,11,20.5,13,47.1,3.7,70.5,0,0.0,0,0,0.543,Medium,1.0,0.9545454545454546,,synthetic
synth_emp_0165,2026-02-16,Marketing,Manager,Contractor,52.0,4,7.8,9.5,2,3,1,1,0,4,0,0,2.0,10.0,1,0,32.8,2,7.3,18,3,1,6,10,32.6,17,49.4,4.5,77.0,0,0.0,2,0,0.432,Medium,1.0,0.9545454545454546,,synthetic
synth_emp_0165,2026-02-23,Marketing,Manager,Contractor,52.0,4,,2.8,3,3,0,1,0,4,0,0,1.0,14.0,1,0,43.3,1,9.0,33,6,5,6,10,5.6,6,42.5,4.0,44.6,0,0.0,0,0,0.565,Medium,1.0,0.9318181818181818,,synthetic
synth_emp_0165,2026-03-02,Marketing,Manager,Contractor,52.0,4,8.1,11.6,3,3,1,2,0,5,0,0,0.0,15.0,0,0,43.3,1,14.1,11,2,1,4,13,46.5,12,13.5,4.5,64.3,0,0.0,2,0,0.562,Medium,1.0,0.9545454545454546,,synthetic
synth_emp_0165,2026-03-09,Marketing,Manager,Contractor,52.0,4,7.3,6.1,0,1,0,2,0,7,0,0,2.0,6.0,1,0,43.2,1,9.4,20,6,1,1,2,6.8,20,19.0,4.5,88.5,0,0.0,0,0,0.538,Medium,1.0,0.9545454545454546,,synthetic
synth_emp_0165,2026-03-16,Marketing,Manager,Contractor,52.0,4,9.2,8.5,1,3,1,0,0,5,0,0,1.0,17.0,1,0,36.7,2,19.7,39,6,0,9,10,18.1,11,52.0,3.7,98.0,0,0.0,1,0,0.91,High,1.0,0.9545454545454546,,synthetic
synth_emp_0165,2026-03-23,Marketing,Manager,Contractor,52.0,4,6.5,2.1,0,0,0,0,0,6,0,0,2.0,6.0,0,0,44.4,2,7.6,11,0,1,10,3,4.4,10,58.9,3.0,66.8,0,0.0,3,0,0.296,Low,1.0,0.9545454545454546,,synthetic
synth_emp_0166,2026-01-05,Product,Senior,Full-Time,9.8,5,8.4,14.9,2,1,1,2,0,4,0,0,2.0,13.0,1,0,42.0,1,6.2,45,17,4,9,7,20.3,14,64.4,3.5,85.4,0,0.0,3,0,0.774,High,1.0,0.9545454545454546,,synthetic
synth_emp_0166,2026-01-12,Product,Senior,Full-Time,9.8,5,6.4,7.0,2,0,0,1,0,7,0,0,0.0,14.0,1,0,40.5,0,24.5,40,2,7,2,12,40.8,13,21.7,4.2,59.9,0,0.0,3,0,0.608,Medium,1.0,0.9545454545454546,,synthetic
synth_emp_0166,2026-01-19,Product,Senior,Full-Time,9.8,5,7.1,5.8,0,1,1,1,0,5,0,0,2.0,6.0,0,0,43.7,0,4.2,15,0,2,2,8,38.3,2,25.2,2.3,48.3,0,0.0,2,0,0.506,Medium,1.0,0.9545454545454546,,synthetic
synth_emp_0166,2026-01-26,Product,Senior,Full-Time,9.8,5,,4.2,1,3,0,0,0,7,0,0,1.0,20.0,1,0,31.5,0,22.5,20,2,0,3,12,32.3,5,12.2,4.2,41.6,0,0.0,1,0,0.15,Low,1.0,0.9318181818181818,,synthetic
synth_emp_0166,2026-02-02,Product,Senior,Full-Time,9.8,5,9.5,4.3,1,0,0,0,0,5,0,0,0.0,12.0,1,0,46.2,0,13.4,10,1,1,6,9,20.6,15,17.8,4.2,72.9,0,0.0,1,0,0.599,Medium,1.0,0.9545454545454546,,synthetic
synth_emp_0166,2026-02-09,Product,Senior,Full-Time,9.8,5,,11.2,1,0,0,2,0,4,0,0,0.0,16.0,1,0,48.8,2,18.4,48,6,9,3,13,26.4,19,13.0,2.6,68.6,0,0.0,0,0,0.642,Medium,1.0,0.9318181818181818,,synthetic
synth_emp_0166,2026-02-16,Product,Senior,Full-Time,9.8,5,6.5,4.9,1,2,1,2,0,6,0,0,1.0,20.0,1,0,43.1,1,2.1,1,0,0,3,1,22.2,3,27.5,4.3,99.7,0,0.0,3,0,0.349,Low,1.0,0.9545454545454546,,synthetic
synth_emp_0166,2026-02-23,Product,Senior,Full-Time,9.8,5,8.7,2.4,2,3,1,1,0,5,0,0,2.0,8.0,0,0,46.0,0,5.8,18,2,2,5,13,42.6,17,49.2,3.5,68.6,0,0.0,3,0,0.472,Medium,1.0,0.9545454545454546,,synthetic
synth_emp_0166,2026-03-02,Product,Senior,Full-Time,9.8,5,6.7,5.2,0,1,0,2,0,7,0,0,0.0,5.0,1,0,35.0,1,28.0,11,2,0,10,4,19.0,9,41.4,3.5,62.7,0,0.0,2,0,0.355,Low,1.0,0.9545454545454546,,synthetic
synth_emp_0166,2026-03-09,Product,Senior,Full-Time,9.8,5,8.5,10.2,1,2,1,0,0,5,0,0,2.0,15.0,0,0,33.4,0,25.9,7,1,0,8,8,11.0,15,1.4,2.1,40.2,0,0.0,1,0,0.499,Medium,1.0,0.9545454545454546,,synthetic
synth_emp_0166,2026-03-16,Product,Senior,Full-Time,9.8,5,10.0,2.0,0,2,1,1,0,4,0,0,1.0,8.0,0,0,47.3,1,14.1,10,0,1,8,11,18.7,5,19.7,3.4,61.1,0,0.0,0,0,0.53,Medium,1.0,0.9545454545454546,,synthetic
synth_emp_0166,2026-03-23,Product,Senior,Full-Time,9.8,5,9.6,0.7,2,3,1,0,0,5,0,0,1.0,11.0,0,0,38.5,0,24.9,25,4,0,5,12,25.0,1,11.9,2.9,92.2,0,0.0,0,0,0.489,Medium,1.0,0.9545454545454546,,synthetic
synth_emp_0167,2026-01-05,Marketing,Mid,Full-Time,44.8,3,8.8,12.7,2,3,1,1,0,7,0,0,1.0,19.0,1,0,45.5,2,22.0,17,6,2,4,13,29.4,13,44.6,4.8,56.7,0,0.0,2,0,0.727,High,1.0,0.9545454545454546,,synthetic
synth_emp_0167,2026-01-12,Marketing,Mid,Full-Time,44.8,3,,,2,3,0,0,0,7,0,0,0.0,10.0,0,0,49.2,0,9.8,0,0,0,10,14,13.0,17,50.0,2.7,65.6,0,0.0,1,0,0.234,Low,1.0,0.9090909090909091,,synthetic
synth_emp_0167,2026-01-19,Marketing,Mid,Full-Time,44.8,3,6.6,10.8,2,3,1,1,0,4,0,0,0.0,6.0,0,0,30.4,1,18.0,17,2,0,1,8,6.1,16,64.7,2.5,83.9,0,0.0,3,0,0.448,Medium,1.0,0.9545454545454546,,synthetic
synth_emp_0167,2026-01-26,Marketing,Mid,Full-Time,44.8,3,7.0,14.3,3,1,0,1,0,6,0,0,2.0,16.0,0,0,43.0,2,14.4,19,3,2,7,9,3.2,10,33.7,2.3,81.4,0,0.0,0,0,0.418,Medium,1.0,0.9545454545454546,,synthetic
synth_emp_0167,2026-02-02,Marketing,Mid,Full-Time,44.8,3,9.0,8.3,2,0,0,2,0,5,0,0,2.0,7.0,0,0,40.1,2,29.6,12,2,1,10,8,13.5,9,61.5,3.6,58.5,0,0.0,1,0,0.616,Medium,1.0,0.9545454545454546,,synthetic
synth_emp_0167,2026-02-09,Marketing,Mid,Full-Time,44.8,3,7.6,4.8,3,0,0,0,0,7,0,0,1.0,11.0,1,0,30.9,1,23.7,2,0,0,9,14,12.4,15,6.9,3.4,54.0,0,0.0,0,0,0.352,Low,1.0,0.9545454545454546,,synthetic
synth_emp_0167,2026-02-16,Marketing,Mid,Full-Time,44.8,3,9.5,9.7,0,2,0,2,0,7,0,0,2.0,17.0,0,0,42.2,1,11.5,29,3,4,1,0,,2,59.2,4.6,51.2,0,0.0,1,0,0.78,High,1.0,0.9318181818181818,,synthetic
synth_emp_0167,2026-02-23,Marketing,Mid,Full-Time,44.8,3,8.8,4.7,1,1,1,0,0,4,0,0,1.0,9.0,1,0,49.8,0,15.5,27,3,1,6,7,1.6,3,47.8,3.0,63.7,0,0.0,3,0,0.448,Medium,1.0,0.9545454545454546,,synthetic
synth_emp_0167,2026-03-02,Marketing,Mid,Full-Time,44.8,3,9.6,12.0,1,2,1,2,0,5,0,0,0.0,5.0,0,0,46.0,1,16.0,24,8,3,10,5,8.7,17,56.2,3.1,77.6,0,0.0,1,0,0.925,High,1.0,0.9545454545454546,,synthetic
synth_emp_0167,2026-03-09,Marketing,Mid,Full-Time,44.8,3,7.2,,1,0,0,1,0,5,0,0,1.0,19.0,0,0,35.8,1,17.5,2,0,0,10,7,14.3,20,58.5,2.4,97.4,0,0.0,0,0,0.267,Low,1.0,0.9318181818181818,,synthetic
synth_emp_0167,2026-03-16,Marketing,Mid,Full-Time,44.8,3,6.4,1.3,0,1,0,1,0,5,0,0,1.0,7.0,1,0,36.2,1,22.7,31,5,0,4,0,,3,34.6,3.8,70.1,0,0.0,0,0,0.168,Low,1.0,0.9318181818181818,,synthetic
synth_emp_0167,2026-03-23,Marketing,Mid,Full-Time,44.8,3,,,1,0,1,2,0,4,0,0,1.0,5.0,0,0,31.9,0,25.0,48,0,7,10,7,11.8,18,12.5,3.1,78.2,0,0.0,0,0,0.5,Medium,1.0,0.9090909090909091,,synthetic
synth_emp_0168,2026-01-05,Sales,Mid,Contractor,46.3,5,7.0,6.3,0,2,0,0,0,7,0,0,1.0,19.0,1,0,39.7,0,27.9,18,2,0,10,9,20.7,18,8.4,3.5,84.5,0,0.0,0,0,0.472,Medium,1.0,0.9545454545454546,,synthetic
synth_emp_0168,2026-01-12,Sales,Mid,Contractor,46.3,5,8.8,0.2,3,0,1,2,0,7,0,0,2.0,7.0,0,0,37.5,1,20.5,32,10,1,9,4,40.5,3,28.3,4.5,90.6,0,0.0,1,0,0.563,Medium,1.0,0.9545454545454546,,synthetic
synth_emp_0168,2026-01-19,Sales,Mid,Contractor,46.3,5,9.9,10.1,3,2,1,1,0,7,0,0,1.0,15.0,1,0,39.8,1,6.4,43,14,6,10,13,33.6,20,37.0,2.1,67.7,0,0.0,0,0,0.913,High,1.0,0.9545454545454546,,synthetic
synth_emp_0168,2026-01-26,Sales,Mid,Contractor,46.3,5,7.6,9.8,2,0,0,1,0,7,0,0,2.0,17.0,1,0,39.0,1,7.4,15,4,0,8,7,27.4,11,19.6,3.2,84.6,0,0.0,2,0,0.384,Low,1.0,0.9545454545454546,,synthetic
synth_emp_0168,2026-02-02,Sales,Mid,Contractor,46.3,5,9.9,14.1,1,0,0,2,0,5,0,0,2.0,16.0,1,0,45.5,1,12.0,8,0,0,3,10,24.9,1,37.4,3.6,69.9,0,0.0,0,0,0.632,Medium,1.0,0.9545454545454546,,synthetic
synth_emp_0168,2026-02-09,Sales,Mid,Contractor,46.3,5,8.9,12.5,0,2,1,0,0,6,0,0,1.0,7.0,1,0,36.2,1,0.1,43,10,6,8,13,6.6,9,39.4,3.2,47.4,0,0.0,3,0,1.0,High,1.0,0.9545454545454546,,synthetic
synth_emp_0168,2026-02-16,Sales,Mid,Contractor,46.3,5,6.6,9.5,0,2,0,1,0,5,0,0,2.0,17.0,1,0,33.6,0,15.2,37,5,1,6,13,18.2,5,40.7,3.5,45.0,0,0.0,1,0,0.536,Medium,1.0,0.9545454545454546,,synthetic
synth_emp_0168,2026-02-23,Sales,Mid,Contractor,46.3,5,6.4,6.0,0,0,1,1,0,5,0,0,2.0,6.0,1,0,46.2,2,26.0,28,0,3,8,2,24.8,0,11.6,2.2,46.3,0,0.0,3,0,0.486,Medium,1.0,0.9545454545454546,,synthetic
synth_emp_0168,2026-03-02,Sales,Mid,Contractor,46.3,5,,,3,2,0,1,0,7,0,0,1.0,16.0,1,0,36.6,0,28.8,19,2,3,3,2,23.0,10,26.9,2.2,87.6,0,0.0,2,0,0.339,Low,1.0,0.9090909090909091,,synthetic
synth_emp_0168,2026-03-09,Sales,Mid,Contractor,46.3,5,6.3,6.1,3,2,0,0,0,7,0,0,1.0,13.0,0,0,36.5,1,25.4,1,0,0,0,7,24.8,2,70.8,2.3,62.0,0,0.0,3,0,0.514,Medium,1.0,0.9545454545454546,,synthetic
synth_emp_0168,2026-03-16,Sales,Mid,Contractor,46.3,5,6.1,6.5,1,2,0,1,0,6,0,0,0.0,13.0,1,0,41.0,1,8.2,27,9,3,9,15,23.6,2,49.6,2.9,60.8,0,0.0,0,0,0.788,High,1.0,0.9545454545454546,,synthetic
synth_emp_0168,2026-03-23,Sales,Mid,Contractor,46.3,5,8.7,5.3,1,1,1,2,0,7,0,0,1.0,8.0,0,0,32.9,1,2.6,48,1,4,0,1,45.5,9,44.9,3.7,91.9,0,0.0,3,0,0.764,High,1.0,0.9545454545454546,,synthetic
synth_emp_0169,2026-01-05,Design,Mid,Contractor,45.6,3,8.2,2.4,1,1,0,1,0,5,0,0,1.0,12.0,0,0,47.4,1,10.8,1,0,0,1,3,47.7,3,70.7,4.6,76.5,0,0.0,2,0,0.358,Low,1.0,0.9545454545454546,,synthetic
synth_emp_0169,2026-01-12,Design,Mid,Contractor,45.6,3,9.0,11.5,0,1,0,1,0,6,0,0,0.0,18.0,1,0,41.4,1,13.5,49,4,8,1,13,8.7,18,32.0,3.5,88.6,0,0.0,0,0,0.722,High,1.0,0.9545454545454546,,synthetic
synth_emp_0169,2026-01-19,Design,Mid,Contractor,45.6,3,8.5,2.2,1,0,1,0,0,6,0,0,1.0,10.0,1,0,44.4,2,9.3,14,5,1,5,3,12.3,20,2.6,2.8,95.8,0,0.0,0,0,0.163,Low,1.0,0.9545454545454546,,synthetic
synth_emp_0169,2026-01-26,Design,Mid,Contractor,45.6,3,6.4,10.0,1,0,0,1,0,6,0,0,1.0,10.0,0,0,38.0,1,3.9,5,1,0,7,5,25.8,0,16.0,3.3,78.6,0,0.0,3,0,0.483,Medium,1.0,0.9545454545454546,,synthetic
synth_emp_0169,2026-02-02,Design,Mid,Contractor,45.6,3,6.6,3.3,1,3,0,0,0,6,0,0,1.0,8.0,1,0,36.8,0,28.0,8,3,0,7,13,10.0,17,20.9,3.0,40.4,0,0.0,2,0,0.395,Low,1.0,0.9545454545454546,,synthetic
synth_emp_0169,2026-02-09,Design,Mid,Contractor,45.6,3,8.8,4.7,0,3,1,0,0,6,0,0,0.0,10.0,0,0,42.6,1,9.0,17,1,0,4,14,28.3,17,54.6,2.8,62.5,0,0.0,2,0,0.5,Medium,1.0,0.9545454545454546,,synthetic
synth_emp_0169,2026-02-16,Design,Mid,Contractor,45.6,3,6.0,10.5,0,2,1,0,0,7,0,0,1.0,10.0,1,0,45.8,0,3.1,28,5,5,6,8,24.0,5,14.3,2.9,79.6,0,0.0,3,0,0.665,Medium,1.0,0.9545454545454546,,synthetic
synth_emp_0169,2026-02-23,Design,Mid,Contractor,45.6,3,6.5,4.3,1,0,1,1,0,5,0,0,2.0,6.0,0,0,40.2,0,21.7,30,1,3,10,4,20.9,16,61.6,3.8,70.9,0,0.0,1,0,0.355,Low,1.0,0.9545454545454546,,synthetic
synth_emp_0169,2026-03-02,Design,Mid,Contractor,45.6,3,6.1,5.3,2,2,1,2,0,4,0,0,0.0,6.0,0,0,39.8,2,3.9,40,1,5,9,8,36.9,0,12.9,2.3,40.9,0,0.0,1,0,0.509,Medium,1.0,0.9545454545454546,,synthetic
synth_emp_0169,2026-03-09,Design,Mid,Contractor,45.6,3,8.4,2.0,2,1,0,1,0,4,0,0,0.0,10.0,0,0,36.0,2,0.1,23,7,2,10,7,16.3,14,34.6,2.1,54.0,0,0.0,0,0,0.434,Medium,1.0,0.9545454545454546,,synthetic
synth_emp_0169,2026-03-16,Design,Mid,Contractor,45.6,3,9.1,,2,1,0,2,0,6,0,0,0.0,16.0,0,0,45.6,0,19.4,24,5,0,8,12,1.1,13,66.1,4.9,41.3,0,0.0,3,0,0.453,Medium,1.0,0.9318181818181818,,synthetic
synth_emp_0169,2026-03-23,Design,Mid,Contractor,45.6,3,7.2,1.6,3,1,1,0,0,6,0,0,2.0,5.0,0,0,32.9,2,17.3,49,8,3,8,1,11.6,8,38.0,2.6,85.6,0,0.0,1,0,0.489,Medium,1.0,0.9545454545454546,,synthetic
synth_emp_0170,2026-01-05,Sales,Lead,Contractor,38.1,4,9.9,12.9,2,3,0,2,0,6,0,0,1.0,20.0,0,0,30.9,0,18.0,46,15,6,1,10,32.5,20,51.0,4.8,53.9,0,0.0,1,0,1.0,High,1.0,0.9545454545454546,,synthetic
synth_emp_0170,2026-01-12,Sales,Lead,Contractor,38.1,4,9.3,9.4,0,2,1,2,0,7,0,0,1.0,12.0,0,0,49.7,2,8.2,7,1,0,3,6,13.1,17,34.1,3.1,43.9,0,0.0,2,0,0.787,High,1.0,0.9545454545454546,,synthetic
synth_emp_0170,2026-01-19,Sales,Lead,Contractor,38.1,4,9.6,12.7,0,1,1,1,0,6,0,0,0.0,20.0,0,0,34.7,2,11.7,44,9,4,4,10,29.6,17,9.5,2.7,53.1,0,0.0,3,0,0.979,High,1.0,0.9545454545454546,,synthetic
synth_emp_0170,2026-01-26,Sales,Lead,Contractor,38.1,4,6.1,0.0,3,1,0,0,0,6,0,0,1.0,12.0,0,0,37.7,1,29.0,5,1,0,9,3,39.7,10,6.7,3.5,77.5,0,0.0,0,0,0.101,Low,1.0,0.9545454545454546,,synthetic
synth_emp_0170,2026-02-02,Sales,Lead,Contractor,38.1,4,7.9,5.0,3,0,0,1,0,6,0,0,2.0,13.0,0,0,30.6,1,18.5,20,0,1,0,3,17.0,16,4.3,4.6,42.0,0,0.0,0,0,0.362,Low,1.0,0.9545454545454546,,synthetic
synth_emp_0170,2026-02-09,Sales,Lead,Contractor,38.1,4,7.3,1.4,1,3,1,1,0,4,0,0,2.0,12.0,0,0,38.9,0,10.1,34,9,1,9,6,4.6,18,2.9,4.8,56.7,0,0.0,0,0,0.391,Low,1.0,0.9545454545454546,,synthetic
synth_emp_0170,2026-02-16,Sales,Lead,Contractor,38.1,4,,0.9,2,1,0,2,0,7,0,0,1.0,11.0,1,0,35.8,1,10.6,6,1,0,5,3,1.3,17,14.9,2.6,71.5,0,0.0,3,0,0.341,Low,1.0,0.9318181818181818,,synthetic
synth_emp_0170,2026-02-23,Sales,Lead,Contractor,38.1,4,8.9,8.5,3,0,0,1,0,7,0,0,2.0,12.0,0,0,31.2,2,13.9,15,1,1,10,3,38.2,6,2.6,3.9,71.5,0,0.0,3,0,0.731,High,1.0,0.9545454545454546,,synthetic
synth_emp_0170,2026-03-02,Sales,Lead,Contractor,38.1,4,6.5,2.6,0,1,1,1,0,7,0,0,0.0,16.0,0,0,40.9,1,29.9,21,7,2,4,2,31.2,9,10.0,3.2,66.1,0,0.0,0,0,0.465,Medium,1.0,0.9545454545454546,,synthetic
synth_emp_0170,2026-03-09,Sales,Lead,Contractor,38.1,4,,14.1,2,2,1,2,0,6,0,0,1.0,16.0,0,0,41.9,0,7.6,22,5,3,9,10,24.1,0,69.9,2.2,89.8,0,0.0,2,0,0.505,Medium,1.0,0.9318181818181818,,synthetic
synth_emp_0170,2026-03-16,Sales,Lead,Contractor,38.1,4,,14.4,2,1,0,1,0,6,0,0,0.0,19.0,0,0,45.9,2,1.4,21,2,2,6,9,41.2,12,53.8,3.5,82.1,0,0.0,2,0,0.427,Medium,1.0,0.9318181818181818,,synthetic
synth_emp_0170,2026-03-23,Sales,Lead,Contractor,38.1,4,6.7,3.6,2,0,0,0,0,6,0,0,1.0,6.0,1,0,38.8,0,13.1,49,6,5,5,15,0.9,1,49.0,3.9,84.1,0,0.0,0,0,0.676,Medium,1.0,0.9545454545454546,,synthetic
synth_emp_0171,2026-01-05,Engineering,Manager,Full-Time,59.5,10,9.1,3.1,3,1,1,1,0,6,0,0,2.0,7.0,0,0,32.5,1,3.0,38,9,2,5,13,0.6,20,57.4,4.8,89.5,0,0.0,0,0,0.588,Medium,1.0,0.9545454545454546,,synthetic
synth_emp_0171,2026-01-12,Engineering,Manager,Full-Time,59.5,10,,14.6,0,1,1,2,0,5,0,0,0.0,13.0,1,0,39.4,1,0.5,35,1,1,7,4,31.1,3,39.7,4.3,83.1,0,0.0,2,0,0.572,Medium,1.0,0.9318181818181818,,synthetic
synth_emp_0171,2026-01-19,Engineering,Manager,Full-Time,59.5,10,6.5,,3,2,0,2,0,4,0,0,2.0,13.0,0,0,34.8,1,16.9,25,2,2,1,10,40.9,11,11.7,4.1,96.1,0,0.0,3,0,0.153,Low,1.0,0.9318181818181818,,synthetic
synth_emp_0171,2026-01-26,Engineering,Manager,Full-Time,59.5,10,9.8,0.9,0,3,0,1,0,4,0,0,0.0,9.0,0,0,46.6,1,10.1,24,1,2,4,1,10.4,2,64.7,4.8,85.2,0,0.0,0,0,0.34,Low,1.0,0.9545454545454546,,synthetic
synth_emp_0171,2026-02-02,Engineering,Manager,Full-Time,59.5,10,8.2,13.3,2,2,1,2,0,6,0,0,1.0,18.0,1,0,48.6,2,11.3,12,1,2,5,2,22.8,6,30.2,4.5,46.1,0,0.0,0,0,0.514,Medium,1.0,0.9545454545454546,,synthetic
synth_emp_0171,2026-02-09,Engineering,Manager,Full-Time,59.5,10,6.2,5.5,1,1,0,0,0,5,0,0,0.0,14.0,0,0,32.6,1,2.7,30,8,0,6,14,16.7,9,17.2,2.7,83.8,0,0.0,2,0,0.553,Medium,1.0,0.9545454545454546,,synthetic
synth_emp_0171,2026-02-16,Engineering,Manager,Full-Time,59.5,10,9.2,6.8,1,3,0,2,0,5,0,0,2.0,6.0,1,0,46.2,1,18.9,47,3,0,2,2,15.5,1,46.0,4.1,87.3,0,0.0,0,0,0.788,High,1.0,0.9545454545454546,,synthetic
synth_emp_0171,2026-02-23,Engineering,Manager,Full-Time,59.5,10,9.0,15.0,2,3,0,0,0,6,0,0,0.0,6.0,1,0,41.7,1,27.0,4,0,0,8,3,2.0,12,51.4,2.3,52.0,0,0.0,2,0,0.704,High,1.0,0.9545454545454546,,synthetic
synth_emp_0171,2026-03-02,Engineering,Manager,Full-Time,59.5,10,8.7,6.9,2,1,0,1,0,6,0,0,2.0,5.0,1,0,45.5,1,18.0,45,14,2,6,5,35.5,11,33.8,4.4,58.9,0,0.0,1,0,0.652,Medium,1.0,0.9545454545454546,,synthetic
synth_emp_0171,2026-03-09,Engineering,Manager,Full-Time,59.5,10,9.9,8.3,2,2,0,1,0,7,0,0,1.0,7.0,0,0,38.1,2,15.3,6,0,0,10,2,8.4,14,39.6,4.8,73.5,0,0.0,1,0,0.697,Medium,1.0,0.9545454545454546,,synthetic
synth_emp_0171,2026-03-16,Engineering,Manager,Full-Time,59.5,10,8.6,4.1,3,2,1,1,0,4,0,0,2.0,13.0,0,0,32.4,1,13.9,36,11,2,9,9,26.0,18,7.6,2.4,83.1,0,0.0,3,0,0.608,Medium,1.0,0.9545454545454546,,synthetic
synth_emp_0171,2026-03-23,Engineering,Manager,Full-Time,59.5,10,,8.7,3,0,0,0,0,6,0,0,1.0,13.0,1,0,44.8,2,27.6,17,1,1,5,14,19.7,18,56.3,4.5,66.5,0,0.0,0,0,0.384,Low,1.0,0.9318181818181818,,synthetic
synth_emp_0172,2026-01-05,Marketing,Lead,Contractor,38.7,6,,10.1,1,0,1,1,0,5,0,0,2.0,8.0,0,0,45.2,2,17.5,35,0,5,3,6,12.6,17,67.2,3.6,81.0,0,0.0,0,0,0.618,Medium,1.0,0.9318181818181818,,synthetic
synth_emp_0172,2026-01-12,Marketing,Lead,Contractor,38.7,6,8.9,10.9,2,0,1,0,0,7,0,0,2.0,8.0,1,0,31.9,0,8.0,0,0,0,2,9,25.8,14,69.8,3.0,86.2,0,0.0,3,0,0.782,High,1.0,0.9545454545454546,,synthetic
synth_emp_0172,2026-01-19,Marketing,Lead,Contractor,38.7,6,7.9,11.3,0,2,1,1,0,7,0,0,1.0,7.0,1,0,41.9,1,10.3,10,2,1,10,5,15.2,1,5.9,2.8,85.0,0,0.0,1,0,0.545,Medium,1.0,0.9545454545454546,,synthetic
synth_emp_0172,2026-01-26,Marketing,Lead,Contractor,38.7,6,7.3,12.0,2,0,0,0,0,5,0,0,0.0,16.0,0,0,31.1,2,15.6,5,0,0,3,2,43.6,0,71.8,4.1,79.2,0,0.0,1,0,0.592,Medium,1.0,0.9545454545454546,,synthetic
synth_emp_0172,2026-02-02,Marketing,Lead,Contractor,38.7,6,6.2,13.8,3,1,0,2,0,5,0,0,1.0,18.0,1,0,35.8,2,27.9,4,1,0,10,14,2.7,0,43.5,5.0,68.9,0,0.0,1,0,0.54,Medium,1.0,0.9545454545454546,,synthetic
synth_emp_0172,2026-02-09,Marketing,Lead,Contractor,38.7,6,9.4,6.1,1,0,0,1,0,6,0,0,0.0,6.0,0,0,33.2,0,7.6,23,6,2,3,0,,13,52.7,3.2,74.9,0,0.0,3,0,0.869,High,1.0,0.9318181818181818,,synthetic
synth_emp_0172,2026-02-16,Marketing,Lead,Contractor,38.7,6,,4.9,0,0,1,1,0,7,0,0,0.0,5.0,1,0,37.5,0,4.9,27,3,0,6,2,13.2,20,65.3,4.3,73.1,0,0.0,2,0,0.153,Low,1.0,0.9318181818181818,,synthetic
synth_emp_0172,2026-02-23,Marketing,Lead,Contractor,38.7,6,7.4,,1,3,0,1,0,5,0,0,0.0,14.0,0,0,49.2,2,4.5,24,7,2,8,11,1.2,20,69.7,4.2,82.7,0,0.0,3,0,0.54,Medium,1.0,0.9318181818181818,,synthetic
synth_emp_0172,2026-03-02,Marketing,Lead,Contractor,38.7,6,8.1,,2,1,0,1,0,5,0,0,2.0,11.0,1,0,32.1,1,26.0,25,6,1,1,5,25.7,13,59.9,4.8,54.0,0,0.0,3,0,0.336,Low,1.0,0.9318181818181818,,synthetic
synth_emp_0172,2026-03-09,Marketing,Lead,Contractor,38.7,6,,7.4,2,0,0,2,0,6,0,0,0.0,19.0,0,0,42.0,1,14.2,16,4,2,8,1,42.1,16,61.0,2.1,55.8,0,0.0,2,0,0.498,Medium,1.0,0.9318181818181818,,synthetic
synth_emp_0172,2026-03-16,Marketing,Lead,Contractor,38.7,6,9.8,0.4,2,0,1,0,0,6,0,0,1.0,8.0,1,0,30.1,2,25.8,22,7,0,8,9,26.9,14,35.6,3.7,61.0,0,0.0,0,0,0.584,Medium,1.0,0.9545454545454546,,synthetic
synth_emp_0172,2026-03-23,Marketing,Lead,Contractor,38.7,6,9.8,12.5,0,0,1,2,0,6,0,0,2.0,5.0,1,0,44.0,1,20.7,8,1,1,3,6,22.2,0,56.4,4.1,95.8,0,0.0,2,0,0.73,High,1.0,0.9545454545454546,,synthetic
synth_emp_0173,2026-01-05,Marketing,Manager,Full-Time,19.0,8,9.2,14.3,2,0,1,1,0,5,0,0,1.0,13.0,1,0,44.7,1,16.7,32,3,2,6,12,23.8,6,49.6,2.3,57.8,0,0.0,3,0,0.753,High,1.0,0.9545454545454546,,synthetic
synth_emp_0173,2026-01-12,Marketing,Manager,Full-Time,19.0,8,,1.7,0,3,0,1,0,7,0,0,1.0,20.0,0,0,36.3,2,7.4,25,8,1,3,11,47.6,5,24.0,2.0,91.1,0,0.0,0,0,0.291,Low,1.0,0.9318181818181818,,synthetic
synth_emp_0173,2026-01-19,Marketing,Manager,Full-Time,19.0,8,9.7,7.9,0,1,0,0,0,7,0,0,1.0,19.0,1,0,44.0,0,29.9,44,2,2,10,2,13.3,15,41.4,2.3,75.3,0,0.0,2,0,0.516,Medium,1.0,0.9545454545454546,,synthetic
synth_emp_0173,2026-01-26,Marketing,Manager,Full-Time,19.0,8,6.8,2.8,0,0,1,0,0,5,0,0,1.0,16.0,1,0,35.4,0,12.3,4,0,0,4,4,13.0,5,24.4,2.5,58.6,0,0.0,3,0,0.334,Low,1.0,0.9545454545454546,,synthetic
synth_emp_0173,2026-02-02,Marketing,Manager,Full-Time,19.0,8,,9.4,1,0,1,2,0,5,0,0,2.0,19.0,0,0,32.6,0,21.0,6,1,0,8,9,19.4,20,32.1,2.1,92.8,0,0.0,1,0,0.431,Medium,1.0,0.9318181818181818,,synthetic
synth_emp_0173,2026-02-09,Marketing,Manager,Full-Time,19.0,8,9.9,4.1,0,1,1,1,0,4,0,0,0.0,14.0,1,0,30.0,0,13.5,14,3,2,3,1,26.6,13,50.1,4.0,73.1,0,0.0,2,0,0.471,Medium,1.0,0.9545454545454546,,synthetic
synth_emp_0173,2026-02-16,Marketing,Manager,Full-Time,19.0,8,7.2,10.2,0,2,0,1,0,5,0,0,1.0,5.0,1,0,30.4,2,23.1,18,5,1,2,1,13.0,7,49.5,2.4,97.5,0,0.0,0,0,0.437,Medium,1.0,0.9545454545454546,,synthetic
synth_emp_0173,2026-02-23,Marketing,Manager,Full-Time,19.0,8,,8.9,2,1,0,2,0,5,0,0,0.0,10.0,0,0,32.4,2,16.4,34,0,4,6,4,30.2,19,2.5,4.4,59.2,0,0.0,1,0,0.577,Medium,1.0,0.9318181818181818,,synthetic
synth_emp_0173,2026-03-02,Marketing,Manager,Full-Time,19.0,8,9.6,2.2,3,0,0,2,0,4,0,0,1.0,13.0,0,0,49.8,0,6.4,10,1,0,3,8,7.1,4,13.5,4.8,58.1,0,0.0,3,0,0.321,Low,1.0,0.9545454545454546,,synthetic
synth_emp_0173,2026-03-09,Marketing,Manager,Full-Time,19.0,8,8.3,0.7,0,1,0,1,0,6,0,0,2.0,10.0,0,0,45.6,1,19.9,45,1,4,4,6,7.5,8,32.7,2.5,41.7,0,0.0,0,0,0.525,Medium,1.0,0.9545454545454546,,synthetic
synth_emp_0173,2026-03-16,Marketing,Manager,Full-Time,19.0,8,10.0,13.8,1,2,1,0,0,4,0,0,0.0,20.0,1,0,40.3,1,19.4,40,9,3,8,8,37.2,6,56.6,3.3,56.1,0,0.0,1,0,0.85,High,1.0,0.9545454545454546,,synthetic
synth_emp_0173,2026-03-23,Marketing,Manager,Full-Time,19.0,8,6.2,14.9,3,1,1,2,0,7,0,0,1.0,16.0,1,0,41.6,1,27.1,3,0,0,1,7,0.6,10,34.2,2.7,54.0,0,0.0,1,0,0.585,Medium,1.0,0.9545454545454546,,synthetic
synth_emp_0174,2026-01-05,Sales,Mid,Contractor,46.2,12,6.7,14.0,2,3,1,0,0,5,0,0,1.0,8.0,0,0,44.9,0,13.8,47,11,9,10,1,16.0,12,12.0,3.6,92.8,0,0.0,2,0,0.778,High,1.0,0.9545454545454546,,synthetic
synth_emp_0174,2026-01-12,Sales,Mid,Contractor,46.2,12,7.0,6.8,0,0,1,2,0,4,0,0,0.0,8.0,1,0,36.4,1,10.0,27,1,2,6,7,43.2,14,33.6,2.9,54.9,0,0.0,0,0,0.434,Medium,1.0,0.9545454545454546,,synthetic
synth_emp_0174,2026-01-19,Sales,Mid,Contractor,46.2,12,,10.7,0,3,1,2,0,7,0,0,2.0,6.0,0,0,30.4,0,29.3,19,1,2,9,1,37.8,4,16.6,4.0,40.1,0,0.0,0,0,0.447,Medium,1.0,0.9318181818181818,,synthetic
synth_emp_0174,2026-01-26,Sales,Mid,Contractor,46.2,12,6.9,8.0,1,1,0,0,0,4,0,0,0.0,16.0,1,0,34.1,0,13.2,7,2,0,3,0,,3,11.7,4.1,62.1,0,0.0,0,0,0.598,Medium,1.0,0.9318181818181818,,synthetic
synth_emp_0174,2026-02-02,Sales,Mid,Contractor,46.2,12,7.1,9.4,3,1,0,2,0,5,0,0,2.0,9.0,1,0,40.5,2,17.7,46,10,7,8,15,33.8,7,63.7,4.1,74.5,0,0.0,3,0,0.77,High,1.0,0.9545454545454546,,synthetic
synth_emp_0174,2026-02-09,Sales,Mid,Contractor,46.2,12,8.3,6.3,0,1,0,1,0,4,0,0,2.0,13.0,1,0,39.6,1,19.5,1,0,0,9,14,27.2,17,54.2,4.5,89.2,0,0.0,2,0,0.573,Medium,1.0,0.9545454545454546,,synthetic
synth_emp_0174,2026-02-16,Sales,Mid,Contractor,46.2,12,8.3,5.3,2,2,1,0,0,4,0,0,2.0,8.0,0,0,40.5,0,10.1,2,0,0,4,5,21.4,5,61.7,2.0,49.7,0,0.0,3,0,0.592,Medium,1.0,0.9545454545454546,,synthetic
synth_emp_0174,2026-02-23,Sales,Mid,Contractor,46.2,12,9.7,10.4,1,1,0,0,0,6,0,0,0.0,14.0,0,0,44.6,1,28.7,23,1,3,3,5,23.6,17,12.3,3.4,85.4,0,0.0,3,0,0.938,High,1.0,0.9545454545454546,,synthetic
synth_emp_0174,2026-03-02,Sales,Mid,Contractor,46.2,12,7.8,8.6,3,2,1,1,0,4,0,0,2.0,17.0,0,0,35.2,2,16.0,44,4,0,6,6,33.9,20,43.3,3.5,65.6,0,0.0,2,0,0.39,Low,1.0,0.9545454545454546,,synthetic
synth_emp_0174,2026-03-09,Sales,Mid,Contractor,46.2,12,7.6,1.9,1,0,0,0,0,4,0,0,0.0,6.0,1,0,47.0,1,16.2,5,1,0,1,6,19.0,16,60.1,2.5,64.5,0,0.0,3,0,0.106,Low,1.0,0.9545454545454546,,synthetic
synth_emp_0174,2026-03-16,Sales,Mid,Contractor,46.2,12,6.3,10.2,1,1,0,0,0,7,0,0,1.0,14.0,1,0,35.3,2,10.5,3,0,0,4,10,3.2,9,65.8,4.8,66.6,0,0.0,3,0,0.455,Medium,1.0,0.9545454545454546,,synthetic
synth_emp_0174,2026-03-23,Sales,Mid,Contractor,46.2,12,9.3,12.0,3,3,1,2,0,6,0,0,0.0,5.0,1,0,32.4,1,12.9,43,12,3,8,2,22.1,5,14.6,3.1,89.3,0,0.0,1,0,0.807,High,1.0,0.9545454545454546,,synthetic
synth_emp_0175,2026-01-05,Design,Manager,Full-Time,54.8,11,9.4,0.4,3,1,1,2,0,4,0,0,1.0,18.0,1,0,31.5,0,28.8,4,0,0,6,5,45.5,5,13.1,3.0,90.2,0,0.0,0,0,0.583,Medium,1.0,0.9545454545454546,,synthetic
synth_emp_0175,2026-01-12,Design,Manager,Full-Time,54.8,11,6.8,12.0,1,2,0,2,0,4,0,0,0.0,16.0,0,0,31.2,1,7.4,49,9,2,0,7,23.6,18,70.6,3.6,70.0,0,0.0,0,0,0.505,Medium,1.0,0.9545454545454546,,synthetic
synth_emp_0175,2026-01-19,Design,Manager,Full-Time,54.8,11,7.9,9.9,3,1,1,0,0,5,0,0,1.0,16.0,0,0,34.3,1,26.6,27,9,3,10,6,1.7,17,68.1,2.8,46.7,0,0.0,0,0,0.891,High,1.0,0.9545454545454546,,synthetic
synth_emp_0175,2026-01-26,Design,Manager,Full-Time,54.8,11,8.9,9.2,2,3,1,0,0,6,0,0,0.0,13.0,0,0,37.5,1,16.2,6,1,0,10,2,30.1,11,46.0,4.7,90.8,0,0.0,2,0,0.501,Medium,1.0,0.9545454545454546,,synthetic
synth_emp_0175,2026-02-02,Design,Manager,Full-Time,54.8,11,,0.7,3,1,0,1,0,7,0,0,2.0,15.0,0,0,32.6,0,10.1,29,4,1,3,14,34.1,3,48.0,4.7,51.1,0,0.0,3,0,0.392,Low,1.0,0.9318181818181818,,synthetic
synth_emp_0175,2026-02-09,Design,Manager,Full-Time,54.8,11,7.1,11.7,2,1,1,1,0,7,0,0,1.0,19.0,0,0,34.8,1,13.3,23,8,2,7,7,32.8,16,14.6,2.0,66.6,0,0.0,0,0,0.586,Medium,1.0,0.9545454545454546,,synthetic
synth_emp_0175,2026-02-16,Design,Manager,Full-Time,54.8,11,8.2,2.7,0,3,0,1,0,5,0,0,0.0,8.0,1,0,37.8,2,0.5,48,9,8,6,0,,2,21.3,4.0,61.4,0,0.0,2,0,0.583,Medium,1.0,0.9318181818181818,,synthetic
synth_emp_0175,2026-02-23,Design,Manager,Full-Time,54.8,11,,8.9,2,0,1,2,0,5,0,0,0.0,12.0,1,0,44.3,0,21.3,39,5,2,2,10,36.0,18,17.6,3.1,43.8,0,0.0,3,0,0.384,Low,1.0,0.9318181818181818,,synthetic
synth_emp_0175,2026-03-02,Design,Manager,Full-Time,54.8,11,9.5,9.5,0,3,0,2,0,6,0,0,0.0,15.0,0,0,39.7,2,5.7,12,1,0,7,1,17.1,5,31.0,4.6,92.8,0,0.0,0,0,0.576,Medium,1.0,0.9545454545454546,,synthetic
synth_emp_0175,2026-03-09,Design,Manager,Full-Time,54.8,11,9.3,3.0,0,1,1,1,0,4,0,0,2.0,20.0,1,0,49.9,2,24.4,41,1,7,3,14,32.9,15,42.9,4.0,99.7,0,0.0,0,0,0.742,High,1.0,0.9545454545454546,,synthetic
synth_emp_0175,2026-03-16,Design,Manager,Full-Time,54.8,11,7.7,9.4,3,1,0,0,0,7,0,0,2.0,19.0,1,0,35.9,1,8.6,21,0,2,7,14,14.1,14,2.7,2.1,86.2,0,0.0,2,0,0.391,Low,1.0,0.9545454545454546,,synthetic
synth_emp_0175,2026-03-23,Design,Manager,Full-Time,54.8,11,8.2,2.9,1,3,1,1,0,4,0,0,0.0,15.0,1,0,37.3,1,13.6,34,10,5,1,9,36.3,20,25.4,4.8,63.0,0,0.0,3,0,0.616,Medium,1.0,0.9545454545454546,,synthetic
synth_emp_0176,2026-01-05,Marketing,Manager,Full-Time,32.9,8,9.9,0.4,2,3,0,1,0,7,0,0,2.0,14.0,0,0,47.2,0,14.5,35,4,2,5,3,20.6,17,16.0,3.6,83.5,0,0.0,1,0,0.529,Medium,1.0,0.9545454545454546,,synthetic
synth_emp_0176,2026-01-12,Marketing,Manager,Full-Time,32.9,8,6.4,9.8,1,0,1,1,0,7,0,0,1.0,11.0,1,0,40.0,1,27.5,22,7,2,1,5,24.3,1,41.3,2.1,90.7,0,0.0,0,0,0.731,High,1.0,0.9545454545454546,,synthetic
synth_emp_0176,2026-01-19,Marketing,Manager,Full-Time,32.9,8,,,3,2,1,2,0,4,0,0,1.0,9.0,1,0,43.9,1,10.4,10,2,0,2,2,22.7,19,55.2,4.8,49.7,0,0.0,0,0,0.104,Low,1.0,0.9090909090909091,,synthetic
synth_emp_0176,2026-01-26,Marketing,Manager,Full-Time,32.9,8,6.6,8.6,1,3,0,2,0,7,0,0,1.0,17.0,0,0,37.5,1,4.1,23,8,1,3,14,16.1,6,38.7,2.3,80.1,0,0.0,3,0,0.626,Medium,1.0,0.9545454545454546,,synthetic
synth_emp_0176,2026-02-02,Marketing,Manager,Full-Time,32.9,8,6.2,11.3,3,2,0,1,0,6,0,0,0.0,19.0,0,0,31.9,0,28.8,18,2,0,3,7,14.6,3,61.8,4.6,53.6,0,0.0,3,0,0.468,Medium,1.0,0.9545454545454546,,synthetic
synth_emp_0176,2026-02-09,Marketing,Manager,Full-Time,32.9,8,6.4,1.1,0,3,1,2,0,7,0,0,2.0,17.0,0,0,48.4,0,18.3,1,0,0,7,7,22.0,6,68.7,2.4,71.8,0,0.0,0,0,0.131,Low,1.0,0.9545454545454546,,synthetic
synth_emp_0176,2026-02-16,Marketing,Manager,Full-Time,32.9,8,8.1,14.1,0,0,0,0,0,4,0,0,1.0,16.0,0,0,36.4,1,17.3,49,19,2,3,11,17.9,0,7.0,3.7,61.9,0,0.0,3,0,0.557,Medium,1.0,0.9545454545454546,,synthetic
synth_emp_0176,2026-02-23,Marketing,Manager,Full-Time,32.9,8,,9.4,0,0,0,0,0,5,0,0,2.0,20.0,0,0,42.6,0,7.4,18,6,1,10,3,12.8,13,2.6,2.9,47.9,0,0.0,1,0,0.494,Medium,1.0,0.9318181818181818,,synthetic
synth_emp_0176,2026-03-02,Marketing,Manager,Full-Time,32.9,8,6.4,0.5,0,2,1,1,0,6,0,0,0.0,16.0,1,0,44.2,2,15.5,26,5,3,2,11,7.4,5,12.7,2.2,84.8,0,0.0,2,0,0.262,Low,1.0,0.9545454545454546,,synthetic
synth_emp_0176,2026-03-09,Marketing,Manager,Full-Time,32.9,8,7.1,,1,1,1,2,0,4,0,0,1.0,5.0,1,0,35.0,2,19.4,5,0,0,2,12,24.1,7,24.7,3.6,86.7,0,0.0,1,0,0.28,Low,1.0,0.9318181818181818,,synthetic
synth_emp_0176,2026-03-16,Marketing,Manager,Full-Time,32.9,8,8.5,13.3,0,0,1,2,0,5,0,0,2.0,5.0,1,0,37.8,1,26.3,21,0,3,2,4,3.1,11,25.3,3.6,67.6,0,0.0,2,0,0.589,Medium,1.0,0.9545454545454546,,synthetic
synth_emp_0176,2026-03-23,Marketing,Manager,Full-Time,32.9,8,6.9,5.9,1,3,0,2,0,5,0,0,0.0,5.0,0,0,35.2,1,7.7,10,3,0,7,13,41.9,11,66.8,4.8,54.9,0,0.0,0,0,0.362,Low,1.0,0.9545454545454546,,synthetic
synth_emp_0177,2026-01-05,Sales,Senior,Contractor,54.1,4,8.8,,2,1,0,0,0,6,0,0,0.0,6.0,0,0,46.4,0,19.9,37,7,6,6,3,33.4,0,4.9,3.6,68.8,0,0.0,3,0,0.606,Medium,1.0,0.9318181818181818,,synthetic
synth_emp_0177,2026-01-12,Sales,Senior,Contractor,54.1,4,8.7,4.9,2,3,1,1,0,7,0,0,1.0,14.0,0,0,41.6,1,14.8,42,5,1,0,5,40.9,2,43.8,2.4,61.6,0,0.0,3,0,0.432,Medium,1.0,0.9545454545454546,,synthetic
synth_emp_0177,2026-01-19,Sales,Senior,Contractor,54.1,4,7.2,12.9,2,1,0,2,0,4,0,0,1.0,19.0,0,0,43.8,0,22.4,48,16,0,3,12,3.3,10,33.4,3.5,77.4,0,0.0,0,0,0.738,High,1.0,0.9545454545454546,,synthetic
synth_emp_0177,2026-01-26,Sales,Senior,Contractor,54.1,4,6.2,7.8,2,2,0,0,0,7,0,0,0.0,14.0,1,0,49.7,2,13.0,45,17,3,0,7,47.7,13,23.7,3.6,70.6,0,0.0,3,0,0.876,High,1.0,0.9545454545454546,,synthetic
synth_emp_0177,2026-02-02,Sales,Senior,Contractor,54.1,4,7.7,13.9,3,1,0,2,0,5,0,0,2.0,20.0,1,0,50.0,0,27.6,40,12,6,10,2,16.9,20,23.1,4.6,96.7,0,0.0,1,0,0.791,High,1.0,0.9545454545454546,,synthetic
synth_emp_0177,2026-02-09,Sales,Senior,Contractor,54.1,4,7.9,0.3,2,2,0,0,0,7,0,0,1.0,8.0,1,0,45.9,2,26.2,20,0,1,1,3,44.7,2,27.4,3.6,41.7,0,0.0,3,0,0.204,Low,1.0,0.9545454545454546,,synthetic
synth_emp_0177,2026-02-16,Sales,Senior,Contractor,54.1,4,,12.5,1,0,1,1,0,5,0,0,2.0,13.0,0,0,31.2,0,11.2,37,6,0,1,2,35.1,3,29.7,4.3,68.9,0,0.0,0,0,0.715,High,1.0,0.9318181818181818,,synthetic
synth_emp_0177,2026-02-23,Sales,Senior,Contractor,54.1,4,7.0,12.8,3,0,0,2,0,5,0,0,2.0,12.0,0,0,39.9,0,1.0,35,11,5,7,2,29.2,7,9.9,4.9,61.9,0,0.0,1,0,0.866,High,1.0,0.9545454545454546,,synthetic
synth_emp_0177,2026-03-02,Sales,Senior,Contractor,54.1,4,6.7,12.1,1,0,1,0,0,4,0,0,2.0,6.0,1,0,46.8,1,6.3,12,4,1,1,1,15.9,2,38.3,3.2,93.3,0,0.0,3,0,0.514,Medium,1.0,0.9545454545454546,,synthetic
synth_emp_0177,2026-03-09,Sales,Senior,Contractor,54.1,4,8.6,7.4,1,0,0,0,0,4,0,0,0.0,16.0,1,0,48.0,0,28.8,13,1,1,9,9,44.3,18,36.5,2.8,46.2,0,0.0,2,0,0.608,Medium,1.0,0.9545454545454546,,synthetic
synth_emp_0177,2026-03-16,Sales,Senior,Contractor,54.1,4,9.2,4.2,3,1,1,0,0,7,0,0,2.0,8.0,0,0,31.8,1,27.1,0,0,0,3,8,36.2,19,21.0,4.0,86.7,0,0.0,1,0,0.445,Medium,1.0,0.9545454545454546,,synthetic
synth_emp_0177,2026-03-23,Sales,Senior,Contractor,54.1,4,9.3,8.0,1,1,0,1,0,7,0,0,1.0,5.0,0,0,31.9,0,12.7,16,4,1,6,8,16.1,15,10.0,2.5,75.4,0,0.0,2,0,0.59,Medium,1.0,0.9545454545454546,,synthetic
synth_emp_0178,2026-01-05,Design,Senior,Contractor,53.4,4,8.4,7.3,1,0,1,0,0,6,0,0,1.0,11.0,1,0,32.1,2,20.1,41,2,6,4,0,,5,24.5,4.6,99.8,0,0.0,2,0,0.705,High,1.0,0.9318181818181818,,synthetic
synth_emp_0178,2026-01-12,Design,Senior,Contractor,53.4,4,6.9,5.1,3,1,0,0,0,6,0,0,0.0,15.0,0,0,33.7,0,13.4,44,4,7,7,4,46.9,8,47.2,3.9,40.4,0,0.0,1,0,0.746,High,1.0,0.9545454545454546,,synthetic
synth_emp_0178,2026-01-19,Design,Senior,Contractor,53.4,4,8.0,13.9,1,0,0,2,0,4,0,0,0.0,14.0,0,0,42.7,0,19.9,0,0,0,4,15,35.1,4,69.6,5.0,51.3,0,0.0,3,0,0.342,Low,1.0,0.9545454545454546,,synthetic
synth_emp_0178,2026-01-26,Design,Senior,Contractor,53.4,4,8.2,11.5,3,1,0,1,0,7,0,0,1.0,13.0,0,0,38.1,1,15.2,13,1,0,9,1,6.5,9,44.8,3.8,68.8,0,0.0,2,0,0.394,Low,1.0,0.9545454545454546,,synthetic
synth_emp_0178,2026-02-02,Design,Senior,Contractor,53.4,4,6.5,9.6,3,3,1,0,0,7,0,0,1.0,14.0,0,0,40.8,0,15.1,19,2,1,8,10,12.3,16,47.7,2.3,97.0,0,0.0,3,0,0.348,Low,1.0,0.9545454545454546,,synthetic
synth_emp_0178,2026-02-09,Design,Senior,Contractor,53.4,4,9.3,7.7,1,2,1,1,0,4,0,0,1.0,13.0,0,0,31.4,2,28.0,2,0,0,4,8,35.3,1,68.0,3.3,78.6,0,0.0,3,0,0.614,Medium,1.0,0.9545454545454546,,synthetic
synth_emp_0178,2026-02-16,Design,Senior,Contractor,53.4,4,6.4,15.0,3,2,0,1,0,4,0,0,0.0,12.0,1,0,48.7,1,4.9,30,8,4,9,8,46.9,6,16.7,4.0,59.5,0,0.0,2,0,0.867,High,1.0,0.9545454545454546,,synthetic
synth_emp_0178,2026-02-23,Design,Senior,Contractor,53.4,4,8.8,10.6,3,3,1,2,0,6,0,0,2.0,18.0,0,0,33.4,2,27.5,13,4,1,10,9,23.6,6,17.3,4.8,55.5,0,0.0,2,0,0.511,Medium,1.0,0.9545454545454546,,synthetic
synth_emp_0178,2026-03-02,Design,Senior,Contractor,53.4,4,9.2,8.7,0,2,0,1,0,5,0,0,1.0,10.0,0,0,40.4,0,2.5,47,14,4,1,4,18.2,12,49.9,3.5,66.9,0,0.0,2,0,0.85,High,1.0,0.9545454545454546,,synthetic
synth_emp_0178,2026-03-09,Design,Senior,Contractor,53.4,4,7.1,7.9,0,0,1,2,0,6,0,0,1.0,8.0,0,0,37.9,2,14.9,27,9,4,10,6,6.7,2,36.8,4.3,81.2,0,0.0,0,0,0.737,High,1.0,0.9545454545454546,,synthetic
synth_emp_0178,2026-03-16,Design,Senior,Contractor,53.4,4,8.9,6.9,2,2,0,0,0,7,0,0,1.0,10.0,1,0,31.6,0,4.3,1,0,0,7,2,28.2,9,3.0,3.1,99.1,0,0.0,1,0,0.757,High,1.0,0.9545454545454546,,synthetic
synth_emp_0178,2026-03-23,Design,Senior,Contractor,53.4,4,7.3,12.0,1,2,1,2,0,6,0,0,0.0,7.0,0,0,30.7,1,19.4,36,9,6,9,14,1.9,5,19.1,2.1,85.5,0,0.0,1,0,0.635,Medium,1.0,0.9545454545454546,,synthetic
synth_emp_0179,2026-01-05,Sales,Senior,Contractor,40.4,12,9.2,13.5,3,3,1,0,0,6,0,0,2.0,9.0,1,0,46.5,1,18.0,25,7,1,3,10,3.0,10,20.8,2.1,90.1,0,0.0,2,0,0.671,Medium,1.0,0.9545454545454546,,synthetic
synth_emp_0179,2026-01-12,Sales,Senior,Contractor,40.4,12,8.6,12.8,0,3,1,2,0,6,0,0,0.0,10.0,0,0,33.0,1,17.1,36,12,2,0,15,19.4,11,43.8,3.9,85.4,0,0.0,0,0,0.837,High,1.0,0.9545454545454546,,synthetic
synth_emp_0179,2026-01-19,Sales,Senior,Contractor,40.4,12,6.6,5.0,3,0,1,1,0,4,0,0,1.0,10.0,1,0,39.9,1,27.5,25,2,4,8,6,18.6,15,69.4,4.2,43.2,0,0.0,3,0,0.283,Low,1.0,0.9545454545454546,,synthetic
synth_emp_0179,2026-01-26,Sales,Senior,Contractor,40.4,12,6.5,9.1,3,3,1,2,0,7,0,0,1.0,19.0,1,0,34.6,0,9.2,32,3,5,7,11,19.7,10,57.7,3.8,42.5,0,0.0,3,0,0.463,Medium,1.0,0.9545454545454546,,synthetic
synth_emp_0179,2026-02-02,Sales,Senior,Contractor,40.4,12,9.5,3.1,3,2,0,2,0,5,0,0,1.0,11.0,1,0,44.7,0,20.2,24,7,1,7,12,47.3,2,34.2,3.6,59.3,0,0.0,0,0,0.64,Medium,1.0,0.9545454545454546,,synthetic
synth_emp_0179,2026-02-09,Sales,Senior,Contractor,40.4,12,9.8,10.4,3,1,1,2,0,5,0,0,1.0,11.0,0,0,34.2,2,4.3,2,0,0,10,9,16.0,4,63.8,2.6,43.5,0,0.0,2,0,0.595,Medium,1.0,0.9545454545454546,,synthetic
synth_emp_0179,2026-02-16,Sales,Senior,Contractor,40.4,12,6.7,,3,1,1,2,0,4,0,0,0.0,10.0,0,0,34.0,1,25.0,31,7,6,9,5,43.4,6,53.6,3.9,82.5,0,0.0,2,0,0.491,Medium,1.0,0.9318181818181818,,synthetic
synth_emp_0179,2026-02-23,Sales,Senior,Contractor,40.4,12,6.3,8.8,1,3,0,2,0,6,0,0,1.0,20.0,1,0,44.3,2,16.6,43,10,5,5,0,,1,66.6,4.8,82.4,0,0.0,0,0,0.62,Medium,1.0,0.9318181818181818,,synthetic
synth_emp_0179,2026-03-02,Sales,Senior,Contractor,40.4,12,6.3,2.3,1,3,0,0,0,5,0,0,2.0,5.0,0,0,44.3,0,28.2,8,0,1,8,13,36.1,6,60.0,4.8,85.0,0,0.0,1,0,0.287,Low,1.0,0.9545454545454546,,synthetic
synth_emp_0179,2026-03-09,Sales,Senior,Contractor,40.4,12,7.6,14.1,3,0,1,2,0,4,0,0,2.0,8.0,0,0,30.2,2,28.7,18,3,1,9,9,42.5,9,48.0,2.5,97.0,0,0.0,1,0,0.567,Medium,1.0,0.9545454545454546,,synthetic
synth_emp_0179,2026-03-16,Sales,Senior,Contractor,40.4,12,6.9,7.4,1,1,0,0,0,4,0,0,2.0,7.0,0,0,39.6,0,4.4,32,7,5,2,10,34.4,20,64.5,4.5,95.0,0,0.0,3,0,0.757,High,1.0,0.9545454545454546,,synthetic
synth_emp_0179,2026-03-23,Sales,Senior,Contractor,40.4,12,9.0,12.0,1,2,1,1,0,5,0,0,1.0,12.0,1,0,35.8,1,17.9,5,1,0,4,8,6.4,2,58.3,3.5,72.9,0,0.0,3,0,0.653,Medium,1.0,0.9545454545454546,,synthetic
synth_emp_0180,2026-01-05,Marketing,Junior,Full-Time,13.7,5,8.6,,2,1,1,2,0,5,0,0,0.0,14.0,0,0,30.6,2,26.0,38,0,3,4,2,28.9,4,25.7,3.0,81.2,0,0.0,1,0,0.478,Medium,1.0,0.9318181818181818,,synthetic
synth_emp_0180,2026-01-12,Marketing,Junior,Full-Time,13.7,5,9.7,6.4,3,3,0,2,0,7,0,0,1.0,19.0,0,0,41.3,1,3.8,35,4,6,0,14,38.2,9,13.1,3.8,62.0,0,0.0,0,0,0.79,High,1.0,0.9545454545454546,,synthetic
synth_emp_0180,2026-01-19,Marketing,Junior,Full-Time,13.7,5,,,1,1,0,1,0,6,0,0,0.0,8.0,1,0,38.3,0,25.3,19,0,2,5,4,16.8,3,23.7,2.5,87.6,0,0.0,0,0,0.278,Low,1.0,0.9090909090909091,,synthetic
synth_emp_0180,2026-01-26,Marketing,Junior,Full-Time,13.7,5,7.2,14.1,2,0,1,2,0,4,0,0,1.0,9.0,0,0,45.2,1,6.3,23,2,2,0,11,40.5,16,59.8,3.7,89.3,0,0.0,2,0,0.452,Medium,1.0,0.9545454545454546,,synthetic
synth_emp_0180,2026-02-02,Marketing,Junior,Full-Time,13.7,5,7.5,13.1,0,1,0,0,0,5,0,0,1.0,20.0,0,0,30.6,0,24.8,33,11,1,5,7,11.5,17,10.9,3.0,91.5,0,0.0,0,0,0.508,Medium,1.0,0.9545454545454546,,synthetic
synth_emp_0180,2026-02-09,Marketing,Junior,Full-Time,13.7,5,7.9,11.1,0,2,0,1,0,4,0,0,1.0,12.0,1,0,46.8,0,24.3,50,7,8,4,6,8.4,18,65.6,4.1,78.9,0,0.0,1,0,0.899,High,1.0,0.9545454545454546,,synthetic
synth_emp_0180,2026-02-16,Marketing,Junior,Full-Time,13.7,5,9.3,6.8,2,0,0,0,0,6,0,0,2.0,7.0,0,0,37.2,2,29.6,18,4,2,3,7,9.8,10,1.2,4.6,47.5,0,0.0,1,0,0.569,Medium,1.0,0.9545454545454546,,synthetic
synth_emp_0180,2026-02-23,Marketing,Junior,Full-Time,13.7,5,9.4,11.0,2,1,1,0,0,5,0,0,0.0,7.0,0,0,46.3,2,26.2,38,12,2,8,2,46.3,12,53.6,4.6,60.2,0,0.0,2,0,0.846,High,1.0,0.9545454545454546,,synthetic
synth_emp_0180,2026-03-02,Marketing,Junior,Full-Time,13.7,5,6.2,2.1,1,3,1,0,0,5,0,0,0.0,13.0,1,0,36.5,2,5.7,40,8,2,5,9,36.4,19,8.1,3.3,77.8,0,0.0,0,0,0.536,Medium,1.0,0.9545454545454546,,synthetic
synth_emp_0180,2026-03-09,Marketing,Junior,Full-Time,13.7,5,7.1,8.8,3,0,1,2,0,4,0,0,0.0,5.0,0,0,45.5,1,24.2,32,11,1,4,0,,19,52.6,3.3,50.5,0,0.0,2,0,0.585,Medium,1.0,0.9318181818181818,,synthetic
synth_emp_0180,2026-03-16,Marketing,Junior,Full-Time,13.7,5,8.6,9.2,3,0,0,2,0,5,0,0,1.0,5.0,0,0,30.7,1,17.2,29,10,1,7,3,24.0,10,61.8,2.3,53.7,0,0.0,0,0,0.748,High,1.0,0.9545454545454546,,synthetic
synth_emp_0180,2026-03-23,Marketing,Junior,Full-Time,13.7,5,6.7,14.3,2,1,0,1,0,4,0,0,2.0,6.0,0,0,46.1,1,5.4,17,0,2,10,15,18.2,9,42.6,4.6,82.5,0,0.0,2,0,0.494,Medium,1.0,0.9545454545454546,,synthetic
synth_emp_0181,2026-01-05,Engineering,Lead,Full-Time,56.5,7,8.0,13.9,1,0,1,1,0,4,0,0,1.0,19.0,0,0,45.8,1,26.0,31,7,2,3,6,29.8,7,1.8,2.7,77.4,0,0.0,0,0,0.708,High,1.0,0.9545454545454546,,synthetic
synth_emp_0181,2026-01-12,Engineering,Lead,Full-Time,56.5,7,8.3,12.4,1,0,1,2,0,4,0,0,0.0,5.0,0,0,49.6,0,16.3,44,6,4,10,9,11.0,0,16.8,2.3,47.0,0,0.0,2,0,0.802,High,1.0,0.9545454545454546,,synthetic
synth_emp_0181,2026-01-19,Engineering,Lead,Full-Time,56.5,7,,14.6,2,2,1,0,0,4,0,0,1.0,11.0,1,0,48.5,2,27.1,29,6,2,5,2,41.0,11,2.5,3.5,93.7,0,0.0,1,0,0.722,High,1.0,0.9318181818181818,,synthetic
synth_emp_0181,2026-01-26,Engineering,Lead,Full-Time,56.5,7,8.1,,0,3,0,0,0,7,0,0,0.0,14.0,1,0,34.5,1,8.8,25,0,4,8,2,28.1,9,31.9,3.6,64.8,0,0.0,3,0,0.348,Low,1.0,0.9318181818181818,,synthetic
synth_emp_0181,2026-02-02,Engineering,Lead,Full-Time,56.5,7,6.8,3.0,1,1,1,2,0,6,0,0,0.0,10.0,1,0,37.1,2,9.7,14,4,2,2,15,3.4,8,27.0,4.8,49.9,0,0.0,1,0,0.283,Low,1.0,0.9545454545454546,,synthetic
synth_emp_0181,2026-02-09,Engineering,Lead,Full-Time,56.5,7,8.0,9.7,2,1,0,1,0,5,0,0,1.0,13.0,0,0,41.7,1,19.7,46,9,0,7,10,35.9,2,38.9,4.8,78.5,0,0.0,0,0,0.686,Medium,1.0,0.9545454545454546,,synthetic
synth_emp_0181,2026-02-16,Engineering,Lead,Full-Time,56.5,7,9.3,11.4,1,2,1,1,0,5,0,0,2.0,12.0,1,0,31.2,1,9.7,26,1,0,6,9,46.6,6,21.6,3.6,94.1,0,0.0,0,0,0.528,Medium,1.0,0.9545454545454546,,synthetic
synth_emp_0181,2026-02-23,Engineering,Lead,Full-Time,56.5,7,8.6,6.8,1,1,1,1,0,6,0,0,0.0,16.0,0,0,42.8,0,17.8,7,2,0,8,14,44.0,5,55.5,3.3,59.0,0,0.0,3,0,0.669,Medium,1.0,0.9545454545454546,,synthetic
synth_emp_0181,2026-03-02,Engineering,Lead,Full-Time,56.5,7,7.6,8.7,1,1,1,2,0,5,0,0,1.0,14.0,0,0,37.5,0,14.9,48,11,9,2,0,,3,21.7,2.7,69.9,0,0.0,0,0,0.746,High,1.0,0.9318181818181818,,synthetic
synth_emp_0181,2026-03-09,Engineering,Lead,Full-Time,56.5,7,7.3,0.3,0,1,1,1,0,6,0,0,1.0,14.0,1,0,35.3,1,18.1,10,3,1,6,12,10.8,12,35.8,3.0,48.6,0,0.0,3,0,0.172,Low,1.0,0.9545454545454546,,synthetic
synth_emp_0181,2026-03-16,Engineering,Lead,Full-Time,56.5,7,,0.7,1,2,1,1,0,7,0,0,2.0,11.0,1,0,34.4,2,24.3,32,7,5,5,0,,12,12.6,2.3,59.5,0,0.0,1,0,0.585,Medium,1.0,0.9090909090909091,,synthetic
synth_emp_0181,2026-03-23,Engineering,Lead,Full-Time,56.5,7,7.7,6.8,0,0,0,1,0,4,0,0,2.0,7.0,1,0,37.7,0,5.6,5,1,0,2,5,44.7,3,50.8,3.9,79.0,0,0.0,3,0,0.52,Medium,1.0,0.9545454545454546,,synthetic
synth_emp_0182,2026-01-05,Design,Manager,Contractor,48.9,7,7.9,11.5,3,0,1,0,0,7,0,0,1.0,9.0,1,0,34.9,1,19.8,21,1,0,0,14,35.2,12,16.7,2.1,67.9,0,0.0,1,0,0.416,Medium,1.0,0.9545454545454546,,synthetic
synth_emp_0182,2026-01-12,Design,Manager,Contractor,48.9,7,6.9,10.9,2,3,0,2,0,5,0,0,0.0,8.0,1,0,41.1,0,22.3,37,12,3,2,15,36.4,12,46.6,4.6,71.6,0,0.0,3,0,0.799,High,1.0,0.9545454545454546,,synthetic
synth_emp_0182,2026-01-19,Design,Manager,Contractor,48.9,7,9.0,0.7,3,2,0,0,0,6,0,0,1.0,13.0,1,0,45.2,2,4.9,43,13,5,3,14,10.6,20,29.3,5.0,90.9,0,0.0,0,0,0.69,Medium,1.0,0.9545454545454546,,synthetic
synth_emp_0182,2026-01-26,Design,Manager,Contractor,48.9,7,7.6,11.0,3,1,1,2,0,7,0,0,1.0,18.0,0,0,42.5,1,6.9,39,14,4,5,4,27.6,4,34.7,3.2,41.1,0,0.0,3,0,0.762,High,1.0,0.9545454545454546,,synthetic
synth_emp_0182,2026-02-02,Design,Manager,Contractor,48.9,7,6.0,,0,0,1,1,0,5,0,0,2.0,9.0,0,0,46.2,2,14.1,35,3,4,0,7,37.6,15,35.3,3.9,74.8,0,0.0,3,0,0.422,Medium,1.0,0.9318181818181818,,synthetic
synth_emp_0182,2026-02-09,Design,Manager,Contractor,48.9,7,8.1,10.6,0,1,0,0,0,6,0,0,1.0,17.0,1,0,31.7,2,12.4,26,4,0,1,5,26.7,15,50.6,3.1,66.0,0,0.0,3,0,0.301,Low,1.0,0.9545454545454546,,synthetic
synth_emp_0182,2026-02-16,Design,Manager,Contractor,48.9,7,9.4,7.5,1,2,0,2,0,4,0,0,0.0,17.0,0,0,39.1,1,17.3,3,0,0,5,6,9.9,14,32.6,4.6,50.0,0,0.0,1,0,0.671,Medium,1.0,0.9545454545454546,,synthetic
synth_emp_0182,2026-02-23,Design,Manager,Contractor,48.9,7,8.3,14.3,2,2,1,0,0,4,0,0,2.0,9.0,1,0,35.4,1,20.6,43,11,7,2,14,1.7,18,68.5,3.4,75.6,0,0.0,2,0,0.844,High,1.0,0.9545454545454546,,synthetic
synth_emp_0182,2026-03-02,Design,Manager,Contractor,48.9,7,6.4,14.1,0,0,0,1,0,7,0,0,1.0,17.0,1,0,48.8,0,1.6,44,7,4,2,15,11.5,0,2.8,4.8,81.3,0,0.0,3,0,0.814,High,1.0,0.9545454545454546,,synthetic
synth_emp_0182,2026-03-09,Design,Manager,Contractor,48.9,7,6.5,2.0,2,3,0,2,0,4,0,0,0.0,5.0,0,0,37.2,2,24.6,21,2,0,9,9,5.3,8,8.5,4.7,74.2,0,0.0,3,0,0.398,Low,1.0,0.9545454545454546,,synthetic
synth_emp_0182,2026-03-16,Design,Manager,Contractor,48.9,7,7.4,4.7,2,0,0,1,0,5,0,0,2.0,20.0,1,0,43.5,1,4.6,28,8,1,10,7,20.5,6,51.5,2.3,81.5,0,0.0,0,0,0.504,Medium,1.0,0.9545454545454546,,synthetic
synth_emp_0182,2026-03-23,Design,Manager,Contractor,48.9,7,7.2,7.7,0,3,0,2,0,5,0,0,0.0,20.0,0,0,31.2,1,17.4,23,8,2,7,9,22.0,3,47.6,2.7,65.3,0,0.0,3,0,0.63,Medium,1.0,0.9545454545454546,,synthetic
synth_emp_0183,2026-01-05,Sales,Manager,Full-Time,52.7,9,9.6,4.7,0,2,0,2,0,7,0,0,1.0,7.0,1,0,34.2,1,28.8,1,0,0,9,14,38.3,14,46.5,2.2,74.1,0,0.0,3,0,0.445,Medium,1.0,0.9545454545454546,,synthetic
synth_emp_0183,2026-01-12,Sales,Manager,Full-Time,52.7,9,9.1,14.1,1,1,1,2,0,6,0,0,2.0,14.0,0,0,45.7,1,23.0,0,0,0,3,2,12.7,4,67.2,2.1,98.2,0,0.0,3,0,0.786,High,1.0,0.9545454545454546,,synthetic
synth_emp_0183,2026-01-19,Sales,Manager,Full-Time,52.7,9,7.5,10.4,1,0,0,1,0,7,0,0,2.0,14.0,1,0,39.4,1,6.6,14,1,1,5,2,29.7,2,51.3,2.8,60.0,0,0.0,3,0,0.39,Low,1.0,0.9545454545454546,,synthetic
synth_emp_0183,2026-01-26,Sales,Manager,Full-Time,52.7,9,,13.0,3,3,0,1,0,6,0,0,0.0,12.0,1,0,42.7,0,21.2,11,1,0,0,14,27.7,10,65.6,3.6,56.3,0,0.0,3,0,0.346,Low,1.0,0.9318181818181818,,synthetic
synth_emp_0183,2026-02-02,Sales,Manager,Full-Time,52.7,9,6.8,,1,3,0,2,0,4,0,0,2.0,8.0,1,0,48.6,2,28.4,36,12,3,9,10,13.0,4,10.3,3.5,42.7,0,0.0,1,0,0.468,Medium,1.0,0.9318181818181818,,synthetic
synth_emp_0183,2026-02-09,Sales,Manager,Full-Time,52.7,9,9.1,7.0,3,0,1,0,0,6,0,0,0.0,6.0,1,0,32.8,1,5.6,16,4,2,4,1,10.8,10,9.8,3.7,89.6,0,0.0,3,0,0.799,High,1.0,0.9545454545454546,,synthetic
synth_emp_0183,2026-02-16,Sales,Manager,Full-Time,52.7,9,10.0,5.0,0,1,1,2,0,7,0,0,0.0,14.0,1,0,46.3,1,21.6,34,5,4,1,7,6.2,4,38.6,2.2,99.3,0,0.0,3,0,0.721,High,1.0,0.9545454545454546,,synthetic
synth_emp_0183,2026-02-23,Sales,Manager,Full-Time,52.7,9,9.6,11.8,0,2,1,1,0,7,0,0,2.0,15.0,1,0,45.1,0,8.0,10,3,0,1,10,10.6,4,44.1,3.9,81.1,0,0.0,0,0,0.619,Medium,1.0,0.9545454545454546,,synthetic
synth_emp_0183,2026-03-02,Sales,Manager,Full-Time,52.7,9,,3.2,2,2,1,0,0,6,0,0,1.0,13.0,1,0,42.0,2,23.2,40,10,5,0,8,21.9,12,41.7,2.9,74.8,0,0.0,3,0,0.52,Medium,1.0,0.9318181818181818,,synthetic
synth_emp_0183,2026-03-09,Sales,Manager,Full-Time,52.7,9,8.2,8.7,3,0,0,1,0,4,0,0,2.0,16.0,1,0,31.0,2,19.3,39,9,4,1,9,37.0,18,38.4,3.9,51.2,0,0.0,0,0,0.853,High,1.0,0.9545454545454546,,synthetic
synth_emp_0183,2026-03-16,Sales,Manager,Full-Time,52.7,9,8.0,0.8,1,1,0,1,0,7,0,0,1.0,6.0,1,0,32.8,1,17.3,32,11,2,5,0,,7,39.4,2.3,86.7,0,0.0,3,0,0.299,Low,1.0,0.9318181818181818,,synthetic
synth_emp_0183,2026-03-23,Sales,Manager,Full-Time,52.7,9,6.4,5.6,0,2,0,1,0,5,0,0,1.0,13.0,0,0,32.7,0,20.2,15,0,1,1,8,37.1,2,53.9,4.3,95.2,0,0.0,2,0,0.534,Medium,1.0,0.9545454545454546,,synthetic
synth_emp_0184,2026-01-05,Design,Senior,Contractor,1.9,7,8.8,,1,3,1,2,0,7,0,0,0.0,5.0,1,0,48.8,2,9.1,44,1,7,6,2,42.3,0,32.7,4.6,50.3,0,0.0,2,0,0.598,Medium,1.0,0.9318181818181818,,synthetic
synth_emp_0184,2026-01-12,Design,Senior,Contractor,1.9,7,,14.1,0,3,1,1,0,5,0,0,2.0,14.0,0,0,38.0,1,10.1,50,5,2,0,0,,2,12.1,2.0,54.3,0,0.0,1,0,0.331,Low,1.0,0.9090909090909091,,synthetic
synth_emp_0184,2026-01-19,Design,Senior,Contractor,1.9,7,7.7,6.4,1,0,1,2,0,4,0,0,1.0,16.0,0,0,31.7,2,27.0,28,3,1,10,6,18.7,19,1.1,3.6,96.8,0,0.0,0,0,0.362,Low,1.0,0.9545454545454546,,synthetic
synth_emp_0184,2026-01-26,Design,Senior,Contractor,1.9,7,,1.7,1,2,1,1,0,5,0,0,0.0,14.0,1,0,35.6,1,23.1,32,6,6,8,5,23.1,16,53.1,2.7,86.4,0,0.0,1,0,0.647,Medium,1.0,0.9318181818181818,,synthetic
synth_emp_0184,2026-02-02,Design,Senior,Contractor,1.9,7,9.3,9.4,3,1,1,2,0,5,0,0,2.0,10.0,0,0,34.9,0,9.2,19,7,2,0,15,10.6,12,6.1,3.2,76.9,0,0.0,2,0,0.695,Medium,1.0,0.9545454545454546,,synthetic
synth_emp_0184,2026-02-09,Design,Senior,Contractor,1.9,7,7.4,13.7,2,1,1,0,0,7,0,0,2.0,8.0,0,0,35.5,0,18.9,28,2,2,8,11,34.8,2,12.1,3.0,95.8,0,0.0,1,0,0.422,Medium,1.0,0.9545454545454546,,synthetic
synth_emp_0184,2026-02-16,Design,Senior,Contractor,1.9,7,7.6,,1,2,0,1,0,5,0,0,2.0,18.0,1,0,37.5,1,2.1,28,3,2,6,9,35.3,1,19.2,2.9,41.6,0,0.0,0,0,0.117,Low,1.0,0.9318181818181818,,synthetic
synth_emp_0184,2026-02-23,Design,Senior,Contractor,1.9,7,7.2,13.4,3,1,1,1,0,7,0,0,1.0,17.0,0,0,39.9,2,14.4,44,0,8,2,6,3.9,9,55.8,2.5,55.4,0,0.0,3,0,0.515,Medium,1.0,0.9545454545454546,,synthetic
synth_emp_0184,2026-03-02,Design,Senior,Contractor,1.9,7,9.1,,1,3,0,0,0,6,0,0,2.0,19.0,1,0,42.2,2,25.3,34,9,4,10,3,6.8,16,6.2,2.9,91.2,0,0.0,3,0,0.821,High,1.0,0.9318181818181818,,synthetic
synth_emp_0184,2026-03-09,Design,Senior,Contractor,1.9,7,6.5,5.2,1,1,1,2,0,7,0,0,2.0,13.0,0,0,30.6,0,8.3,5,1,0,1,1,27.1,12,25.7,3.2,51.7,0,0.0,3,0,0.442,Medium,1.0,0.9545454545454546,,synthetic
synth_emp_0184,2026-03-16,Design,Senior,Contractor,1.9,7,6.3,5.0,3,2,1,1,0,4,0,0,0.0,18.0,1,0,50.0,0,26.5,7,0,0,2,0,,7,14.7,2.4,99.5,0,0.0,3,0,0.319,Low,1.0,0.9318181818181818,,synthetic
synth_emp_0184,2026-03-23,Design,Senior,Contractor,1.9,7,7.0,3.1,2,2,0,1,0,4,0,0,0.0,5.0,1,0,37.2,2,24.4,30,6,1,3,12,33.3,17,26.1,3.8,61.8,0,0.0,2,0,0.531,Medium,1.0,0.9545454545454546,,synthetic
synth_emp_0185,2026-01-05,Engineering,Senior,Full-Time,4.4,8,9.0,11.0,2,1,1,0,0,4,0,0,1.0,12.0,0,0,33.1,1,24.8,41,6,3,0,11,26.9,5,8.9,3.2,84.9,0,0.0,3,0,0.813,High,1.0,0.9545454545454546,,synthetic
synth_emp_0185,2026-01-12,Engineering,Senior,Full-Time,4.4,8,9.3,8.1,3,2,1,2,0,4,0,0,2.0,20.0,0,0,49.1,1,29.7,42,15,1,10,2,12.7,17,50.6,4.9,88.2,0,0.0,0,0,0.802,High,1.0,0.9545454545454546,,synthetic
synth_emp_0185,2026-01-19,Engineering,Senior,Full-Time,4.4,8,8.2,5.7,2,1,0,0,0,6,0,0,2.0,9.0,1,0,48.9,1,16.4,48,12,7,4,9,28.5,10,57.9,3.3,98.1,0,0.0,0,0,0.685,Medium,1.0,0.9545454545454546,,synthetic
synth_emp_0185,2026-01-26,Engineering,Senior,Full-Time,4.4,8,7.3,8.4,3,3,1,1,0,4,0,0,2.0,7.0,1,0,48.7,0,20.3,4,1,0,9,12,15.1,12,61.6,4.6,57.1,0,0.0,3,0,0.317,Low,1.0,0.9545454545454546,,synthetic
synth_emp_0185,2026-02-02,Engineering,Senior,Full-Time,4.4,8,7.8,10.8,1,0,0,2,0,7,0,0,2.0,14.0,1,0,46.8,0,3.2,9,1,0,4,4,45.4,11,47.3,2.9,74.9,0,0.0,2,0,0.571,Medium,1.0,0.9545454545454546,,synthetic
synth_emp_0185,2026-02-09,Engineering,Senior,Full-Time,4.4,8,8.2,12.4,2,2,1,2,0,6,0,0,1.0,19.0,0,0,41.1,0,10.3,14,3,0,6,12,42.4,14,42.0,3.8,68.1,0,0.0,1,0,0.382,Low,1.0,0.9545454545454546,,synthetic
synth_emp_0185,2026-02-16,Engineering,Senior,Full-Time,4.4,8,7.4,2.8,3,1,0,1,0,6,0,0,2.0,20.0,0,0,49.4,2,13.5,1,0,0,8,7,41.2,14,49.3,3.2,75.0,0,0.0,3,0,0.335,Low,1.0,0.9545454545454546,,synthetic
synth_emp_0185,2026-02-23,Engineering,Senior,Full-Time,4.4,8,9.4,11.9,0,3,1,0,0,4,0,0,1.0,15.0,1,0,49.0,1,24.6,5,1,0,0,7,13.1,13,4.5,2.4,75.3,0,0.0,3,0,0.674,Medium,1.0,0.9545454545454546,,synthetic
synth_emp_0185,2026-03-02,Engineering,Senior,Full-Time,4.4,8,9.5,6.2,1,1,0,0,0,7,0,0,0.0,20.0,0,0,31.3,1,23.9,26,9,0,2,14,37.9,9,14.7,3.7,96.7,0,0.0,1,0,0.801,High,1.0,0.9545454545454546,,synthetic
synth_emp_0185,2026-03-09,Engineering,Senior,Full-Time,4.4,8,6.2,10.3,2,3,0,0,0,5,0,0,2.0,11.0,1,0,43.7,1,2.4,28,1,2,6,11,46.3,8,28.5,3.5,46.5,0,0.0,0,0,0.475,Medium,1.0,0.9545454545454546,,synthetic
synth_emp_0185,2026-03-16,Engineering,Senior,Full-Time,4.4,8,,10.2,2,3,1,2,0,6,0,0,2.0,10.0,0,0,33.0,0,26.0,22,8,2,0,6,2.9,0,55.6,4.8,60.8,0,0.0,3,0,0.528,Medium,1.0,0.9318181818181818,,synthetic
synth_emp_0185,2026-03-23,Engineering,Senior,Full-Time,4.4,8,7.2,4.1,2,1,0,2,0,7,0,0,2.0,19.0,0,0,31.4,1,0.8,40,0,4,6,0,,13,38.3,3.4,87.5,0,0.0,0,0,0.313,Low,1.0,0.9318181818181818,,synthetic
synth_emp_0186,2026-01-05,Marketing,Manager,Contractor,9.4,4,7.9,0.6,0,0,1,2,0,7,0,0,1.0,8.0,0,0,38.4,1,21.1,24,6,2,2,12,38.8,4,69.1,4.6,42.3,0,0.0,3,0,0.431,Medium,1.0,0.9545454545454546,,synthetic
synth_emp_0186,2026-01-12,Marketing,Manager,Contractor,9.4,4,8.7,3.6,2,3,0,1,0,4,0,0,2.0,13.0,1,0,30.1,2,29.5,1,0,0,8,12,39.9,4,19.5,3.3,40.9,0,0.0,3,0,0.481,Medium,1.0,0.9545454545454546,,synthetic
synth_emp_0186,2026-01-19,Marketing,Manager,Contractor,9.4,4,9.4,4.7,3,0,1,0,0,4,0,0,0.0,10.0,0,0,41.7,0,18.6,18,5,2,0,14,39.6,3,66.1,4.9,75.2,0,0.0,3,0,0.413,Medium,1.0,0.9545454545454546,,synthetic
synth_emp_0186,2026-01-26,Marketing,Manager,Contractor,9.4,4,,2.0,3,1,1,2,0,7,0,0,2.0,6.0,1,0,43.2,2,3.4,6,0,1,3,0,,16,39.0,4.8,43.7,0,0.0,0,0,0.392,Low,1.0,0.9090909090909091,,synthetic
synth_emp_0186,2026-02-02,Marketing,Manager,Contractor,9.4,4,8.5,,2,1,0,0,0,6,0,0,2.0,6.0,1,0,33.2,0,3.3,42,15,7,8,2,29.0,14,63.3,3.1,64.7,0,0.0,1,0,0.473,Medium,1.0,0.9318181818181818,,synthetic
synth_emp_0186,2026-02-09,Marketing,Manager,Contractor,9.4,4,6.4,13.9,2,1,0,0,0,6,0,0,2.0,10.0,1,0,35.1,1,0.8,46,0,2,6,9,6.4,13,66.8,4.7,91.1,0,0.0,1,0,0.329,Low,1.0,0.9545454545454546,,synthetic
synth_emp_0186,2026-02-16,Marketing,Manager,Contractor,9.4,4,6.5,7.4,1,2,1,2,0,4,0,0,1.0,12.0,0,0,46.1,0,21.3,24,6,1,2,12,3.6,8,25.9,4.2,86.8,0,0.0,0,0,0.506,Medium,1.0,0.9545454545454546,,synthetic
synth_emp_0186,2026-02-23,Marketing,Manager,Contractor,9.4,4,6.2,8.3,0,1,1,0,0,6,0,0,1.0,11.0,0,0,49.7,0,27.2,7,2,0,5,0,,14,5.2,2.7,61.8,0,0.0,2,0,0.458,Medium,1.0,0.9318181818181818,,synthetic
synth_emp_0186,2026-03-02,Marketing,Manager,Contractor,9.4,4,7.3,,3,0,0,2,0,7,0,0,0.0,7.0,0,0,39.6,0,21.1,46,3,8,1,5,29.1,12,35.7,3.2,81.4,0,0.0,1,0,0.46,Medium,1.0,0.9318181818181818,,synthetic
synth_emp_0186,2026-03-09,Marketing,Manager,Contractor,9.4,4,6.2,4.4,1,1,0,2,0,4,0,0,1.0,12.0,0,0,46.7,0,16.1,2,0,0,4,3,1.3,2,56.5,4.4,54.9,0,0.0,0,0,0.162,Low,1.0,0.9545454545454546,,synthetic
synth_emp_0186,2026-03-16,Marketing,Manager,Contractor,9.4,4,8.8,2.5,3,1,1,1,0,4,0,0,0.0,6.0,1,0,32.8,0,15.2,3,0,0,10,7,28.4,12,36.8,2.1,75.3,0,0.0,0,0,0.343,Low,1.0,0.9545454545454546,,synthetic
synth_emp_0186,2026-03-23,Marketing,Manager,Contractor,9.4,4,7.9,6.9,3,2,0,1,0,5,0,0,2.0,7.0,0,0,48.3,1,25.5,27,3,3,1,14,35.5,7,9.7,4.1,77.6,0,0.0,2,0,0.632,Medium,1.0,0.9545454545454546,,synthetic
synth_emp_0187,2026-01-05,Design,Manager,Contractor,48.7,4,7.4,2.6,2,2,0,0,0,5,0,0,2.0,8.0,1,0,31.9,0,26.8,14,1,0,10,5,18.2,14,20.4,3.0,44.8,0,0.0,3,0,0.267,Low,1.0,0.9545454545454546,,synthetic
synth_emp_0187,2026-01-12,Design,Manager,Contractor,48.7,4,9.3,8.4,3,2,0,2,0,4,0,0,2.0,19.0,1,0,40.7,1,5.7,28,7,4,4,10,12.4,15,38.2,4.4,83.0,0,0.0,0,0,1.0,High,1.0,0.9545454545454546,,synthetic
synth_emp_0187,2026-01-19,Design,Manager,Contractor,48.7,4,8.7,6.4,3,1,0,1,0,4,0,0,2.0,16.0,0,0,37.8,2,3.4,7,2,0,9,15,12.6,0,36.0,3.9,94.2,0,0.0,2,0,0.799,High,1.0,0.9545454545454546,,synthetic
synth_emp_0187,2026-01-26,Design,Manager,Contractor,48.7,4,8.8,8.6,0,0,1,2,0,6,0,0,2.0,14.0,0,0,49.4,0,8.1,11,1,0,6,13,3.6,14,9.5,2.7,63.0,0,0.0,2,0,0.741,High,1.0,0.9545454545454546,,synthetic
synth_emp_0187,2026-02-02,Design,Manager,Contractor,48.7,4,8.0,8.7,1,1,1,0,0,6,0,0,2.0,16.0,0,0,34.7,0,2.1,49,10,3,6,10,25.8,19,27.5,2.8,48.0,0,0.0,1,0,0.769,High,1.0,0.9545454545454546,,synthetic
synth_emp_0187,2026-02-09,Design,Manager,Contractor,48.7,4,8.3,1.8,3,3,0,0,0,6,0,0,0.0,20.0,0,0,40.0,2,20.4,39,7,4,2,6,31.7,14,61.0,4.2,83.5,0,0.0,3,0,0.549,Medium,1.0,0.9545454545454546,,synthetic
synth_emp_0187,2026-02-16,Design,Manager,Contractor,48.7,4,7.1,11.0,2,3,1,2,0,7,0,0,1.0,16.0,1,0,48.6,1,0.0,50,11,9,6,8,1.4,16,68.8,3.8,58.0,0,0.0,2,0,0.661,Medium,1.0,0.9545454545454546,,synthetic
synth_emp_0187,2026-02-23,Design,Manager,Contractor,48.7,4,8.1,3.5,3,1,0,2,0,5,0,0,2.0,11.0,0,0,48.4,0,20.8,40,15,0,5,3,31.3,13,45.5,3.0,93.2,0,0.0,1,0,0.501,Medium,1.0,0.9545454545454546,,synthetic
synth_emp_0187,2026-03-02,Design,Manager,Contractor,48.7,4,8.1,6.1,1,3,1,0,0,7,0,0,2.0,15.0,0,0,45.6,1,22.4,3,0,0,1,2,28.1,16,59.2,2.1,78.6,0,0.0,3,0,0.565,Medium,1.0,0.9545454545454546,,synthetic
synth_emp_0187,2026-03-09,Design,Manager,Contractor,48.7,4,6.1,7.7,1,2,1,1,0,5,0,0,0.0,18.0,1,0,46.5,2,0.1,33,3,3,2,9,3.5,7,24.8,4.6,83.7,0,0.0,0,0,0.517,Medium,1.0,0.9545454545454546,,synthetic
synth_emp_0187,2026-03-16,Design,Manager,Contractor,48.7,4,8.3,13.3,2,0,0,0,0,7,0,0,0.0,5.0,1,0,48.0,2,2.6,7,2,0,7,2,12.3,20,41.8,4.0,82.5,0,0.0,3,0,0.544,Medium,1.0,0.9545454545454546,,synthetic
synth_emp_0187,2026-03-23,Design,Manager,Contractor,48.7,4,9.9,8.9,2,2,0,1,0,7,0,0,1.0,15.0,0,0,42.2,1,12.1,29,6,5,3,14,19.7,15,15.8,2.7,40.6,0,0.0,1,0,0.955,High,1.0,0.9545454545454546,,synthetic
synth_emp_0188,2026-01-05,Engineering,Senior,Contractor,6.8,9,6.6,9.8,0,2,0,0,0,4,0,0,0.0,9.0,1,0,32.7,1,19.9,23,2,2,8,1,47.1,3,39.0,4.2,57.5,0,0.0,2,0,0.573,Medium,1.0,0.9545454545454546,,synthetic
synth_emp_0188,2026-01-12,Engineering,Senior,Contractor,6.8,9,7.7,3.5,3,2,0,1,0,5,0,0,1.0,12.0,1,0,37.0,1,12.8,2,0,0,2,7,30.9,4,11.8,3.6,82.5,0,0.0,3,0,0.242,Low,1.0,0.9545454545454546,,synthetic
synth_emp_0188,2026-01-19,Engineering,Senior,Contractor,6.8,9,7.6,,0,1,1,0,0,5,0,0,1.0,8.0,1,0,32.0,0,16.3,39,7,6,5,0,,19,59.6,2.9,43.5,0,0.0,3,0,0.573,Medium,1.0,0.9090909090909091,,synthetic
synth_emp_0188,2026-01-26,Engineering,Senior,Contractor,6.8,9,6.0,8.4,3,3,1,1,0,7,0,0,0.0,10.0,0,0,35.8,0,29.5,17,4,2,5,10,43.5,4,13.7,2.1,57.6,0,0.0,0,0,0.523,Medium,1.0,0.9545454545454546,,synthetic
synth_emp_0188,2026-02-02,Engineering,Senior,Contractor,6.8,9,7.9,10.8,0,2,0,1,0,5,0,0,0.0,5.0,0,0,35.9,0,20.2,17,1,0,8,3,22.3,20,26.5,3.4,70.7,0,0.0,1,0,0.533,Medium,1.0,0.9545454545454546,,synthetic
synth_emp_0188,2026-02-09,Engineering,Senior,Contractor,6.8,9,8.7,6.7,1,3,0,2,0,7,0,0,1.0,13.0,1,0,40.3,2,10.8,13,0,1,10,7,15.5,11,65.4,2.5,72.0,0,0.0,1,0,0.53,Medium,1.0,0.9545454545454546,,synthetic
synth_emp_0188,2026-02-16,Engineering,Senior,Contractor,6.8,9,7.3,8.6,2,1,1,0,0,6,0,0,0.0,5.0,1,0,41.2,1,21.9,7,0,0,6,9,12.3,8,47.2,4.8,57.9,0,0.0,1,0,0.579,Medium,1.0,0.9545454545454546,,synthetic
synth_emp_0188,2026-02-23,Engineering,Senior,Contractor,6.8,9,9.2,8.5,0,0,1,1,0,4,0,0,2.0,5.0,1,0,34.0,1,15.6,43,6,1,5,15,16.3,8,25.7,3.9,93.8,0,0.0,1,0,0.796,High,1.0,0.9545454545454546,,synthetic
synth_emp_0188,2026-03-02,Engineering,Senior,Contractor,6.8,9,8.4,7.2,3,1,1,0,0,6,0,0,0.0,12.0,1,0,36.2,0,5.5,16,3,2,5,1,29.4,11,19.6,3.5,43.2,0,0.0,2,0,0.406,Medium,1.0,0.9545454545454546,,synthetic
synth_emp_0188,2026-03-09,Engineering,Senior,Contractor,6.8,9,9.7,3.6,0,0,0,1,0,6,0,0,1.0,6.0,1,0,37.8,1,10.8,12,2,0,4,7,14.7,20,42.2,2.1,65.4,0,0.0,3,0,0.346,Low,1.0,0.9545454545454546,,synthetic
synth_emp_0188,2026-03-16,Engineering,Senior,Contractor,6.8,9,6.8,6.2,0,2,1,1,0,6,0,0,0.0,18.0,0,0,46.1,0,2.4,3,0,0,10,14,46.3,6,6.2,2.5,44.5,0,0.0,0,0,0.555,Medium,1.0,0.9545454545454546,,synthetic
synth_emp_0188,2026-03-23,Engineering,Senior,Contractor,6.8,9,6.5,0.6,3,3,0,2,0,7,0,0,2.0,19.0,0,0,43.9,1,25.9,34,6,1,6,0,,16,47.9,2.9,52.0,0,0.0,1,0,0.516,Medium,1.0,0.9318181818181818,,synthetic
synth_emp_0189,2026-01-05,Engineering,Lead,Contractor,2.9,11,9.6,,0,2,1,0,0,5,0,0,1.0,17.0,1,0,39.6,0,15.5,11,2,1,4,1,5.6,7,43.1,4.4,91.4,0,0.0,1,0,0.574,Medium,1.0,0.9318181818181818,,synthetic
synth_emp_0189,2026-01-12,Engineering,Lead,Contractor,2.9,11,8.9,,1,0,0,0,0,5,0,0,0.0,6.0,0,0,30.2,2,18.2,21,6,2,6,11,25.3,17,69.1,4.6,43.6,0,0.0,0,0,0.621,Medium,1.0,0.9318181818181818,,synthetic
synth_emp_0189,2026-01-19,Engineering,Lead,Contractor,2.9,11,8.0,5.5,3,3,0,1,0,5,0,0,1.0,18.0,0,0,35.9,0,12.4,22,0,0,7,2,39.7,0,59.7,3.9,81.9,0,0.0,0,0,0.58,Medium,1.0,0.9545454545454546,,synthetic
synth_emp_0189,2026-01-26,Engineering,Lead,Contractor,2.9,11,,,1,2,1,1,0,6,0,0,1.0,13.0,0,0,37.4,1,10.2,40,14,5,3,12,42.9,2,32.5,4.3,96.1,0,0.0,0,0,0.585,Medium,1.0,0.9090909090909091,,synthetic
synth_emp_0189,2026-02-02,Engineering,Lead,Contractor,2.9,11,6.9,5.4,2,0,0,0,0,4,0,0,0.0,10.0,1,0,33.5,0,24.1,22,3,3,7,15,9.9,14,27.7,2.1,97.7,0,0.0,1,0,0.527,Medium,1.0,0.9545454545454546,,synthetic
synth_emp_0189,2026-02-09,Engineering,Lead,Contractor,2.9,11,8.3,7.1,2,1,0,1,0,5,0,0,1.0,13.0,0,0,31.6,2,18.7,30,3,0,0,4,35.3,9,70.8,3.4,83.4,0,0.0,0,0,0.393,Low,1.0,0.9545454545454546,,synthetic
synth_emp_0189,2026-02-16,Engineering,Lead,Contractor,2.9,11,7.9,9.5,1,1,1,2,0,6,0,0,0.0,14.0,1,0,42.9,1,0.1,33,12,5,7,2,30.6,7,63.0,2.6,93.5,0,0.0,3,0,0.715,High,1.0,0.9545454545454546,,synthetic
synth_emp_0189,2026-02-23,Engineering,Lead,Contractor,2.9,11,,7.7,2,3,0,1,0,6,0,0,1.0,17.0,0,0,46.1,1,11.5,45,4,1,7,11,36.1,8,41.4,4.6,74.1,0,0.0,1,0,0.449,Medium,1.0,0.9318181818181818,,synthetic
synth_emp_0189,2026-03-02,Engineering,Lead,Contractor,2.9,11,,,0,2,1,2,0,4,0,0,0.0,11.0,1,0,46.0,2,16.8,49,7,8,6,2,47.0,12,3.3,4.0,98.7,0,0.0,1,0,0.588,Medium,1.0,0.9090909090909091,,synthetic
synth_emp_0189,2026-03-09,Engineering,Lead,Contractor,2.9,11,9.8,3.7,2,2,1,0,0,5,0,0,0.0,20.0,1,0,40.9,0,1.7,37,4,1,1,10,34.7,20,16.2,2.5,68.2,0,0.0,3,0,0.473,Medium,1.0,0.9545454545454546,,synthetic
synth_emp_0189,2026-03-16,Engineering,Lead,Contractor,2.9,11,8.0,4.2,2,0,1,0,0,5,0,0,0.0,7.0,1,0,36.8,1,25.2,14,2,1,7,8,34.2,12,27.2,3.6,97.5,0,0.0,2,0,0.304,Low,1.0,0.9545454545454546,,synthetic
synth_emp_0189,2026-03-23,Engineering,Lead,Contractor,2.9,11,6.3,14.6,3,2,0,0,0,5,0,0,1.0,6.0,0,0,39.6,0,9.1,50,7,6,7,2,38.1,5,63.5,2.5,80.5,0,0.0,2,0,0.644,Medium,1.0,0.9545454545454546,,synthetic
synth_emp_0190,2026-01-05,Design,Mid,Full-Time,34.3,8,,4.4,2,1,0,2,0,6,0,0,0.0,5.0,1,0,45.2,1,20.8,6,1,0,9,10,13.2,18,3.6,3.9,67.8,0,0.0,3,0,0.103,Low,1.0,0.9318181818181818,,synthetic
synth_emp_0190,2026-01-12,Design,Mid,Full-Time,34.3,8,8.3,,3,0,1,1,0,6,0,0,2.0,8.0,1,0,47.0,0,12.7,6,0,1,5,0,,13,34.5,4.0,71.6,0,0.0,3,0,0.393,Low,1.0,0.9090909090909091,,synthetic
synth_emp_0190,2026-01-19,Design,Mid,Full-Time,34.3,8,9.2,4.9,2,1,1,1,0,6,0,0,0.0,7.0,1,0,49.0,1,28.0,46,7,1,1,6,46.4,11,67.8,3.2,87.1,0,0.0,2,0,0.748,High,1.0,0.9545454545454546,,synthetic
synth_emp_0190,2026-01-26,Design,Mid,Full-Time,34.3,8,,9.6,1,2,0,2,0,6,0,0,0.0,13.0,1,0,47.3,1,11.2,5,0,0,10,15,47.2,3,50.4,3.1,59.0,0,0.0,0,0,0.461,Medium,1.0,0.9318181818181818,,synthetic
synth_emp_0190,2026-02-02,Design,Mid,Full-Time,34.3,8,6.4,3.0,3,2,1,0,0,5,0,0,2.0,16.0,1,0,30.4,0,12.7,46,5,1,4,12,27.1,11,5.7,2.4,83.9,0,0.0,0,0,0.284,Low,1.0,0.9545454545454546,,synthetic
synth_emp_0190,2026-02-09,Design,Mid,Full-Time,34.3,8,8.1,14.0,3,3,0,1,0,4,0,0,2.0,17.0,0,0,44.7,1,4.3,39,10,1,9,6,26.0,5,11.7,4.3,74.1,0,0.0,2,0,0.721,High,1.0,0.9545454545454546,,synthetic
synth_emp_0190,2026-02-16,Design,Mid,Full-Time,34.3,8,7.7,0.1,1,0,1,1,0,7,0,0,1.0,13.0,0,0,37.3,2,14.9,36,7,2,0,5,34.5,7,33.4,4.0,68.4,0,0.0,2,0,0.289,Low,1.0,0.9545454545454546,,synthetic
synth_emp_0190,2026-02-23,Design,Mid,Full-Time,34.3,8,9.2,0.9,1,2,0,1,0,4,0,0,1.0,18.0,1,0,33.0,1,4.1,32,9,3,9,0,,2,65.6,4.8,65.7,0,0.0,1,0,0.815,High,1.0,0.9318181818181818,,synthetic
synth_emp_0190,2026-03-02,Design,Mid,Full-Time,34.3,8,8.5,0.4,1,1,1,2,0,7,0,0,0.0,19.0,1,0,30.8,0,9.5,17,5,1,2,0,,9,49.7,5.0,57.0,0,0.0,0,0,0.15,Low,1.0,0.9318181818181818,,synthetic
synth_emp_0190,2026-03-09,Design,Mid,Full-Time,34.3,8,,9.3,2,0,0,2,0,5,0,0,2.0,15.0,1,0,32.9,0,23.8,13,4,0,8,6,47.8,6,8.7,4.6,91.2,0,0.0,0,0,0.442,Medium,1.0,0.9318181818181818,,synthetic
synth_emp_0190,2026-03-16,Design,Mid,Full-Time,34.3,8,7.1,,2,2,0,2,0,5,0,0,1.0,16.0,1,0,40.4,2,2.9,29,1,4,7,6,42.4,8,36.9,4.0,87.4,0,0.0,3,0,0.53,Medium,1.0,0.9318181818181818,,synthetic
synth_emp_0190,2026-03-23,Design,Mid,Full-Time,34.3,8,7.0,2.6,2,3,1,1,0,4,0,0,2.0,20.0,1,0,32.8,1,24.4,10,3,0,8,8,8.3,17,64.7,2.9,43.2,0,0.0,3,0,0.2,Low,1.0,0.9545454545454546,,synthetic
synth_emp_0191,2026-01-05,Marketing,Junior,Full-Time,16.9,3,,0.6,3,0,1,1,0,5,0,0,2.0,8.0,0,0,41.7,1,18.3,6,0,0,2,3,40.1,13,53.1,2.3,73.7,0,0.0,3,0,0.132,Low,1.0,0.9318181818181818,,synthetic
synth_emp_0191,2026-01-12,Marketing,Junior,Full-Time,16.9,3,6.1,,2,1,0,2,0,6,0,0,2.0,14.0,0,0,43.3,1,25.8,12,0,0,6,1,44.1,9,11.5,3.7,63.6,0,0.0,0,0,0.139,Low,1.0,0.9318181818181818,,synthetic
synth_emp_0191,2026-01-19,Marketing,Junior,Full-Time,16.9,3,8.0,11.9,3,0,1,0,0,6,0,0,1.0,17.0,0,0,30.3,1,8.4,48,8,7,4,15,32.6,11,34.8,3.7,44.6,0,0.0,3,0,0.62,Medium,1.0,0.9545454545454546,,synthetic
synth_emp_0191,2026-01-26,Marketing,Junior,Full-Time,16.9,3,6.8,12.8,0,1,1,2,0,7,0,0,1.0,9.0,0,0,39.9,0,15.5,4,0,0,3,3,13.7,18,21.7,3.4,91.0,0,0.0,1,0,0.439,Medium,1.0,0.9545454545454546,,synthetic
synth_emp_0191,2026-02-02,Marketing,Junior,Full-Time,16.9,3,6.6,6.2,3,0,1,2,0,6,0,0,0.0,5.0,1,0,47.0,2,17.1,19,5,2,2,4,40.0,8,9.3,2.7,56.9,0,0.0,2,0,0.394,Low,1.0,0.9545454545454546,,synthetic
synth_emp_0191,2026-02-09,Marketing,Junior,Full-Time,16.9,3,7.6,9.1,3,1,0,1,0,7,0,0,1.0,20.0,1,0,42.0,1,26.8,5,1,0,7,2,7.1,11,30.7,3.1,65.3,0,0.0,3,0,0.576,Medium,1.0,0.9545454545454546,,synthetic
synth_emp_0191,2026-02-16,Marketing,Junior,Full-Time,16.9,3,7.8,8.6,2,0,0,0,0,6,0,0,0.0,10.0,0,0,38.5,2,7.7,5,0,0,5,3,19.2,6,50.8,4.6,57.0,0,0.0,2,0,0.475,Medium,1.0,0.9545454545454546,,synthetic
synth_emp_0191,2026-02-23,Marketing,Junior,Full-Time,16.9,3,6.5,1.4,0,2,0,2,0,5,0,0,1.0,16.0,0,0,45.3,1,17.4,1,0,0,5,10,45.4,19,48.3,3.6,53.6,0,0.0,3,0,0.113,Low,1.0,0.9545454545454546,,synthetic
synth_emp_0191,2026-03-02,Marketing,Junior,Full-Time,16.9,3,8.5,0.5,3,2,0,2,0,6,0,0,0.0,11.0,1,0,35.4,1,3.4,20,3,2,6,8,4.8,8,3.7,4.2,76.5,0,0.0,2,0,0.263,Low,1.0,0.9545454545454546,,synthetic
synth_emp_0191,2026-03-09,Marketing,Junior,Full-Time,16.9,3,8.9,0.7,0,1,0,1,0,6,0,0,2.0,16.0,1,0,41.4,0,27.4,43,9,5,1,0,,19,50.3,2.3,63.5,0,0.0,2,0,0.883,High,1.0,0.9318181818181818,,synthetic
synth_emp_0191,2026-03-16,Marketing,Junior,Full-Time,16.9,3,6.9,1.8,0,1,0,2,0,6,0,0,0.0,11.0,1,0,31.4,1,8.0,5,0,0,9,0,,3,34.4,2.5,44.2,0,0.0,3,0,0.161,Low,1.0,0.9318181818181818,,synthetic
synth_emp_0191,2026-03-23,Marketing,Junior,Full-Time,16.9,3,7.2,8.2,3,1,1,0,0,4,0,0,1.0,12.0,1,0,30.3,0,11.2,4,0,0,8,9,43.1,8,25.9,4.6,61.8,0,0.0,3,0,0.423,Medium,1.0,0.9545454545454546,,synthetic
synth_emp_0192,2026-01-05,Marketing,Mid,Full-Time,12.7,4,6.8,11.7,3,3,0,2,0,4,0,0,0.0,17.0,0,0,31.6,0,17.8,46,16,1,4,6,12.6,0,55.2,2.0,90.4,0,0.0,2,0,0.65,Medium,1.0,0.9545454545454546,,synthetic
synth_emp_0192,2026-01-12,Marketing,Mid,Full-Time,12.7,4,6.5,5.1,1,3,0,0,0,7,0,0,1.0,8.0,0,0,47.0,0,11.1,35,3,3,3,8,44.9,7,68.6,4.7,56.5,0,0.0,3,0,0.562,Medium,1.0,0.9545454545454546,,synthetic
synth_emp_0192,2026-01-19,Marketing,Mid,Full-Time,12.7,4,8.0,6.7,1,3,1,0,0,5,0,0,0.0,15.0,1,0,42.2,1,0.1,22,3,2,3,10,46.0,1,50.9,3.8,68.9,0,0.0,1,0,0.378,Low,1.0,0.9545454545454546,,synthetic
synth_emp_0192,2026-01-26,Marketing,Mid,Full-Time,12.7,4,9.8,4.7,1,3,0,2,0,7,0,0,0.0,11.0,1,0,36.7,1,0.7,50,4,4,10,14,9.7,2,13.9,2.9,90.9,0,0.0,2,0,0.724,High,1.0,0.9545454545454546,,synthetic
synth_emp_0192,2026-02-02,Marketing,Mid,Full-Time,12.7,4,9.2,9.3,1,0,1,1,0,6,0,0,2.0,17.0,0,0,35.9,0,16.7,36,3,6,7,5,24.8,9,22.7,3.4,41.1,0,0.0,2,0,0.874,High,1.0,0.9545454545454546,,synthetic
synth_emp_0192,2026-02-09,Marketing,Mid,Full-Time,12.7,4,6.8,7.8,1,1,1,0,0,7,0,0,2.0,14.0,0,0,45.2,0,17.7,10,2,1,3,4,13.2,19,28.6,3.2,48.7,0,0.0,3,0,0.524,Medium,1.0,0.9545454545454546,,synthetic
synth_emp_0192,2026-02-16,Marketing,Mid,Full-Time,12.7,4,8.8,1.6,2,3,0,0,0,4,0,0,2.0,18.0,1,0,37.2,0,14.2,8,1,0,9,15,13.7,9,66.8,2.3,77.9,0,0.0,3,0,0.537,Medium,1.0,0.9545454545454546,,synthetic
synth_emp_0192,2026-02-23,Marketing,Mid,Full-Time,12.7,4,9.9,12.5,0,2,0,2,0,5,0,0,1.0,14.0,1,0,43.6,1,4.8,8,1,0,1,11,29.2,3,39.5,5.0,91.8,0,0.0,0,0,0.786,High,1.0,0.9545454545454546,,synthetic
synth_emp_0192,2026-03-02,Marketing,Mid,Full-Time,12.7,4,6.5,11.7,0,3,0,1,0,5,0,0,2.0,13.0,1,0,48.3,0,28.6,0,0,0,1,2,33.0,20,58.3,4.5,55.9,0,0.0,2,0,0.536,Medium,1.0,0.9545454545454546,,synthetic
synth_emp_0192,2026-03-09,Marketing,Mid,Full-Time,12.7,4,6.4,8.1,3,2,1,1,0,6,0,0,1.0,12.0,1,0,36.8,2,6.5,38,8,0,7,3,30.7,0,22.5,2.1,49.8,0,0.0,3,0,0.652,Medium,1.0,0.9545454545454546,,synthetic
synth_emp_0192,2026-03-16,Marketing,Mid,Full-Time,12.7,4,8.6,0.3,2,0,0,2,0,7,0,0,2.0,15.0,0,0,42.4,2,28.8,50,10,1,10,4,0.9,5,50.9,3.1,55.9,0,0.0,2,0,0.729,High,1.0,0.9545454545454546,,synthetic
synth_emp_0192,2026-03-23,Marketing,Mid,Full-Time,12.7,4,8.3,12.3,1,1,1,1,0,4,0,0,0.0,16.0,1,0,37.1,1,27.4,23,5,3,4,10,37.3,4,12.2,2.1,57.7,0,0.0,3,0,0.557,Medium,1.0,0.9545454545454546,,synthetic
synth_emp_0193,2026-01-05,Product,Manager,Full-Time,12.0,11,9.5,6.7,3,1,0,0,0,4,0,0,0.0,7.0,1,0,31.7,2,10.6,15,3,2,5,7,22.2,15,57.4,2.6,75.7,0,0.0,2,0,0.753,High,1.0,0.9545454545454546,,synthetic
synth_emp_0193,2026-01-12,Product,Manager,Full-Time,12.0,11,6.5,1.9,3,1,1,1,0,7,0,0,0.0,12.0,0,0,34.3,1,7.3,22,6,2,8,15,13.3,13,48.4,2.2,63.2,0,0.0,3,0,0.417,Medium,1.0,0.9545454545454546,,synthetic
synth_emp_0193,2026-01-19,Product,Manager,Full-Time,12.0,11,8.7,7.5,2,2,0,0,0,7,0,0,1.0,8.0,1,0,33.1,1,26.6,1,0,0,0,2,25.7,0,18.5,2.9,40.0,0,0.0,2,0,0.666,Medium,1.0,0.9545454545454546,,synthetic
synth_emp_0193,2026-01-26,Product,Manager,Full-Time,12.0,11,9.8,12.1,2,3,1,1,0,4,0,0,0.0,20.0,0,0,38.5,2,29.9,28,0,1,0,2,23.1,15,47.9,2.2,50.4,0,0.0,2,0,0.677,Medium,1.0,0.9545454545454546,,synthetic
synth_emp_0193,2026-02-02,Product,Manager,Full-Time,12.0,11,7.2,1.5,3,1,0,0,0,6,0,0,2.0,7.0,0,0,34.6,0,26.8,21,5,0,10,8,30.4,7,43.2,2.6,44.5,0,0.0,3,0,0.337,Low,1.0,0.9545454545454546,,synthetic
synth_emp_0193,2026-02-09,Product,Manager,Full-Time,12.0,11,7.3,12.1,0,3,0,2,0,7,0,0,0.0,11.0,1,0,47.2,1,11.5,22,7,0,7,6,13.0,0,47.7,3.7,43.7,0,0.0,0,0,0.688,Medium,1.0,0.9545454545454546,,synthetic
synth_emp_0193,2026-02-16,Product,Manager,Full-Time,12.0,11,9.7,0.9,2,0,0,2,0,6,0,0,2.0,13.0,0,0,39.1,0,8.2,26,3,1,8,2,26.2,18,64.0,4.5,59.3,0,0.0,0,0,0.353,Low,1.0,0.9545454545454546,,synthetic
synth_emp_0193,2026-02-23,Product,Manager,Full-Time,12.0,11,9.0,6.5,0,1,1,0,0,6,0,0,2.0,8.0,0,0,38.3,2,17.0,22,7,1,6,4,14.3,11,39.3,2.7,96.8,0,0.0,1,0,0.863,High,1.0,0.9545454545454546,,synthetic
synth_emp_0193,2026-03-02,Product,Manager,Full-Time,12.0,11,8.1,10.9,3,2,1,1,0,6,0,0,1.0,6.0,0,0,47.6,2,11.2,39,6,3,9,10,19.9,18,31.5,3.7,50.8,0,0.0,1,0,0.815,High,1.0,0.9545454545454546,,synthetic
synth_emp_0193,2026-03-09,Product,Manager,Full-Time,12.0,11,7.0,12.1,2,2,1,2,0,6,0,0,1.0,6.0,0,0,46.2,0,1.8,41,12,4,7,6,0.7,3,63.4,4.4,79.3,0,0.0,2,0,0.796,High,1.0,0.9545454545454546,,synthetic
synth_emp_0193,2026-03-16,Product,Manager,Full-Time,12.0,11,6.1,14.0,0,0,0,2,0,4,0,0,2.0,12.0,1,0,40.6,0,3.3,35,5,5,4,2,24.6,14,1.2,4.0,56.1,0,0.0,2,0,0.583,Medium,1.0,0.9545454545454546,,synthetic
synth_emp_0193,2026-03-23,Product,Manager,Full-Time,12.0,11,9.4,14.9,0,2,0,0,0,4,0,0,2.0,13.0,1,0,44.5,2,23.6,43,2,3,6,4,4.7,11,64.8,3.6,96.2,0,0.0,0,0,0.898,High,1.0,0.9545454545454546,,synthetic
synth_emp_0194,2026-01-05,Marketing,Senior,Contractor,6.2,9,9.5,,0,2,0,1,0,7,0,0,0.0,10.0,0,0,40.1,1,28.3,0,0,0,6,15,31.0,18,69.5,4.1,44.7,0,0.0,2,0,0.39,Low,1.0,0.9318181818181818,,synthetic
synth_emp_0194,2026-01-12,Marketing,Senior,Contractor,6.2,9,7.4,1.1,0,0,0,1,0,7,0,0,1.0,12.0,0,0,31.9,0,24.5,2,0,0,5,4,22.5,6,56.6,5.0,59.1,0,0.0,1,0,0.359,Low,1.0,0.9545454545454546,,synthetic
synth_emp_0194,2026-01-19,Marketing,Senior,Contractor,6.2,9,9.8,10.4,2,3,1,0,0,5,0,0,2.0,19.0,0,0,32.1,2,4.3,22,5,2,0,8,2.4,14,27.8,4.3,80.9,0,0.0,2,0,0.506,Medium,1.0,0.9545454545454546,,synthetic
synth_emp_0194,2026-01-26,Marketing,Senior,Contractor,6.2,9,9.1,13.4,1,2,0,2,0,7,0,0,1.0,18.0,1,0,39.6,0,3.9,34,8,4,5,14,47.7,8,42.7,3.1,94.0,0,0.0,3,0,0.814,High,1.0,0.9545454545454546,,synthetic
synth_emp_0194,2026-02-02,Marketing,Senior,Contractor,6.2,9,6.7,3.2,0,1,0,1,0,7,0,0,0.0,17.0,1,0,40.4,2,5.4,48,15,8,3,6,26.6,8,13.0,3.7,43.5,0,0.0,2,0,0.508,Medium,1.0,0.9545454545454546,,synthetic
synth_emp_0194,2026-02-09,Marketing,Senior,Contractor,6.2,9,8.2,4.4,2,1,0,0,0,4,0,0,2.0,12.0,0,0,44.7,1,8.9,25,8,3,1,12,47.9,15,44.0,5.0,58.0,0,0.0,2,0,0.558,Medium,1.0,0.9545454545454546,,synthetic
synth_emp_0194,2026-02-16,Marketing,Senior,Contractor,6.2,9,9.5,4.2,2,0,1,0,0,4,0,0,1.0,17.0,1,0,46.9,1,1.6,26,1,0,0,9,33.0,7,16.5,3.8,55.4,0,0.0,3,0,0.527,Medium,1.0,0.9545454545454546,,synthetic
synth_emp_0194,2026-02-23,Marketing,Senior,Contractor,6.2,9,6.5,13.6,0,2,1,2,0,4,0,0,0.0,8.0,1,0,31.0,2,15.1,27,8,3,7,0,,4,20.6,4.9,68.6,0,0.0,1,0,0.712,High,1.0,0.9318181818181818,,synthetic
synth_emp_0194,2026-03-02,Marketing,Senior,Contractor,6.2,9,,14.1,3,3,0,1,0,6,0,0,2.0,18.0,0,0,31.8,1,21.4,28,9,0,0,12,40.1,16,27.4,3.7,85.5,0,0.0,0,0,0.577,Medium,1.0,0.9318181818181818,,synthetic
synth_emp_0194,2026-03-09,Marketing,Senior,Contractor,6.2,9,8.8,6.6,2,1,1,0,0,7,0,0,0.0,18.0,1,0,31.2,2,12.9,31,9,3,3,3,7.3,15,11.0,2.1,44.1,0,0.0,3,0,0.82,High,1.0,0.9545454545454546,,synthetic
synth_emp_0194,2026-03-16,Marketing,Senior,Contractor,6.2,9,8.6,3.9,3,1,1,2,0,4,0,0,0.0,5.0,0,0,36.1,0,26.5,5,0,0,2,10,26.8,11,46.6,3.2,46.9,0,0.0,2,0,0.51,Medium,1.0,0.9545454545454546,,synthetic
synth_emp_0194,2026-03-23,Marketing,Senior,Contractor,6.2,9,9.0,12.9,3,1,1,0,0,6,0,0,1.0,17.0,0,0,30.6,0,1.0,15,0,1,10,2,44.9,2,41.7,4.2,91.4,0,0.0,3,0,0.65,Medium,1.0,0.9545454545454546,,synthetic
synth_emp_0195,2026-01-05,Engineering,Manager,Full-Time,43.2,12,7.7,6.4,0,3,1,0,0,5,0,0,1.0,14.0,0,0,37.7,0,5.3,24,7,1,1,0,,9,12.8,4.0,89.6,0,0.0,3,0,0.651,Medium,1.0,0.9318181818181818,,synthetic
synth_emp_0195,2026-01-12,Engineering,Manager,Full-Time,43.2,12,9.9,14.5,1,0,0,0,0,7,0,0,0.0,5.0,0,0,43.7,0,23.9,43,1,2,10,10,39.2,5,59.0,4.4,75.4,0,0.0,2,0,0.548,Medium,1.0,0.9545454545454546,,synthetic
synth_emp_0195,2026-01-19,Engineering,Manager,Full-Time,43.2,12,6.9,6.9,2,2,0,0,0,7,0,0,0.0,15.0,1,0,44.9,0,14.9,27,10,4,4,9,31.1,18,22.2,2.2,98.8,0,0.0,0,0,0.606,Medium,1.0,0.9545454545454546,,synthetic
synth_emp_0195,2026-01-26,Engineering,Manager,Full-Time,43.2,12,8.1,3.8,2,1,0,2,0,6,0,0,0.0,13.0,0,0,47.9,1,22.1,20,2,2,2,4,39.6,11,63.5,3.6,65.9,0,0.0,0,0,0.197,Low,1.0,0.9545454545454546,,synthetic
synth_emp_0195,2026-02-02,Engineering,Manager,Full-Time,43.2,12,8.9,3.2,1,3,0,0,0,7,0,0,1.0,6.0,0,0,44.8,0,28.4,22,3,3,5,7,5.6,20,13.5,4.8,44.6,0,0.0,0,0,0.487,Medium,1.0,0.9545454545454546,,synthetic
synth_emp_0195,2026-02-09,Engineering,Manager,Full-Time,43.2,12,,0.4,1,1,0,0,0,4,0,0,0.0,7.0,1,0,46.4,0,4.9,36,7,4,8,1,24.6,4,40.9,3.2,95.2,0,0.0,0,0,0.575,Medium,1.0,0.9318181818181818,,synthetic
synth_emp_0195,2026-02-16,Engineering,Manager,Full-Time,43.2,12,7.1,4.8,2,0,1,2,0,7,0,0,1.0,18.0,0,0,39.1,2,14.8,41,13,7,0,13,9.0,5,20.8,3.3,56.4,0,0.0,1,0,0.563,Medium,1.0,0.9545454545454546,,synthetic
synth_emp_0195,2026-02-23,Engineering,Manager,Full-Time,43.2,12,9.7,14.8,1,3,0,0,0,4,0,0,1.0,16.0,1,0,49.7,0,27.8,46,7,4,10,0,,8,40.4,3.7,45.4,0,0.0,3,0,1.0,High,1.0,0.9318181818181818,,synthetic
synth_emp_0195,2026-03-02,Engineering,Manager,Full-Time,43.2,12,8.3,12.2,2,3,1,2,0,4,0,0,1.0,6.0,0,0,46.7,2,25.5,25,1,3,5,3,16.5,8,24.0,3.3,74.0,0,0.0,1,0,0.637,Medium,1.0,0.9545454545454546,,synthetic
synth_emp_0195,2026-03-09,Engineering,Manager,Full-Time,43.2,12,6.7,3.3,3,3,0,2,0,6,0,0,1.0,18.0,1,0,37.5,2,8.0,22,6,0,9,2,3.9,1,38.2,3.8,95.6,0,0.0,2,0,0.392,Low,1.0,0.9545454545454546,,synthetic
synth_emp_0195,2026-03-16,Engineering,Manager,Full-Time,43.2,12,6.2,,2,3,0,1,0,6,0,0,2.0,15.0,1,0,33.5,2,23.4,7,0,1,5,5,8.4,0,43.3,2.9,52.9,0,0.0,0,0,0.164,Low,1.0,0.9318181818181818,,synthetic
synth_emp_0195,2026-03-23,Engineering,Manager,Full-Time,43.2,12,7.1,14.8,0,3,1,1,0,7,0,0,2.0,15.0,1,0,38.1,0,13.0,34,8,4,3,12,34.7,13,43.5,4.0,78.1,0,0.0,3,0,0.62,Medium,1.0,0.9545454545454546,,synthetic
synth_emp_0196,2026-01-05,Product,Junior,Full-Time,26.0,12,9.1,4.1,3,0,1,1,0,6,0,0,0.0,8.0,0,0,34.1,1,25.9,28,9,1,3,6,14.6,2,70.7,3.4,48.0,0,0.0,3,0,0.452,Medium,1.0,0.9545454545454546,,synthetic
synth_emp_0196,2026-01-12,Product,Junior,Full-Time,26.0,12,8.5,3.4,0,0,0,1,0,6,0,0,0.0,17.0,0,0,48.1,0,27.6,32,12,2,0,8,1.5,14,50.9,4.4,90.9,0,0.0,2,0,0.294,Low,1.0,0.9545454545454546,,synthetic
synth_emp_0196,2026-01-19,Product,Junior,Full-Time,26.0,12,8.1,6.3,0,0,1,1,0,5,0,0,1.0,10.0,1,0,34.5,1,1.4,2,0,0,8,0,,17,7.5,3.7,88.6,0,0.0,3,0,0.525,Medium,1.0,0.9318181818181818,,synthetic
synth_emp_0196,2026-01-26,Product,Junior,Full-Time,26.0,12,6.4,12.3,0,1,0,2,0,6,0,0,2.0,10.0,0,0,39.3,2,6.6,44,15,4,3,11,45.8,19,19.7,2.7,66.8,0,0.0,0,0,0.837,High,1.0,0.9545454545454546,,synthetic
synth_emp_0196,2026-02-02,Product,Junior,Full-Time,26.0,12,8.8,9.6,2,2,1,0,0,6,0,0,2.0,19.0,0,0,39.0,2,22.3,48,3,9,9,15,46.3,6,9.8,4.1,89.1,0,0.0,0,0,0.901,High,1.0,0.9545454545454546,,synthetic
synth_emp_0196,2026-02-09,Product,Junior,Full-Time,26.0,12,6.5,6.6,1,1,1,0,0,7,0,0,1.0,5.0,1,0,43.6,1,25.0,6,1,0,5,10,17.3,17,38.9,3.2,53.0,0,0.0,2,0,0.581,Medium,1.0,0.9545454545454546,,synthetic
synth_emp_0196,2026-02-16,Product,Junior,Full-Time,26.0,12,7.0,13.2,2,2,0,0,0,6,0,0,0.0,7.0,0,0,49.5,2,17.9,2,0,0,7,14,22.0,18,50.4,3.6,67.5,0,0.0,0,0,0.527,Medium,1.0,0.9545454545454546,,synthetic
synth_emp_0196,2026-02-23,Product,Junior,Full-Time,26.0,12,,10.7,1,3,0,1,0,4,0,0,2.0,20.0,0,0,44.3,2,14.6,42,16,5,10,6,39.6,17,68.3,3.9,88.8,0,0.0,3,0,0.77,High,1.0,0.9318181818181818,,synthetic
synth_emp_0196,2026-03-02,Product,Junior,Full-Time,26.0,12,8.9,3.5,1,3,0,1,0,4,0,0,2.0,11.0,0,0,42.2,2,4.5,44,4,0,6,0,,8,56.1,3.4,92.5,0,0.0,2,0,0.332,Low,1.0,0.9318181818181818,,synthetic
synth_emp_0196,2026-03-09,Product,Junior,Full-Time,26.0,12,9.5,12.6,3,3,1,2,0,4,0,0,1.0,15.0,1,0,39.6,0,0.2,9,3,1,2,10,1.6,17,71.6,4.2,53.5,0,0.0,1,0,0.592,Medium,1.0,0.9545454545454546,,synthetic
synth_emp_0196,2026-03-16,Product,Junior,Full-Time,26.0,12,9.5,,0,0,0,2,0,7,0,0,0.0,13.0,0,0,40.7,1,24.8,18,6,3,9,9,9.6,12,44.1,3.3,69.5,0,0.0,2,0,0.751,High,1.0,0.9318181818181818,,synthetic
synth_emp_0196,2026-03-23,Product,Junior,Full-Time,26.0,12,7.9,1.6,0,2,1,0,0,5,0,0,0.0,9.0,1,0,39.9,0,6.9,9,0,0,10,10,38.3,2,17.8,4.5,91.4,0,0.0,3,0,0.304,Low,1.0,0.9545454545454546,,synthetic
synth_emp_0197,2026-01-05,Sales,Junior,Full-Time,23.9,7,,4.2,1,1,0,0,0,5,0,0,2.0,9.0,1,0,35.3,2,17.8,9,2,0,3,11,16.0,1,45.6,4.5,40.0,0,0.0,2,0,0.112,Low,1.0,0.9318181818181818,,synthetic
synth_emp_0197,2026-01-12,Sales,Junior,Full-Time,23.9,7,9.2,,3,2,0,1,0,4,0,0,0.0,9.0,0,0,33.4,0,6.7,7,1,0,2,0,,18,27.5,2.2,47.6,0,0.0,1,0,0.543,Medium,1.0,0.9090909090909091,,synthetic
synth_emp_0197,2026-01-19,Sales,Junior,Full-Time,23.9,7,9.0,11.3,0,2,0,1,0,5,0,0,1.0,6.0,0,0,32.8,2,8.1,7,0,0,9,4,44.5,2,28.9,2.3,81.4,0,0.0,0,0,0.662,Medium,1.0,0.9545454545454546,,synthetic
synth_emp_0197,2026-01-26,Sales,Junior,Full-Time,23.9,7,9.4,10.2,0,2,0,2,0,6,0,0,0.0,14.0,0,0,42.5,2,14.0,5,0,0,9,9,48.0,17,62.7,3.5,54.5,0,0.0,0,0,0.737,High,1.0,0.9545454545454546,,synthetic
synth_emp_0197,2026-02-02,Sales,Junior,Full-Time,23.9,7,8.6,11.3,3,0,0,2,0,6,0,0,0.0,5.0,1,0,43.5,2,15.7,6,0,0,0,6,35.3,13,19.6,3.0,97.1,0,0.0,0,0,0.744,High,1.0,0.9545454545454546,,synthetic
synth_emp_0197,2026-02-09,Sales,Junior,Full-Time,23.9,7,8.5,2.6,1,3,0,1,0,5,0,0,0.0,15.0,1,0,37.0,2,21.9,31,2,4,9,4,31.3,3,63.5,3.3,96.8,0,0.0,0,0,0.45,Medium,1.0,0.9545454545454546,,synthetic
synth_emp_0197,2026-02-16,Sales,Junior,Full-Time,23.9,7,6.6,14.3,0,2,1,0,0,6,0,0,0.0,12.0,0,0,36.2,2,17.5,39,4,2,0,0,,14,48.4,2.0,73.4,0,0.0,3,0,0.329,Low,1.0,0.9318181818181818,,synthetic
synth_emp_0197,2026-02-23,Sales,Junior,Full-Time,23.9,7,9.4,8.6,2,2,0,1,0,4,0,0,0.0,17.0,0,0,38.6,1,23.6,3,0,0,8,4,39.4,8,23.7,2.2,59.2,0,0.0,3,0,0.542,Medium,1.0,0.9545454545454546,,synthetic
synth_emp_0197,2026-03-02,Sales,Junior,Full-Time,23.9,7,6.5,8.1,1,3,0,1,0,7,0,0,0.0,15.0,1,0,36.0,1,20.3,33,1,4,7,13,1.1,4,42.3,2.5,73.8,0,0.0,0,0,0.55,Medium,1.0,0.9545454545454546,,synthetic
synth_emp_0197,2026-03-09,Sales,Junior,Full-Time,23.9,7,7.0,15.0,3,3,0,0,0,4,0,0,0.0,10.0,0,0,40.1,2,4.6,14,1,0,10,6,1.5,11,29.4,3.0,71.4,0,0.0,1,0,0.491,Medium,1.0,0.9545454545454546,,synthetic
synth_emp_0197,2026-03-16,Sales,Junior,Full-Time,23.9,7,6.2,5.4,2,1,1,0,0,6,0,0,1.0,14.0,0,0,45.1,0,17.8,22,6,3,4,2,28.2,10,26.9,4.8,45.2,0,0.0,1,0,0.741,High,1.0,0.9545454545454546,,synthetic
synth_emp_0197,2026-03-23,Sales,Junior,Full-Time,23.9,7,,,2,1,0,2,0,5,0,0,0.0,15.0,1,0,49.8,1,4.7,28,9,3,9,9,44.6,13,53.6,2.0,56.7,0,0.0,2,0,0.575,Medium,1.0,0.9090909090909091,,synthetic
synth_emp_0198,2026-01-05,Design,Junior,Contractor,58.4,11,7.5,13.2,2,1,1,0,0,5,0,0,0.0,8.0,1,0,37.6,0,29.5,12,2,1,1,2,1.1,13,70.5,3.1,89.7,0,0.0,2,0,0.516,Medium,1.0,0.9545454545454546,,synthetic
synth_emp_0198,2026-01-12,Design,Junior,Contractor,58.4,11,9.6,3.3,0,0,1,1,0,6,0,0,0.0,19.0,1,0,46.7,1,21.5,3,1,0,9,6,10.1,9,61.3,2.8,63.4,0,0.0,3,0,0.474,Medium,1.0,0.9545454545454546,,synthetic
synth_emp_0198,2026-01-19,Design,Junior,Contractor,58.4,11,7.4,2.2,3,3,1,2,0,4,0,0,2.0,17.0,0,0,46.1,1,27.6,32,2,4,5,12,39.1,13,49.8,4.3,94.1,0,0.0,3,0,0.361,Low,1.0,0.9545454545454546,,synthetic
synth_emp_0198,2026-01-26,Design,Junior,Contractor,58.4,11,7.6,5.4,3,3,1,2,0,5,0,0,2.0,10.0,1,0,47.8,2,12.2,32,5,2,2,2,3.1,7,23.1,2.6,76.0,0,0.0,1,0,0.471,Medium,1.0,0.9545454545454546,,synthetic
synth_emp_0198,2026-02-02,Design,Junior,Contractor,58.4,11,7.3,2.8,0,3,0,0,0,5,0,0,1.0,6.0,0,0,31.1,1,28.5,33,2,3,6,9,21.6,15,28.2,4.1,62.1,0,0.0,2,0,0.439,Medium,1.0,0.9545454545454546,,synthetic
synth_emp_0198,2026-02-09,Design,Junior,Contractor,58.4,11,7.3,14.0,0,3,0,2,0,6,0,0,1.0,14.0,1,0,37.5,2,20.1,44,13,0,5,11,44.2,14,65.0,2.9,87.9,0,0.0,0,0,0.633,Medium,1.0,0.9545454545454546,,synthetic
synth_emp_0198,2026-02-16,Design,Junior,Contractor,58.4,11,7.5,9.9,1,0,1,0,0,7,0,0,1.0,15.0,1,0,38.4,0,30.0,18,0,2,0,12,9.0,12,65.8,4.3,42.7,0,0.0,3,0,0.45,Medium,1.0,0.9545454545454546,,synthetic
synth_emp_0198,2026-02-23,Design,Junior,Contractor,58.4,11,8.0,2.4,3,3,1,1,0,7,0,0,2.0,8.0,1,0,35.1,0,4.7,50,13,4,1,14,20.1,4,59.1,2.8,94.9,0,0.0,2,0,0.683,Medium,1.0,0.9545454545454546,,synthetic
synth_emp_0198,2026-03-02,Design,Junior,Contractor,58.4,11,7.4,4.0,1,3,0,1,0,4,0,0,0.0,15.0,1,0,40.3,0,28.9,16,3,0,3,13,13.4,6,37.9,4.3,69.5,0,0.0,0,0,0.315,Low,1.0,0.9545454545454546,,synthetic
synth_emp_0198,2026-03-09,Design,Junior,Contractor,58.4,11,7.0,5.9,0,2,0,2,0,5,0,0,2.0,17.0,0,0,37.9,1,20.7,26,10,0,4,6,39.7,19,39.9,3.8,65.0,0,0.0,0,0,0.644,Medium,1.0,0.9545454545454546,,synthetic
synth_emp_0198,2026-03-16,Design,Junior,Contractor,58.4,11,,0.2,0,2,0,1,0,6,0,0,0.0,17.0,0,0,37.9,2,19.3,34,11,4,10,11,25.6,3,15.3,2.0,52.1,0,0.0,2,0,0.464,Medium,1.0,0.9318181818181818,,synthetic
synth_emp_0198,2026-03-23,Design,Junior,Contractor,58.4,11,6.8,1.3,0,2,1,1,0,7,0,0,1.0,13.0,0,0,33.4,2,7.3,48,15,8,7,9,37.8,2,59.7,3.6,75.9,0,0.0,1,0,0.636,Medium,1.0,0.9545454545454546,,synthetic
synth_emp_0199,2026-01-05,Marketing,Manager,Full-Time,21.0,7,9.3,5.0,3,1,0,0,0,6,0,0,0.0,17.0,0,0,45.3,2,10.6,34,12,5,10,0,,14,46.4,2.5,57.7,0,0.0,3,0,0.703,High,1.0,0.9318181818181818,,synthetic
synth_emp_0199,2026-01-12,Marketing,Manager,Full-Time,21.0,7,7.7,,3,1,0,1,0,5,0,0,0.0,11.0,1,0,37.9,2,7.5,7,0,1,9,13,9.8,20,24.7,2.1,83.7,0,0.0,0,0,0.231,Low,1.0,0.9318181818181818,,synthetic
synth_emp_0199,2026-01-19,Marketing,Manager,Full-Time,21.0,7,7.3,,2,3,0,0,0,5,0,0,1.0,11.0,0,0,37.4,1,2.7,45,4,1,2,13,7.8,0,64.2,3.0,58.6,0,0.0,1,0,0.153,Low,1.0,0.9318181818181818,,synthetic
synth_emp_0199,2026-01-26,Marketing,Manager,Full-Time,21.0,7,6.9,0.0,3,0,0,1,0,6,0,0,1.0,14.0,1,0,47.6,0,26.7,32,2,3,10,4,37.9,1,34.4,3.9,82.1,0,0.0,3,0,0.449,Medium,1.0,0.9545454545454546,,synthetic
synth_emp_0199,2026-02-02,Marketing,Manager,Full-Time,21.0,7,,10.1,2,1,1,1,0,7,0,0,0.0,18.0,0,0,48.8,1,26.4,24,0,2,10,14,15.0,13,15.7,3.2,64.5,0,0.0,0,0,0.368,Low,1.0,0.9318181818181818,,synthetic
synth_emp_0199,2026-02-09,Marketing,Manager,Full-Time,21.0,7,,1.2,3,3,0,1,0,6,0,0,1.0,12.0,0,0,40.8,1,17.8,15,4,0,0,5,9.5,6,25.3,2.6,84.8,0,0.0,1,0,0.168,Low,1.0,0.9318181818181818,,synthetic
synth_emp_0199,2026-02-16,Marketing,Manager,Full-Time,21.0,7,,10.8,2,0,0,2,0,7,0,0,2.0,12.0,0,0,31.5,0,26.3,21,6,3,3,8,7.0,20,27.8,3.7,71.7,0,0.0,1,0,0.868,High,1.0,0.9318181818181818,,synthetic
synth_emp_0199,2026-02-23,Marketing,Manager,Full-Time,21.0,7,9.2,4.0,1,1,0,0,0,7,0,0,0.0,20.0,0,0,34.8,2,28.7,24,8,4,7,13,44.8,9,61.2,4.5,56.1,0,0.0,2,0,0.72,High,1.0,0.9545454545454546,,synthetic
synth_emp_0199,2026-03-02,Marketing,Manager,Full-Time,21.0,7,,2.5,1,2,1,2,0,6,0,0,0.0,8.0,0,0,41.6,0,25.7,43,7,2,0,10,37.6,11,56.1,4.1,67.3,0,0.0,2,0,0.326,Low,1.0,0.9318181818181818,,synthetic
synth_emp_0199,2026-03-09,Marketing,Manager,Full-Time,21.0,7,8.4,13.2,3,2,0,2,0,5,0,0,2.0,16.0,1,0,39.0,1,23.5,33,10,2,0,1,43.7,8,13.9,2.1,70.9,0,0.0,3,0,0.459,Medium,1.0,0.9545454545454546,,synthetic
synth_emp_0199,2026-03-16,Marketing,Manager,Full-Time,21.0,7,7.3,12.8,0,2,0,1,0,5,0,0,1.0,19.0,0,0,48.7,2,11.6,40,9,7,8,6,32.9,1,19.3,4.4,96.0,0,0.0,3,0,0.665,Medium,1.0,0.9545454545454546,,synthetic
synth_emp_0199,2026-03-23,Marketing,Manager,Full-Time,21.0,7,9.2,5.2,2,1,1,2,0,4,0,0,1.0,5.0,1,0,35.2,2,5.2,43,13,2,10,11,37.9,16,41.7,2.3,82.7,0,0.0,2,0,0.826,High,1.0,0.9545454545454546,,synthetic
